{"authorDailyContributionsMap":{"wenruu":[{"date":"2025-04-07T00:00:00","commitResults":[{"hash":"60ceb96f9dfe43a259cacc8024d6bbd6786c267f","isMergeCommit":false,"messageTitle":"Update AboutUs.md","messageBody":"","fileTypesAndContributionMap":{"docs":{"insertions":1,"deletions":0}}},{"hash":"d3def9413fbf45b6f13218b8a78758a2710c7a38","isMergeCommit":false,"messageTitle":"Update UserGuide.md","messageBody":"","fileTypesAndContributionMap":{"docs":{"insertions":4,"deletions":0}}},{"hash":"245fe2e5f1658766f7d0de8ca101d83a990ce8aa","isMergeCommit":false,"messageTitle":"Update UserGuide.md","messageBody":"","fileTypesAndContributionMap":{"docs":{"insertions":11,"deletions":8}}},{"hash":"73918963c3e88f440555da260928932775aa3ef0","isMergeCommit":false,"messageTitle":"Update UserGuide.md","messageBody":"","fileTypesAndContributionMap":{"docs":{"insertions":23,"deletions":3}}},{"hash":"5c4fb2735ba63f2a24e4a894b02e5e4318189c0b","isMergeCommit":false,"messageTitle":"Update UserGuide.md","messageBody":"","fileTypesAndContributionMap":{"docs":{"insertions":5,"deletions":0}}},{"hash":"bd8bab55da7549d6cd51e897994f6a648cce53d5","isMergeCommit":false,"messageTitle":"Update UserGuide.md","messageBody":"","fileTypesAndContributionMap":{"docs":{"insertions":7,"deletions":1}}},{"hash":"3c1bf4f0299a3330ae49439e907e94af051b36ec","isMergeCommit":false,"messageTitle":"Update UserGuide.md","messageBody":"","fileTypesAndContributionMap":{"docs":{"insertions":6,"deletions":4}}},{"hash":"edc84a7f00ad6e2887dfc4b2885923a4f5c56bb6","isMergeCommit":false,"messageTitle":"Update UserGuide.md","messageBody":"","fileTypesAndContributionMap":{"docs":{"insertions":1,"deletions":1}}},{"hash":"ef672830b77b2a874b082802108e571e545b57ec","isMergeCommit":false,"messageTitle":"Update UserGuide.md","messageBody":"","fileTypesAndContributionMap":{"docs":{"insertions":1,"deletions":1}}},{"hash":"84588a676be9193fc468e2372614aa6de99536c1","isMergeCommit":false,"messageTitle":"Update UserGuide.md","messageBody":"","fileTypesAndContributionMap":{"docs":{"insertions":1,"deletions":1}}},{"hash":"e131e422795fbcb3512ea003b46c726ce112c202","isMergeCommit":false,"messageTitle":"Update UserGuide.md","messageBody":"","fileTypesAndContributionMap":{"docs":{"insertions":1,"deletions":1}}},{"hash":"2c17853c8fa067d5a63209cde5de00fc8928bb82","isMergeCommit":false,"messageTitle":"Update UserGuide.md","messageBody":"","fileTypesAndContributionMap":{"docs":{"insertions":1,"deletions":1}}},{"hash":"dfd6597fb0e94b62004338360bf393daf1213394","isMergeCommit":false,"messageTitle":"Update UserGuide.md","messageBody":"","fileTypesAndContributionMap":{"docs":{"insertions":2,"deletions":0}}},{"hash":"1b17c6465ffb0b2e588b912af1aa0cdc51e06c31","isMergeCommit":false,"messageTitle":"Update UserGuide.md","messageBody":"","fileTypesAndContributionMap":{"docs":{"insertions":1,"deletions":1}}},{"hash":"d165f63cf6829622ab7364b891c4b54cdc027c61","isMergeCommit":false,"messageTitle":"Update UserGuide.md","messageBody":"","fileTypesAndContributionMap":{"docs":{"insertions":1,"deletions":2}}},{"hash":"2e6f0e4ade8a810524b09345aae25fd321b6fdda","isMergeCommit":false,"messageTitle":"Update UserGuide.md","messageBody":"","fileTypesAndContributionMap":{"docs":{"insertions":1,"deletions":1}}},{"hash":"fad58862787f8eb623856d37501a4d26d5fc0c6b","isMergeCommit":false,"messageTitle":"Update UserGuide.md","messageBody":"","fileTypesAndContributionMap":{"docs":{"insertions":1,"deletions":1}}},{"hash":"856c5e4837d6623ad3c8260d074c089f1abc5159","isMergeCommit":false,"messageTitle":"Update UserGuide.md","messageBody":"","fileTypesAndContributionMap":{"docs":{"insertions":1,"deletions":1}}}]}],"alexandtheoh":[{"date":"2025-04-07T00:00:00","commitResults":[{"hash":"23f07f7edf3299c4f53c737830ac7fe1415c2c74","isMergeCommit":false,"messageTitle":"Fix bug for sort command","messageBody":"","fileTypesAndContributionMap":{"functional-code":{"insertions":6,"deletions":3}}},{"hash":"8aae8ef3023eafe05453bac479694ffb1b6a45a5","isMergeCommit":true,"messageTitle":"Merge pull request #209 from alexandtheoh/master","messageBody":"Fix bug for sort command","fileTypesAndContributionMap":{}},{"hash":"bb648bffd13b17eac4bb577ada124aea2c421fa5","isMergeCommit":false,"messageTitle":"Fix bug with sort","messageBody":"","fileTypesAndContributionMap":{"functional-code":{"insertions":2,"deletions":1}}},{"hash":"24433f8a217e112f026fa907bfe56b9d252f5575","isMergeCommit":false,"messageTitle":"Bug fix clear filter result","messageBody":"","fileTypesAndContributionMap":{"functional-code":{"insertions":1,"deletions":54}}},{"hash":"da53ba84cb887b62595e75e5943d160b955f915d","isMergeCommit":false,"messageTitle":"Fix bug","messageBody":"","fileTypesAndContributionMap":{"functional-code":{"insertions":2,"deletions":0}}},{"hash":"06e2ad365a771c5d6b93663612a520fc2145a6e0","isMergeCommit":true,"messageTitle":"Merge pull request #210 from alexandtheoh/master","messageBody":"Bug Fix","fileTypesAndContributionMap":{}}]}],"angjozee":[],"nanditaselvaraju":[],"zechary28":[{"date":"2025-04-05T00:00:00","commitResults":[{"hash":"37d7e6babaa8d635bdadbf786025a091054a1302","isMergeCommit":false,"messageTitle":"Format output for filter loan","messageBody":"","fileTypesAndContributionMap":{"functional-code":{"insertions":17,"deletions":4}}},{"hash":"70588376b965c1ec1c87f9555e9cf07cf4b2d31d","isMergeCommit":false,"messageTitle":"Reduce changed lines","messageBody":"","fileTypesAndContributionMap":{"functional-code":{"insertions":6,"deletions":7}}},{"hash":"43ae398c542d2688b9acb25b12e4c371d56a88f0","isMergeCommit":false,"messageTitle":"Tweak filter output","messageBody":"","fileTypesAndContributionMap":{"functional-code":{"insertions":4,"deletions":4}}},{"hash":"a8db131e077bc14ccb02e44f7cb87ca6c5861f51","isMergeCommit":false,"messageTitle":"Reduce lines changed","messageBody":"","fileTypesAndContributionMap":{"functional-code":{"insertions":9,"deletions":14}}},{"hash":"d5fddddac6f1f5d7d68c6ca038f6f4990721cae5","isMergeCommit":false,"messageTitle":"Fix checkstyle","messageBody":"","fileTypesAndContributionMap":{"functional-code":{"insertions":7,"deletions":7}}}]},{"date":"2025-04-06T00:00:00","commitResults":[{"hash":"6b7ec6047a74d74e323b994bdf18a97af7084fcb","isMergeCommit":true,"messageTitle":"Format output for filter commands","messageBody":"","fileTypesAndContributionMap":{}}]}]},"authorFileTypeContributionMap":{"wenruu":{"docs":57,"functional-code":0,"test-code":0},"alexandtheoh":{"docs":0,"functional-code":10,"test-code":0},"angjozee":{"docs":0,"functional-code":0,"test-code":0},"nanditaselvaraju":{"docs":0,"functional-code":0,"test-code":0},"zechary28":{"docs":0,"functional-code":10,"test-code":0}},"authorContributionVariance":{"wenruu":2048.0,"alexandtheoh":1058.0,"angjozee":0.0,"nanditaselvaraju":0.0,"zechary28":1386.8888},"authorDisplayNameMap":{"wenruu":"CS2103T-T14-2 ZHAO..NRUI","alexandtheoh":"CS2103T-T14-2 OH Z..NDER","angjozee":"CS2103T-T14-2 ANG .. ZEE","nanditaselvaraju":"CS2103T-T14-2 SELV..DITA","zechary28":"CS2103T-T14-2 CHUA..HARY"}}
