{"authorDailyContributionsMap":{"LeeJiaWei23":[{"date":"2025-04-06","commitResults":[{"hash":"50159a0035d6d7a213acd53a53d6e73ea7c186a9","isMergeCommit":false,"messageTitle":"Add more planned enhancements","messageBody":"","fileTypesAndContributionMap":{"docs":{"insertions":16,"deletions":4}}},{"hash":"08ddfa053c555617fa66c4d0739ec6b071226866","isMergeCommit":false,"messageTitle":"Shift group commands example and format UG","messageBody":"","fileTypesAndContributionMap":{"docs":{"insertions":40,"deletions":59}}},{"hash":"9c687dcd0976be8c3a181b05805d9d49cded0a97","isMergeCommit":true,"messageTitle":"Merge branch \u0027master\u0027 into branch-addEnhancement","messageBody":"","fileTypesAndContributionMap":{}},{"hash":"e51e46d4572675123743134246acb3ef6a07afaf","isMergeCommit":false,"messageTitle":"Add auto scrolling to contact for add, view, edit command","messageBody":"","fileTypesAndContributionMap":{"functional-code":{"insertions":9,"deletions":0}}},{"hash":"a92ac7a585dca05a78d7c40f6d2bcf0047e2255e","isMergeCommit":false,"messageTitle":"Add vertical scrollbar and minWidth","messageBody":"","fileTypesAndContributionMap":{"functional-code":{"insertions":41,"deletions":35}}}]},{"date":"2025-04-07","commitResults":[{"hash":"6d8dde5699f72d6d6dbbac831c970bc91d7575d3","isMergeCommit":false,"messageTitle":"Add to instructions for manual testing","messageBody":"","fileTypesAndContributionMap":{"docs":{"insertions":41,"deletions":2}}},{"hash":"4487c160460ce01ca41d79880928a050802ccde2","isMergeCommit":false,"messageTitle":"Remove extra line","messageBody":"","fileTypesAndContributionMap":{"docs":{"insertions":0,"deletions":1}}},{"hash":"d41340f1438c58e5ef4d1e56919db1064f4fe754","isMergeCommit":false,"messageTitle":"Add missing statement","messageBody":"","fileTypesAndContributionMap":{"docs":{"insertions":2,"deletions":0}}},{"hash":"17098f217b60f95ac476a4b01b00fe1bce162242","isMergeCommit":true,"messageTitle":"Merge branch \u0027master\u0027 into branch-updateDG2","messageBody":"","fileTypesAndContributionMap":{}},{"hash":"4d6e3c17ccfe6665494e107ef3074a1f26cf7a87","isMergeCommit":true,"messageTitle":"Merge pull request #373 from LeeJiaWei23/branch-updateDG2","messageBody":"Update DG","fileTypesAndContributionMap":{}}]}],"Hackari":[{"date":"2025-04-05","commitResults":[{"hash":"0d28d943d8b8d6bb557e2fcf2594cf8587de00b3","isMergeCommit":false,"messageTitle":"Clarify error messages, modify phone and name regex","messageBody":"","fileTypesAndContributionMap":{"functional-code":{"insertions":12,"deletions":10},"test-code":{"insertions":24,"deletions":5}}},{"hash":"e2449e9f233a937d5248a10c5c72553682195e6c","isMergeCommit":false,"messageTitle":"Add test cases for new possible names","messageBody":"","fileTypesAndContributionMap":{"test-code":{"insertions":9,"deletions":2}}},{"hash":"83b8456ec3e96c473f3f85d6299f6a06dfe7c45f","isMergeCommit":false,"messageTitle":"Update inconsistency in phone test case","messageBody":"","fileTypesAndContributionMap":{"test-code":{"insertions":6,"deletions":6}}},{"hash":"e4d8faeb5ec649035b1797b6adb3ea36c54b7ce5","isMergeCommit":false,"messageTitle":"Update UG based on comments from PE-D","messageBody":"","fileTypesAndContributionMap":{"docs":{"insertions":58,"deletions":41}}},{"hash":"c18b92c62f53b7ba255dd053361b612abfe64656","isMergeCommit":true,"messageTitle":"Merge pull request #362 from Hackari/branch-updateErrorMessages","messageBody":"Branch update error messages","fileTypesAndContributionMap":{}},{"hash":"01095c02b2fddf5976eeb2dd45cc374a8a4e48fe","isMergeCommit":true,"messageTitle":"Merge pull request #363 from Hackari/branch-updateUserGuideFromComments","messageBody":"Update UG based on comments from PE-D","fileTypesAndContributionMap":{}},{"hash":"8b80b805bceb29d659255c890f0803491fd65a5b","isMergeCommit":false,"messageTitle":"Update guides based on comments from practical dry run","messageBody":"","fileTypesAndContributionMap":{"docs":{"insertions":258,"deletions":69}}}]},{"date":"2025-04-06","commitResults":[{"hash":"8a91bdfd9aaa4f9f12e2433ba9cb1eb429a3dfa8","isMergeCommit":true,"messageTitle":"Merge pull request #370 from javentankangle/branch-fixBugs","messageBody":"Branch fix bugs","fileTypesAndContributionMap":{}}]},{"date":"2025-04-07","commitResults":[{"hash":"decc1de62f2f8b36214e241222c48b5cc738584d","isMergeCommit":true,"messageTitle":"Merge pull request #371 from yjunyeu/branch-updateUgv1.6","messageBody":"Fix ped bugs","fileTypesAndContributionMap":{}}]}],"yjunyeu":[{"date":"2025-04-06","commitResults":[{"hash":"a9eecb5acaaf7fb017d5e77a95c69a56891e4dfd","isMergeCommit":false,"messageTitle":"Add telegram and phone checks","messageBody":"","fileTypesAndContributionMap":{"functional-code":{"insertions":4,"deletions":2}}},{"hash":"f71e25fe8cc9e21cff4b11e419f4e0f05614fb02","isMergeCommit":false,"messageTitle":"Debug edit duplicate","messageBody":"","fileTypesAndContributionMap":{"functional-code":{"insertions":3,"deletions":1}}},{"hash":"509124c4e360beab0c6a84d6d1568903f8711bf9","isMergeCommit":false,"messageTitle":"Add duplicate logic and test","messageBody":"","fileTypesAndContributionMap":{"functional-code":{"insertions":32,"deletions":3},"test-code":{"insertions":32,"deletions":11}}},{"hash":"ac57f3a6805e6b9398014380036f6bcd654a1b47","isMergeCommit":false,"messageTitle":"Add exception for null phone","messageBody":"","fileTypesAndContributionMap":{"functional-code":{"insertions":13,"deletions":4}}},{"hash":"0e0fe7d5243c29dd9d1c068a1486a7af59abf4b6","isMergeCommit":false,"messageTitle":"Improve test cov","messageBody":"","fileTypesAndContributionMap":{"test-code":{"insertions":29,"deletions":5}}},{"hash":"ec07b733d79a05273417dff91a3cba5c6437a8a7","isMergeCommit":true,"messageTitle":"Merge pull request #364 from Hackari/branch-updateDevGuideFromComments","messageBody":"Update guides based on comments from practical dry run","fileTypesAndContributionMap":{}},{"hash":"9d8e8c70343260b091d309fef01a90a85b54b6b8","isMergeCommit":false,"messageTitle":"Remove lines","messageBody":"","fileTypesAndContributionMap":{"functional-code":{"insertions":1,"deletions":4}}},{"hash":"c1cf690dd75f83c5d72ced7254ca69bdaa82ae23","isMergeCommit":false,"messageTitle":"Remove awkward title","messageBody":"","fileTypesAndContributionMap":{"docs":{"insertions":1,"deletions":2}}},{"hash":"636c7cc2bf6fea201ab9cc3be0e97081434d7b5c","isMergeCommit":true,"messageTitle":"Merge pull request #365 from yjunyeu/branch-duplicatePersons","messageBody":"Duplicate persons have same name or phone or telegram","fileTypesAndContributionMap":{}},{"hash":"bd7c21b6274c365b9fca6a446c6777716b31deb1","isMergeCommit":true,"messageTitle":"Merge pull request #366 from LeeJiaWei23/branch-addEnhancement","messageBody":"Add  planned enhancement","fileTypesAndContributionMap":{}},{"hash":"ffd8221be1fb2dd929245160f5e18b8af3a7e153","isMergeCommit":false,"messageTitle":"Fix big group bullet","messageBody":"","fileTypesAndContributionMap":{"docs":{"insertions":1,"deletions":0}}},{"hash":"5ac5eef1c3eecdeb54691a415207bcf2842a9f94","isMergeCommit":false,"messageTitle":"Fix ped bugs","messageBody":"","fileTypesAndContributionMap":{"docs":{"insertions":22,"deletions":9}}},{"hash":"2fe0d7e41d68b47e5cd41dc68e4b0b3570e734d2","isMergeCommit":false,"messageTitle":"Address partial find","messageBody":"","fileTypesAndContributionMap":{"docs":{"insertions":4,"deletions":0}}}]}],"javentankangle":[{"date":"2025-04-06","commitResults":[{"hash":"50ffec8309ef2338b913bcb4874ea85856847b8f","isMergeCommit":false,"messageTitle":"Fix export function disallowing empty file name","messageBody":"","fileTypesAndContributionMap":{"functional-code":{"insertions":1,"deletions":1}}},{"hash":"a64138e905a8c2c09c99aa077b48e84003f9a918","isMergeCommit":false,"messageTitle":"Catch invalidfilepath in import and fix testcases accordingly","messageBody":"","fileTypesAndContributionMap":{"functional-code":{"insertions":14,"deletions":10},"test-code":{"insertions":19,"deletions":32}}},{"hash":"2e220377cc6a5950bdc8497ff97f68880fca105e","isMergeCommit":false,"messageTitle":"Update UG disallowing .txt files for import","messageBody":"","fileTypesAndContributionMap":{"docs":{"insertions":3,"deletions":2}}},{"hash":"255da19245e1ad1a37a4fb84b9f66121d1d5ae74","isMergeCommit":false,"messageTitle":"Fix multiplicity for \"model\" class diagram and \"better model class\" diagram","messageBody":"","fileTypesAndContributionMap":{"docs":{"insertions":4,"deletions":4}}},{"hash":"53ff75fddcf2b2909677fa57ecb8be9df8266060","isMergeCommit":true,"messageTitle":"Merge pull request #367 from yjunyeu/branch-ugFormatting","messageBody":"Remove awkward title","fileTypesAndContributionMap":{}},{"hash":"e06c7bbb5a29d446eb53d504e44c187c8fd67195","isMergeCommit":true,"messageTitle":"Merge pull request #368 from yjunyeu/branch-dgFormatting","messageBody":"Fix big group bullet","fileTypesAndContributionMap":{}},{"hash":"ce807187473830eb5459586efaaff2373132fe1c","isMergeCommit":true,"messageTitle":"Merge pull request #369 from LeeJiaWei23/branch-fixUiBug","messageBody":"Fix UI bug","fileTypesAndContributionMap":{}}]}],"feconi1024":[]},"authorFileTypeContributionMap":{"LeeJiaWei23":{"docs":82,"functional-code":32,"test-code":0},"Hackari":{"docs":281,"functional-code":12,"test-code":32},"yjunyeu":{"docs":24,"functional-code":42,"test-code":54},"javentankangle":{"docs":7,"functional-code":15,"test-code":19},"feconi1024":{"docs":0,"functional-code":0,"test-code":0}},"authorContributionVariance":{"LeeJiaWei23":7632.8887,"Hackari":55555.55,"yjunyeu":7442.0,"javentankangle":1800.0,"feconi1024":0.0},"authorDisplayNameMap":{"LeeJiaWei23":"CS2103T-T16-1 LEE .. WEI","Hackari":"CS2103T-T16-1 SIM ..RYAN","yjunyeu":"CS2103T-T16-1 YAP .. YEU","javentankangle":"CS2103T-T16-1 JAVE..G LE","feconi1024":"CS2103T-T16-1 HE H..ORUI"}}
