{"authorDailyContributionsMap":{"Jensen188":[{"date":"2025-04-06","commitResults":[{"hash":"28d4a7b7381364b4f687014e9b3a8df1217c81dd","isMergeCommit":true,"messageTitle":"Merge pull request #204 from SanShaoQian/debugging-PE-D","messageBody":"Update UG and DG","fileTypesAndContributionMap":{}},{"hash":"428af8dd3e62e4b67f47ec5f65c06df5d324fb4b","isMergeCommit":false,"messageTitle":"Improve UserGuide.md","messageBody":"","fileTypesAndContributionMap":{"docs":{"insertions":13,"deletions":14}}},{"hash":"f267bb6b48a1ac75425a6daf8f5ccdd7ca2c45af","isMergeCommit":false,"messageTitle":"Fix sample data and UserGuide.md","messageBody":"","fileTypesAndContributionMap":{"functional-code":{"insertions":4,"deletions":4},"docs":{"insertions":1,"deletions":1}}}]}],"SanShaoQian":[{"date":"2025-04-05","commitResults":[{"hash":"4d6de0b1d8075a56d4dad725f17607ad6b9e08be","isMergeCommit":true,"messageTitle":"Merge pull request #203 from Clifong/updated-add-abit","messageBody":"Update add","fileTypesAndContributionMap":{}}]},{"date":"2025-04-06","commitResults":[{"hash":"cfebcbfda9ad0e5bfecb9919402056f3a19434d0","isMergeCommit":false,"messageTitle":"Update UG and DG","messageBody":"Edit code, UG and DG to fix bugs from PE-dry run\n- update UI after savePreference\n- prevent addition of repetitive tags\n","fileTypesAndContributionMap":{"functional-code":{"insertions":10,"deletions":3},"docs":{"insertions":44,"deletions":51}}},{"hash":"f722d732ee94a80d1c300091db193fac02c2d58e","isMergeCommit":false,"messageTitle":"Fix code style","messageBody":"","fileTypesAndContributionMap":{"functional-code":{"insertions":3,"deletions":0},"docs":{"insertions":2,"deletions":1}}},{"hash":"4370a8b3796bb89dbe9498bcea085b8369730d76","isMergeCommit":false,"messageTitle":"Fix codestyle","messageBody":"","fileTypesAndContributionMap":{"docs":{"insertions":0,"deletions":1}}},{"hash":"89f5900c498c86ad0cb8d2bf56daecf16ac0bfa6","isMergeCommit":false,"messageTitle":"Add test code","messageBody":"","fileTypesAndContributionMap":{"test-code":{"insertions":9,"deletions":0}}},{"hash":"b64648cdbe69eea3ab800e485cd0133fbd372a03","isMergeCommit":true,"messageTitle":"Merge pull request #206 from sivaramjeychand/Debugging-PE-D","messageBody":"Debug PE-D","fileTypesAndContributionMap":{}},{"hash":"b2a6ba0b775483cc334e73e6a1ca0c38787da8e6","isMergeCommit":true,"messageTitle":"Merge pull request #207 from Jensen188/fix-PE-D","messageBody":"Fix UserGuide.md and sample data","fileTypesAndContributionMap":{}}]}],"ziliangstanley":[{"date":"2025-04-06","commitResults":[{"hash":"e1e54226809d424b7fbd52ce6b1674837b021411","isMergeCommit":false,"messageTitle":"Normalise preferences for add command","messageBody":"","fileTypesAndContributionMap":{"functional-code":{"insertions":1,"deletions":1}}},{"hash":"38fce2adc5be969a3042a1fd9b6176b398bd15bc","isMergeCommit":false,"messageTitle":"Update documentation","messageBody":"","fileTypesAndContributionMap":{"docs":{"insertions":109,"deletions":37}}}]}],"Clifong":[{"date":"2025-04-05","commitResults":[{"hash":"02d4baaddfc3f746a8c0ff7fc140848fd6965a4a","isMergeCommit":false,"messageTitle":"Update add","messageBody":"Updated add command to be slightly more relaxed.\nUpdated the user guide too\n","fileTypesAndContributionMap":{"functional-code":{"insertions":1,"deletions":4},"docs":{"insertions":4,"deletions":0}}}]}],"sivaramjeychand":[{"date":"2025-04-06","commitResults":[{"hash":"992247e99d951b83548d6f953e148cbb81b197d5","isMergeCommit":true,"messageTitle":"Merge pull request #205 from ziliangstanley/debug-add-command","messageBody":"Debug add command and update documentation","fileTypesAndContributionMap":{}},{"hash":"58789cb9baee5f7a2cdb61ef695d4b8261960d49","isMergeCommit":false,"messageTitle":"Debug PE-D Some UG changes and fix bug in savePreference Command.","messageBody":"","fileTypesAndContributionMap":{"functional-code":{"insertions":24,"deletions":6},"other":{"insertions":2,"deletions":2}}},{"hash":"c3feb27b417e4ffcd09adb35e899f535577ddbeb","isMergeCommit":false,"messageTitle":"Bug fix","messageBody":"","fileTypesAndContributionMap":{"functional-code":{"insertions":0,"deletions":6}}},{"hash":"f335d6a851eb632edb9855981cc82bee76d3d501","isMergeCommit":false,"messageTitle":"Minor fix","messageBody":"","fileTypesAndContributionMap":{"functional-code":{"insertions":0,"deletions":2}}},{"hash":"73ceff2a7fffe3ab2fc29249e750b31306c71e80","isMergeCommit":false,"messageTitle":"Fix UG Bugs","messageBody":"","fileTypesAndContributionMap":{"docs":{"insertions":3,"deletions":2}}},{"hash":"ff143e20909f644e9da0d954983d1ae976365d4b","isMergeCommit":true,"messageTitle":"Merge branch \u0027master\u0027 into Debugging-PE-D","messageBody":"","fileTypesAndContributionMap":{}}]}]},"authorFileTypeContributionMap":{"Jensen188":{"docs":13,"functional-code":4,"test-code":0},"SanShaoQian":{"docs":24,"functional-code":11,"test-code":9},"ziliangstanley":{"docs":99,"functional-code":1,"test-code":0},"Clifong":{"docs":1,"functional-code":1,"test-code":0},"sivaramjeychand":{"docs":2,"functional-code":17,"test-code":0,"other":2}},"authorContributionVariance":{"Jensen188":342.25,"SanShaoQian":3844.0,"ziliangstanley":5476.0,"Clifong":20.25,"sivaramjeychand":552.25},"authorDisplayNameMap":{"Jensen188":"CS2103T-T08-1 TEO ..NSEN","SanShaoQian":"CS2103T-T08-1 SAN ..QIAN","ziliangstanley":"CS2103T-T08-1 BEH ..NLEY","Clifong":"CS2103T-T08-1 ONG ..CLIF","sivaramjeychand":"CS2103T-T08-1 SARA..HAND"}}
