{"authorDailyContributionsMap":{"LonelyFort":[],"darrenchooji":[{"date":"2025-04-06T00:00:00","commitResults":[{"hash":"27fe0289bd682034c4b5dcb7f3ab120fe05b0501","isMergeCommit":false,"messageTitle":"Update UserGuide.md","messageBody":"Added fav command to the command summary. Addressed grammatical issues. Refurbished prefix table and prefix matching details. Addressed misleading format for add command in prefix table.\n","fileTypesAndContributionMap":{"docs":{"insertions":35,"deletions":37}}}]},{"date":"2025-04-07T00:00:00","commitResults":[{"hash":"81004d76cfc1df50e9dcfafe64911d12eeb98e7a","isMergeCommit":false,"messageTitle":"Update DeveloperGuide.md","messageBody":"","fileTypesAndContributionMap":{"docs":{"insertions":2,"deletions":1}}},{"hash":"5bdf842a044886a9cf6efb548660180ecdd0d748","isMergeCommit":false,"messageTitle":"Update DeveloperGuide.md","messageBody":"","fileTypesAndContributionMap":{"docs":{"insertions":1,"deletions":0}}},{"hash":"4ffd50d9e8cb4865d1add1076c0fcbb84648c7cd","isMergeCommit":true,"messageTitle":"Merge pull request #244 from wallacepck/fix-docs","messageBody":"Change DG UML, proposals, and improve UG","fileTypesAndContributionMap":{}},{"hash":"a5f6db2eff7b6c38aedd764723ba3f4ba0c4f94a","isMergeCommit":true,"messageTitle":"Merge branch \u0027AY2425S2-CS2103T-T17-4:master\u0027 into branch-1.6-UGDG","messageBody":"","fileTypesAndContributionMap":{}},{"hash":"ec0d73319e1922d40e7a2563455a5265e3159e20","isMergeCommit":true,"messageTitle":"Merge remote-tracking branch \u0027origin/branch-1.6-UGDG\u0027 into branch-1.6-UGDG","messageBody":"","fileTypesAndContributionMap":{}},{"hash":"6b8d6ff54e3b6efe529af4d34e01fb7735a8b481","isMergeCommit":false,"messageTitle":"Update UserGuide and DeveloperGuide","messageBody":"","fileTypesAndContributionMap":{"docs":{"insertions":214,"deletions":61}}}]}],"SAN-MUYUN":[{"date":"2025-04-07T00:00:00","commitResults":[{"hash":"cc997ec6798a8b2cb4c102b43c72820b25677364","isMergeCommit":true,"messageTitle":"Merge pull request #248 from darrenchooji/branch-1.6-UGDG","messageBody":"Update UserGuide.md","fileTypesAndContributionMap":{}},{"hash":"9fec8d5b42c19a8e0d4b8ad74e5d48380b65eb30","isMergeCommit":true,"messageTitle":"Merge pull request #250 from darrenchooji/branch-1.6-UGDG","messageBody":"Updated UserGuide and DeveloperGuide","fileTypesAndContributionMap":{}}]}],"TeaMakesMePee":[],"wallacepck":[{"date":"2025-04-05T00:00:00","commitResults":[{"hash":"c548bad507e6ada3e1e14526d08674615c8ef087","isMergeCommit":false,"messageTitle":"Update model, parser, logic uml; Update readme links","messageBody":"","fileTypesAndContributionMap":{"docs":{"insertions":29,"deletions":20}}}]},{"date":"2025-04-06T00:00:00","commitResults":[{"hash":"1fd6203a6d44d380df9ab8e12ed6388ebb807c0d","isMergeCommit":false,"messageTitle":"Remove devguide proposal for undo/redo","messageBody":"","fileTypesAndContributionMap":{"docs":{"insertions":0,"deletions":82}}},{"hash":"01dbf8a084d51c2784b08f3a36a4a46c145858f9","isMergeCommit":false,"messageTitle":"Reword cmd nav guide, Add note for module page","messageBody":"","fileTypesAndContributionMap":{"docs":{"insertions":10,"deletions":2}}}]}]},"authorFileTypeContributionMap":{"LonelyFort":{"docs":0,"functional-code":0,"test-code":0},"darrenchooji":{"docs":148,"functional-code":0,"test-code":0},"SAN-MUYUN":{"docs":0,"functional-code":0,"test-code":0},"TeaMakesMePee":{"docs":0,"functional-code":0,"test-code":0},"wallacepck":{"docs":38,"functional-code":0,"test-code":0}},"authorContributionVariance":{"LonelyFort":0.0,"darrenchooji":13986.0,"SAN-MUYUN":0.0,"TeaMakesMePee":0.0,"wallacepck":1473.5555},"authorDisplayNameMap":{"LonelyFort":"CS2103T-T17-4 LIU ..-WEI","darrenchooji":"CS2103T-T17-4 CHOO..RREN","SAN-MUYUN":"CS2103T-T17-4 SAN ..UYUN","TeaMakesMePee":"CS2103T-T17-4 MOHA..DEEN","wallacepck":"CS2103T-T17-4 WALL.. YEE"}}
