{"authorDailyContributionsMap":{"Mil-leon":[{"date":"2025-04-06T00:00:00","commitResults":[{"hash":"60c384090627f46276beeecb23828c62ddea2f55","isMergeCommit":false,"messageTitle":"Add ignore case for the add order command","messageBody":"","fileTypesAndContributionMap":{"functional-code":{"insertions":2,"deletions":2}}},{"hash":"564fa7ab2e5f538335232b6f55b7d65ed99230b0","isMergeCommit":false,"messageTitle":"Fix the grammar issues during error messages","messageBody":"","fileTypesAndContributionMap":{"functional-code":{"insertions":3,"deletions":3}}},{"hash":"c48240717945892253a957f58ff10e5cec085dd2","isMergeCommit":false,"messageTitle":"Fix pastry formatting issue","messageBody":"","fileTypesAndContributionMap":{"functional-code":{"insertions":1,"deletions":1}}}]}],"cyhni":[],"mihirniyogi":[{"date":"2025-04-06T00:00:00","commitResults":[{"hash":"3d31d4342c136a87b477f40188210d1eb4ef2116","isMergeCommit":false,"messageTitle":"Add partial matching for find command","messageBody":"","fileTypesAndContributionMap":{"functional-code":{"insertions":4,"deletions":3},"test-code":{"insertions":3,"deletions":3}}},{"hash":"d3adc2991bbd15424b7728288acf18902aba1cff","isMergeCommit":false,"messageTitle":"Fix pastry no exist message","messageBody":"","fileTypesAndContributionMap":{"functional-code":{"insertions":1,"deletions":1}}},{"hash":"666f3a17c80ffc4283c3847886331aac58c7b339","isMergeCommit":false,"messageTitle":"Add price limit from 0 (exclusive) to 999.99 (inclusive)","messageBody":"","fileTypesAndContributionMap":{"functional-code":{"insertions":18,"deletions":1}}},{"hash":"ab38cea44993ffe0228e4b97f4b3391402706b15","isMergeCommit":false,"messageTitle":"Add tests for StringUtil::isValidPrice method","messageBody":"","fileTypesAndContributionMap":{"test-code":{"insertions":25,"deletions":0}}},{"hash":"67091a2d5eb0053d9c5cc03102ba3d53ece85298","isMergeCommit":false,"messageTitle":"Fix error message for price","messageBody":"","fileTypesAndContributionMap":{"functional-code":{"insertions":1,"deletions":1}}},{"hash":"fae255a2f5e8d88db5d912f1ba0b913ee6540fbf","isMergeCommit":false,"messageTitle":"Make error message clearer","messageBody":"","fileTypesAndContributionMap":{"functional-code":{"insertions":1,"deletions":1}}},{"hash":"aaa27fde8fff5fb9db88b11c34316c330cf10db6","isMergeCommit":false,"messageTitle":"Fix minor formatting in test","messageBody":"","fileTypesAndContributionMap":{"test-code":{"insertions":4,"deletions":0}}},{"hash":"c9a8ea90037af5cc45fb7c8b07e0e572a89fe87c","isMergeCommit":true,"messageTitle":"Fix empty order message typo.","messageBody":"","fileTypesAndContributionMap":{}},{"hash":"2e4d4c3c48518f671a6704099c8a7c8b8443325b","isMergeCommit":false,"messageTitle":"Change phone number validation to 8 digits exactly","messageBody":"","fileTypesAndContributionMap":{"functional-code":{"insertions":2,"deletions":2}}},{"hash":"e185b5953e4b826457bd4153251cb2be15f3121f","isMergeCommit":false,"messageTitle":"Update tests to match 8 digit validation","messageBody":"","fileTypesAndContributionMap":{"test-code":{"insertions":48,"deletions":27}}}]},{"date":"2025-04-07T00:00:00","commitResults":[{"hash":"7eff57658fc04ffc076cbf0fa2792f651f7fcf52","isMergeCommit":true,"messageTitle":"Merge pull request #317 from mogmyij/Fix-Develop-Guide","messageBody":"Fix links, typos and diagrams in DG","fileTypesAndContributionMap":{}}]}],"mogmyij":[{"date":"2025-04-06T00:00:00","commitResults":[{"hash":"d7007d6fc8e5e6459e67683769d37d9fc1e8c742","isMergeCommit":false,"messageTitle":"Fix links, typos and diagrams in DG","messageBody":"","fileTypesAndContributionMap":{"docs":{"insertions":144,"deletions":72}}},{"hash":"d890bf4193f179106b889df821ba2c8ecb62b8a7","isMergeCommit":false,"messageTitle":"Add use cases and planned enhancements","messageBody":"","fileTypesAndContributionMap":{"docs":{"insertions":306,"deletions":34}}}]},{"date":"2025-04-07T00:00:00","commitResults":[{"hash":"d306a2456b1c83fce57d2d561ea309c3113746e0","isMergeCommit":false,"messageTitle":"Add implementation section","messageBody":"","fileTypesAndContributionMap":{"docs":{"insertions":255,"deletions":93}}},{"hash":"a97e5ca9c0701a2f0891e96d6f0e78ecc4156a80","isMergeCommit":false,"messageTitle":"fix checkstyle and spelling errors","messageBody":"","fileTypesAndContributionMap":{"docs":{"insertions":7,"deletions":7}}},{"hash":"a9dc3e631b80da06f5b3184b7f945e9e1eeac244","isMergeCommit":true,"messageTitle":"Merge pull request #318 from Mil-leon/fix-spelling-errors","messageBody":"Fix empty order message typo.","fileTypesAndContributionMap":{}},{"hash":"5055e142233e985cb02e7b9f57571b7649f8ba88","isMergeCommit":true,"messageTitle":"Merge pull request #321 from Mil-leon/fix-grammar-errors","messageBody":"Fix grammar errors","fileTypesAndContributionMap":{}},{"hash":"01d4c4613c672e363d3fe94b55945dfff484e09e","isMergeCommit":true,"messageTitle":"Merge pull request #319 from mihirniyogi/phone-number-8-digits","messageBody":"Change phone number validation to 8 digits","fileTypesAndContributionMap":{}},{"hash":"43d8aba278e9d05c17b29aceb4f5df2536d31087","isMergeCommit":true,"messageTitle":"Merge pull request #320 from Mil-leon/fix-order-case","messageBody":"Add ignore case for the add order command","fileTypesAndContributionMap":{}},{"hash":"324d971ee764d39b365ad880007555e5d17b541d","isMergeCommit":true,"messageTitle":"Merge pull request #315 from Emmanuel2001/fix-prefixed-whitespace-before-command","messageBody":"Fix prefixed whitespace before command","fileTypesAndContributionMap":{}},{"hash":"5d26d9898366ce4ef1f3cf6799df0ca9a5238e2b","isMergeCommit":true,"messageTitle":"Merge pull request #316 from mihirniyogi/pastry-price-limit","messageBody":"Set price limit for pastry and fix error messages","fileTypesAndContributionMap":{}},{"hash":"e14daecc6306f8fc858e5cc7cc4c60848be26f0f","isMergeCommit":true,"messageTitle":"Merge pull request #314 from mihirniyogi/missing-pastry-error-msg","messageBody":"Fix error message for pastry not exist ","fileTypesAndContributionMap":{}},{"hash":"555d997f2468eadcc8d77c83a606d969a34ae86d","isMergeCommit":true,"messageTitle":"Merge pull request #313 from mihirniyogi/find-command-partial-match","messageBody":"Add partial matching for find command","fileTypesAndContributionMap":{}},{"hash":"720ad59689fee53ceb6dae841d8d167f7a4b9a97","isMergeCommit":true,"messageTitle":"Merge pull request #240 from cyhni/view-command-checkstyle","messageBody":"Fix minor checkstyle","fileTypesAndContributionMap":{}}]}],"Emmanuel2001":[{"date":"2025-04-06T00:00:00","commitResults":[{"hash":"132ace2479c71f7be110c63fc39eb60d05ed5554","isMergeCommit":false,"messageTitle":"Fix prefixed whitespace before command","messageBody":"","fileTypesAndContributionMap":{"functional-code":{"insertions":1,"deletions":1}}}]}]},"authorFileTypeContributionMap":{"Mil-leon":{"docs":0,"functional-code":5,"test-code":0},"cyhni":{"docs":0,"functional-code":0,"test-code":0},"mihirniyogi":{"docs":0,"functional-code":25,"test-code":80},"mogmyij":{"docs":535,"functional-code":0,"test-code":0},"Emmanuel2001":{"docs":0,"functional-code":1,"test-code":0}},"authorContributionVariance":{"Mil-leon":32.0,"cyhni":0.0,"mihirniyogi":4736.8887,"mogmyij":53090.668,"Emmanuel2001":0.88888884},"authorDisplayNameMap":{"Mil-leon":"CS2103T-F13-2 NOEL.. LIM","cyhni":"CS2103T-F13-2 CHAN..IGEL","mihirniyogi":"CS2103T-F13-2 PUTR..YOGI","mogmyij":"CS2103T-F13-2 FOON..G YI","Emmanuel2001":"CS2103T-F13-2 EMMA..HONG"}}
