{"authorDailyContributionsMap":{"geeliette":[{"date":"2025-04-05","commitResults":[{"hash":"a7c28420580cd8a3c766599bb97ab48f1dfdbe8c","isMergeCommit":false,"messageTitle":"Output error message when invalid parameter","messageBody":"","fileTypesAndContributionMap":{"functional-code":{"insertions":2,"deletions":1}}},{"hash":"04bb6de95571c2a6b54ccd79912961d938810a75","isMergeCommit":false,"messageTitle":"Fix error message","messageBody":"","fileTypesAndContributionMap":{"functional-code":{"insertions":5,"deletions":1}}},{"hash":"5b86e088201439cde0900036e118aab13816ae35","isMergeCommit":false,"messageTitle":"Fix bug regarding overnight reservations","messageBody":"","fileTypesAndContributionMap":{"functional-code":{"insertions":5,"deletions":0}}},{"hash":"6d38857dccd6749dfe1558974d8e2949fa9d4762","isMergeCommit":false,"messageTitle":"Fix message usage for all commands","messageBody":"","fileTypesAndContributionMap":{"functional-code":{"insertions":39,"deletions":38}}}]},{"date":"2025-04-06","commitResults":[{"hash":"406323353660f699fef3cbd2091cba2a00b39acf","isMergeCommit":false,"messageTitle":"Add remarkcommandtest","messageBody":"","fileTypesAndContributionMap":{"test-code":{"insertions":85,"deletions":97}}},{"hash":"b4841e9a2cba079ba5e41c623adad002dad532e0","isMergeCommit":false,"messageTitle":"Change endTime","messageBody":"","fileTypesAndContributionMap":{"functional-code":{"insertions":1,"deletions":1}}},{"hash":"8e73de080cffc5bbe919e66106f80c6e87dfee4d","isMergeCommit":false,"messageTitle":"Add new changes to message usage","messageBody":"","fileTypesAndContributionMap":{"functional-code":{"insertions":9,"deletions":11}}},{"hash":"d9ab5a65e28cbbb18bdab19e6e73d957d9028e45","isMergeCommit":false,"messageTitle":"Remove unused import","messageBody":"","fileTypesAndContributionMap":{"functional-code":{"insertions":0,"deletions":1}}}]}],"caroline1233456":[{"date":"2025-04-06","commitResults":[{"hash":"d17c2d7e5588ead479f1caef5d91c9163e2d81a6","isMergeCommit":false,"messageTitle":"Update use cases in DG","messageBody":"","fileTypesAndContributionMap":{"docs":{"insertions":60,"deletions":45}}},{"hash":"a8fc3cbd9dff6e660165ed43eff246340b6f0062","isMergeCommit":false,"messageTitle":" Update deleteSequenceDiagram","messageBody":"","fileTypesAndContributionMap":{"docs":{"insertions":9,"deletions":8}}},{"hash":"7acbf8023d2c76444cfb9038f885a215f2973689","isMergeCommit":false,"messageTitle":"Solve most of the bugs found in dry run","messageBody":"","fileTypesAndContributionMap":{"docs":{"insertions":8,"deletions":8}}},{"hash":"6002d23be5993611aa461ddffd068848c58cea09","isMergeCommit":true,"messageTitle":"Solve merge conflicts","messageBody":"","fileTypesAndContributionMap":{}}]},{"date":"2025-04-07","commitResults":[{"hash":"d1acfbd0cd9c4aaec3d6827d56052f635bd36ce4","isMergeCommit":false,"messageTitle":"Update the DG","messageBody":"","fileTypesAndContributionMap":{"docs":{"insertions":4,"deletions":4}}},{"hash":"0da8cf8fa6b43162b08f08ca9d7eb22d6967b5d9","isMergeCommit":false,"messageTitle":"Update the UG","messageBody":"","fileTypesAndContributionMap":{"docs":{"insertions":1,"deletions":1}}}]}],"CVincent0907":[{"date":"2025-04-05","commitResults":[{"hash":"16514282c297b3f8f3266ff090f2fec5d8ea2ba3","isMergeCommit":false,"messageTitle":"Update UG","messageBody":"","fileTypesAndContributionMap":{"docs":{"insertions":139,"deletions":71}}},{"hash":"7bd5368abe7696cc54177c5d49108f43959989ce","isMergeCommit":true,"messageTitle":"Merge branch \u0027master\u0027 of https://github.com/AY2425S2-CS2103T-T09-3/tp into branch-update-UG","messageBody":"","fileTypesAndContributionMap":{}}]},{"date":"2025-04-06","commitResults":[{"hash":"48f3921d18f845acad800beaa3a97ffd19e8d32d","isMergeCommit":false,"messageTitle":"Update UG","messageBody":"","fileTypesAndContributionMap":{"docs":{"insertions":95,"deletions":53}}},{"hash":"055859996497af6b5d2bd450e523846da062ad01","isMergeCommit":true,"messageTitle":"Merge pull request #348 from CVincent0907/branch-update-UG","messageBody":"Branch update ug","fileTypesAndContributionMap":{}},{"hash":"fa304ef007dea6243cab092aa1e69b6e6b3bd004","isMergeCommit":false,"messageTitle":"Update path in UG","messageBody":"","fileTypesAndContributionMap":{"docs":{"insertions":3,"deletions":3}}},{"hash":"0d1eeef2ad92c7b13d5f8b5c737e7c3bcaa9e3ef","isMergeCommit":true,"messageTitle":"Merge pull request #349 from CVincent0907/branch-update-UG","messageBody":"Update path in UG","fileTypesAndContributionMap":{}},{"hash":"05a215fbb34a8ae1f7c400441e1a28cd25a94884","isMergeCommit":true,"messageTitle":"Merge pull request #341 from geeliette/branch-FixFindtParam","messageBody":"Fix output message for invalid findt param","fileTypesAndContributionMap":{}},{"hash":"32ba00354d364725a551a577b13fb5de26a46b0c","isMergeCommit":true,"messageTitle":"Merge pull request #342 from geeliette/branch-FixFindtBug","messageBody":"Fix findt bug regarding overnight reservations","fileTypesAndContributionMap":{}},{"hash":"0d5cab6a1c937385bfd0f9657b61571c17cf570f","isMergeCommit":false,"messageTitle":"Update DG","messageBody":"","fileTypesAndContributionMap":{"docs":{"insertions":23,"deletions":10}}},{"hash":"f78079b256993b97ca3c8f1116e6f992be4cabd2","isMergeCommit":true,"messageTitle":"Merge pull request #350 from CVincent0907/branch-update-UG","messageBody":"Branch update ug","fileTypesAndContributionMap":{}},{"hash":"b926ba0ce2075f6c6923be9da94d2973c71df2e9","isMergeCommit":false,"messageTitle":"Update naming for storage from address book to gastrobook","messageBody":"","fileTypesAndContributionMap":{"functional-code":{"insertions":55,"deletions":55}}},{"hash":"9c4c41134359741a6bc0a1ab056fd36509c192a8","isMergeCommit":false,"messageTitle":"Update UG","messageBody":"","fileTypesAndContributionMap":{"docs":{"insertions":15,"deletions":4}}},{"hash":"b114ddc2d482b4fc4d60ed62989a918252cbeb59","isMergeCommit":true,"messageTitle":"Merge pull request #354 from CVincent0907/branch-update-UG","messageBody":"Branch update ug","fileTypesAndContributionMap":{}},{"hash":"96a835d90561e3cdba258112a4ea03f40a2b9c87","isMergeCommit":false,"messageTitle":"Update UserGuide.md","messageBody":"","fileTypesAndContributionMap":{"docs":{"insertions":1,"deletions":1}}},{"hash":"408d63b34e331ed7f1185855a7c97787e2e521ac","isMergeCommit":false,"messageTitle":"Update UG","messageBody":"","fileTypesAndContributionMap":{"docs":{"insertions":2,"deletions":0}}},{"hash":"a984b383bc98be22a64115299ce4bddd8152d8a9","isMergeCommit":true,"messageTitle":"Merge pull request #355 from CVincent0907/branch-update-UG","messageBody":"Update UG","fileTypesAndContributionMap":{}},{"hash":"437d93a20cde8363b13e790efc3026a6c708de22","isMergeCommit":false,"messageTitle":"Update UG quick satrt","messageBody":"","fileTypesAndContributionMap":{"docs":{"insertions":79,"deletions":17}}},{"hash":"052c6f3eb3c1e3510473ffc65e8d40df99d3b369","isMergeCommit":true,"messageTitle":"Merge pull request #357 from CVincent0907/branch-update-UG","messageBody":"Update UG quick start","fileTypesAndContributionMap":{}},{"hash":"b220baa94380a047ab248639b9aff599970ef40d","isMergeCommit":false,"messageTitle":"Update UserGuide.md","messageBody":"","fileTypesAndContributionMap":{"docs":{"insertions":1,"deletions":1}}},{"hash":"836d7f648b759dfb621b3f87bfd99d5cd062f333","isMergeCommit":false,"messageTitle":"Update UserGuide.md","messageBody":"","fileTypesAndContributionMap":{"docs":{"insertions":1,"deletions":1}}},{"hash":"7c6f2d1f61c8c7d47c1dabdb33803521db8397e0","isMergeCommit":false,"messageTitle":"Update _config.yml","messageBody":"","fileTypesAndContributionMap":{"other":{"insertions":1,"deletions":1}}},{"hash":"343e30e2112b9ace86ab66b8cb3386b6d628ee67","isMergeCommit":false,"messageTitle":"Update UG","messageBody":"","fileTypesAndContributionMap":{"other":{"insertions":1,"deletions":1},"docs":{"insertions":1,"deletions":1}}},{"hash":"f51dd3386b6443dc1427ad68bb3081c3e486fbec","isMergeCommit":true,"messageTitle":"Merge pull request #340 from Jasonzhou97/inject-sample","messageBody":"Add sample data injection to gastrobook json upon first use","fileTypesAndContributionMap":{}},{"hash":"589e5a2b04e8092dc215a77ff20311fdd3fd0c40","isMergeCommit":true,"messageTitle":"Merge pull request #346 from geeliette/branch-FixFindMessage","messageBody":"Fix message usage for all commands","fileTypesAndContributionMap":{}},{"hash":"678895eba3f875b3fee844d9075a9b45dea34224","isMergeCommit":true,"messageTitle":"Merge branch \u0027master\u0027 of https://github.com/AY2425S2-CS2103T-T09-3/tp into branch-update-UG","messageBody":"","fileTypesAndContributionMap":{}},{"hash":"62fff22bef657169a36c5201ec9042b1996161b1","isMergeCommit":false,"messageTitle":"Update UG","messageBody":"","fileTypesAndContributionMap":{"docs":{"insertions":2,"deletions":0}}},{"hash":"8d6f15025edc8ab56ba21a55bfdf0ead842aec2c","isMergeCommit":true,"messageTitle":"Merge pull request #360 from CVincent0907/branch-update-UG","messageBody":"Branch update ug","fileTypesAndContributionMap":{}},{"hash":"2c99650555ee056f49aafd3018fd034c6d548936","isMergeCommit":true,"messageTitle":"Merge pull request #347 from geeliette/branch-RemarkTest","messageBody":"Add RemarkCommandTest","fileTypesAndContributionMap":{}},{"hash":"f4abf9ccd45cecbb8e67c3016b8c5fe703d4c6a8","isMergeCommit":true,"messageTitle":"Merge branch \u0027master\u0027 into branch-addCommandFix","messageBody":"","fileTypesAndContributionMap":{}},{"hash":"cad924f7287c66d994321c0321504966ae84a876","isMergeCommit":true,"messageTitle":"Merge pull request #359 from Frozennfishh/branch-addCommandFix","messageBody":"Fix AddCommandParser","fileTypesAndContributionMap":{}}]},{"date":"2025-04-07","commitResults":[{"hash":"67e431987934bddc0879703e23dd7f2ee4e9cd6a","isMergeCommit":true,"messageTitle":"Merge pull request #358 from Frozennfishh/branch-parserUtilFix","messageBody":"Fix Parser Util","fileTypesAndContributionMap":{}},{"hash":"d9257ab61d38270b1a1193f39d270419b631f41f","isMergeCommit":true,"messageTitle":"Merge pull request #362 from caroline1233456/dryrun-UG-update","messageBody":"A very small update to UG","fileTypesAndContributionMap":{}},{"hash":"e01d9f4b288e3269e290e5cc476bc93d303d46bf","isMergeCommit":true,"messageTitle":"Merge pull request #351 from caroline1233456/dryrun-DG-update","messageBody":"Update use cases in DG","fileTypesAndContributionMap":{}},{"hash":"b9dc31fe59f2f7a8dc976b6179eb9ee95e10a320","isMergeCommit":false,"messageTitle":"Update UserGuide.md","messageBody":"","fileTypesAndContributionMap":{"docs":{"insertions":1,"deletions":1}}}]}],"Jasonzhou97":[{"date":"2025-04-05","commitResults":[{"hash":"6f46cb9d201552cd52c4aa498c7a25b2114a74d9","isMergeCommit":false,"messageTitle":"Add sample data injection to gastrobook json upon first use","messageBody":"","fileTypesAndContributionMap":{"functional-code":{"insertions":91,"deletions":12},"test-code":{"insertions":0,"deletions":27}}}]},{"date":"2025-04-06","commitResults":[{"hash":"cc46023939db38c9d557b2cdc85a74a8ae9cee85","isMergeCommit":false,"messageTitle":"Add bypass for all future initlisation for sample data :wq","messageBody":"","fileTypesAndContributionMap":{"functional-code":{"insertions":12,"deletions":4}}},{"hash":"c912646d49b9e122b4af1f6a4e6654d4c44c4674","isMergeCommit":true,"messageTitle":"Merge pull request #353 from CVincent0907/branch-update-Naming","messageBody":"Update naming for storage from address book to gastrobook","fileTypesAndContributionMap":{}},{"hash":"45c87851befd03aa1961c1864fd917a479e67d85","isMergeCommit":false,"messageTitle":"Add more testing","messageBody":"","fileTypesAndContributionMap":{"test-code":{"insertions":195,"deletions":77}}},{"hash":"e424389be046fe790b45b43b9bb45809faa85377","isMergeCommit":false,"messageTitle":"Add line","messageBody":"","fileTypesAndContributionMap":{"test-code":{"insertions":1,"deletions":1}}},{"hash":"93e83d3c58e6d3bb45306ec0939f8500b4c532b1","isMergeCommit":false,"messageTitle":"Add and clean test classes","messageBody":"","fileTypesAndContributionMap":{"test-code":{"insertions":106,"deletions":891}}}]}],"Frozennfishh":[{"date":"2025-04-06","commitResults":[{"hash":"e313227b559d13c31dd20289049274b7e52704e0","isMergeCommit":false,"messageTitle":"Fix regex to not accept \"0\" as duration input","messageBody":"","fileTypesAndContributionMap":{"functional-code":{"insertions":1,"deletions":2}}},{"hash":"a4d73577be2a943198ca5bf4f02c6e096fffe637","isMergeCommit":false,"messageTitle":"Limit max accepted value of `pax`","messageBody":"Restricted `pax` to accept values up to 9999.\n","fileTypesAndContributionMap":{"functional-code":{"insertions":2,"deletions":2}}},{"hash":"204578412557cb294b765125f6447ab1bef2a3e7","isMergeCommit":false,"messageTitle":"Fix Name Parser","messageBody":"* Name Parser now accepts all printable unicode characters\n* Limit Name length to 48 characters\n","fileTypesAndContributionMap":{"functional-code":{"insertions":2,"deletions":2}}},{"hash":"1624f7db112884bad47ebc6e2becee54084c7aa0","isMergeCommit":false,"messageTitle":"Fix Phone Regex limit","messageBody":"","fileTypesAndContributionMap":{"functional-code":{"insertions":2,"deletions":2}}},{"hash":"4aa82fbf384d1c9f7fa6eddba69b903c09891c7b","isMergeCommit":false,"messageTitle":"Fix tag regex limit","messageBody":"","fileTypesAndContributionMap":{"functional-code":{"insertions":2,"deletions":2}}},{"hash":"a6cfb849d40e56d463f4ca338cefaa3d1c17aa40","isMergeCommit":false,"messageTitle":"Fix Remark regex limit","messageBody":"","fileTypesAndContributionMap":{"functional-code":{"insertions":13,"deletions":2}}},{"hash":"9f5d1927d83f8b230d41d2c7afba31bfaefb3d75","isMergeCommit":false,"messageTitle":"Fix AddCommandParser","messageBody":"","fileTypesAndContributionMap":{"functional-code":{"insertions":3,"deletions":6}}},{"hash":"80361a7835a42099f7d257140943e0be27039ce5","isMergeCommit":false,"messageTitle":"Fix Test Cases","messageBody":"","fileTypesAndContributionMap":{"test-code":{"insertions":4,"deletions":5}}},{"hash":"25ad6c0b8f7f961ae052cbc5ff2900372ffad2b4","isMergeCommit":false,"messageTitle":"Fix CheckStyle","messageBody":"","fileTypesAndContributionMap":{"functional-code":{"insertions":0,"deletions":2}}},{"hash":"092ebd4589c21ca8d5656d86d01aa3c09cebf425","isMergeCommit":false,"messageTitle":"Fix UG","messageBody":"","fileTypesAndContributionMap":{"docs":{"insertions":43,"deletions":43}}},{"hash":"cfffbf2cdbaeb0879ccfee8255290f7252fb2544","isMergeCommit":false,"messageTitle":"Edit UG","messageBody":"","fileTypesAndContributionMap":{"docs":{"insertions":2,"deletions":1}}},{"hash":"3a2523ab05acf2637fc8f24c203c65d88b83e83c","isMergeCommit":false,"messageTitle":"Add name CodCov","messageBody":"","fileTypesAndContributionMap":{"test-code":{"insertions":4,"deletions":1}}},{"hash":"83a7b17861f41feb4c1c5d331656f2d189ea825a","isMergeCommit":false,"messageTitle":"Add ParserUtilTest","messageBody":"","fileTypesAndContributionMap":{"test-code":{"insertions":102,"deletions":148}}},{"hash":"c490dfb9df39bb8877181f397da6e925484ddc1f","isMergeCommit":false,"messageTitle":"Add Remark Test Case","messageBody":"","fileTypesAndContributionMap":{"test-code":{"insertions":6,"deletions":0}}},{"hash":"3b363fd57720d6a7d10ac9097ef75c87b08d1da4","isMergeCommit":false,"messageTitle":"Adjust regex limits","messageBody":"","fileTypesAndContributionMap":{"functional-code":{"insertions":4,"deletions":4},"docs":{"insertions":2,"deletions":2}}},{"hash":"e641a3fa842353340b59f9ac5c32b47dbfa41060","isMergeCommit":false,"messageTitle":"Fix UG","messageBody":"","fileTypesAndContributionMap":{"functional-code":{"insertions":1,"deletions":1},"docs":{"insertions":2,"deletions":2}}},{"hash":"80203c4b97466b4cdee1ab7b2e0a38ac7180fd32","isMergeCommit":false,"messageTitle":"Fix UG","messageBody":"","fileTypesAndContributionMap":{"docs":{"insertions":10,"deletions":10}}},{"hash":"0515d02721476b2d38934c4aa3ae16a6c82ae244","isMergeCommit":false,"messageTitle":"Fix r/ Duplicates","messageBody":"","fileTypesAndContributionMap":{"functional-code":{"insertions":2,"deletions":0}}},{"hash":"f48d5c3aed64e615dd851716ef131d583ed3d073","isMergeCommit":false,"messageTitle":"Fix remarkParser","messageBody":"","fileTypesAndContributionMap":{"functional-code":{"insertions":16,"deletions":0}}},{"hash":"ec9d42063b70ac390a8c659a87cb10a5fd526b35","isMergeCommit":false,"messageTitle":"Edit UG","messageBody":"","fileTypesAndContributionMap":{"functional-code":{"insertions":0,"deletions":1},"docs":{"insertions":2,"deletions":0}}},{"hash":"5cf2a2b1ef3f2274cc10d404a026678783466eab","isMergeCommit":false,"messageTitle":"Fix Name Length","messageBody":"","fileTypesAndContributionMap":{"functional-code":{"insertions":3,"deletions":2},"docs":{"insertions":10,"deletions":10}}},{"hash":"97cc2208893f9b392573b3a3507c2f39dd4f502f","isMergeCommit":true,"messageTitle":"Merge branch \u0027master\u0027 into branch-parserUtilFix","messageBody":"# Conflicts:\n#\tdocs/UserGuide.md\n","fileTypesAndContributionMap":{}}]},{"date":"2025-04-07","commitResults":[{"hash":"2e0733040ce534af196cf1056372b0957b7d262c","isMergeCommit":false,"messageTitle":"Fix remark parser","messageBody":"","fileTypesAndContributionMap":{"functional-code":{"insertions":12,"deletions":10},"test-code":{"insertions":1,"deletions":6}}},{"hash":"c049b23f25ae855876234932c929c02fe42d1c4c","isMergeCommit":false,"messageTitle":"Add codcov for remarkParser","messageBody":"","fileTypesAndContributionMap":{"test-code":{"insertions":5,"deletions":0}}},{"hash":"e79013257108c72567e91791e2696d0e40571bd1","isMergeCommit":false,"messageTitle":"Change all display messages to match UG","messageBody":"","fileTypesAndContributionMap":{"functional-code":{"insertions":11,"deletions":8},"docs":{"insertions":2,"deletions":2}}},{"hash":"af59a417d53c3d7ea7d8e4f3f7a7a293f67af16e","isMergeCommit":false,"messageTitle":"Add RemarkCommandParserTest file","messageBody":"","fileTypesAndContributionMap":{"test-code":{"insertions":30,"deletions":43}}},{"hash":"d1a3ce02005d05519e73fd0d47253b464c1ffdac","isMergeCommit":false,"messageTitle":"Update UG","messageBody":"","fileTypesAndContributionMap":{"docs":{"insertions":2,"deletions":2}}},{"hash":"66b3e0b8c603c3dc2ef6c05cb72a840fb12ddd73","isMergeCommit":true,"messageTitle":"Merge branch \u0027master\u0027 into add_testing","messageBody":"","fileTypesAndContributionMap":{}},{"hash":"3509431583708782580fba11019620cb77cb1098","isMergeCommit":true,"messageTitle":"Merge pull request #361 from Jasonzhou97/add_testing","messageBody":"Add more testing","fileTypesAndContributionMap":{}},{"hash":"6a9d7d953ebe6585d3099637f3c38279ddf66d9f","isMergeCommit":true,"messageTitle":"Merge branch \u0027master\u0027 into branch-parserUtilFix","messageBody":"# Conflicts:\n#\tsrc/test/java/seedu/address/logic/parser/ParserUtilTest.java\n#\tsrc/test/java/seedu/address/logic/parser/RemarkCommandParserTest.java\n","fileTypesAndContributionMap":{}}]}]},"authorFileTypeContributionMap":{"geeliette":{"docs":0,"functional-code":45,"test-code":85},"caroline1233456":{"docs":75,"functional-code":0,"test-code":0},"CVincent0907":{"docs":286,"functional-code":56,"test-code":0,"other":2},"Jasonzhou97":{"docs":0,"functional-code":93,"test-code":281},"Frozennfishh":{"docs":12,"functional-code":52,"test-code":147}},"authorContributionVariance":{"geeliette":7033.555,"caroline1233456":3947.556,"CVincent0907":30251.555,"Jasonzhou97":334657.53,"Frozennfishh":42379.56},"authorDisplayNameMap":{"geeliette":"CS2103T-T09-3 LIAO..ETTE","caroline1233456":"CS2103T-T09-3 YANG..NGRU","CVincent0907":"CS2103T-T09-3 CHOO..HENG","Jasonzhou97":"CS2103T-T09-3 ZHOU..YANG","Frozennfishh":"CS2103T-T09-3 ONG ..NARD"}}
