{"authorDailyContributionsMap":{"ChinZJ":[{"date":"2025-04-05T00:00:00","commitResults":[{"hash":"b48b6518009474fdcedca9f051f439940a59a4be","isMergeCommit":false,"messageTitle":"Fix toggle bug","messageBody":"","fileTypesAndContributionMap":{"functional-code":{"insertions":10,"deletions":4}}},{"hash":"cc0e2841bf35e6326c6ad719f7cb09d8bec284a7","isMergeCommit":false,"messageTitle":"Remove redundancy","messageBody":"","fileTypesAndContributionMap":{"functional-code":{"insertions":1,"deletions":2}}}]}],"aquaimpact":[],"hhlh27":[],"hsinyilow":[],"xuxuezhou":[{"date":"2025-04-06T00:00:00","commitResults":[{"hash":"7932cf6a1716c73fdc1c04581605d3adea3d1342","isMergeCommit":false,"messageTitle":"Update DeveloperGuide","messageBody":"","fileTypesAndContributionMap":{"docs":{"insertions":11,"deletions":9}}}]},{"date":"2025-04-07T00:00:00","commitResults":[{"hash":"85559f43659234016ab9e4053137fd721e801620","isMergeCommit":false,"messageTitle":"Update DG and UG","messageBody":"","fileTypesAndContributionMap":{"docs":{"insertions":18,"deletions":15}}},{"hash":"46f8495a504932472ce9d76a46c596df2f2ed2a3","isMergeCommit":true,"messageTitle":"Merge pull request #344 from philbertshea/add-att-testing","messageBody":"Improve testing of MarkAttendanceCommand","fileTypesAndContributionMap":{}},{"hash":"fb147d428c02efd07d3b072152fa524d3142ad40","isMergeCommit":true,"messageTitle":"Merge pull request #337 from philbertshea/improve-att-docs","messageBody":"Improve MarkAttendanceCommand documentation","fileTypesAndContributionMap":{}},{"hash":"d510a02d717991dfd3473c59a9d968eec779fda2","isMergeCommit":false,"messageTitle":"Fix tutorial match issue","messageBody":"","fileTypesAndContributionMap":{"functional-code":{"insertions":1,"deletions":1}}},{"hash":"fcc44d075281913f6f3b67e2987b2e3d296ca703","isMergeCommit":false,"messageTitle":"Update class Name to support special character check","messageBody":"","fileTypesAndContributionMap":{"functional-code":{"insertions":1,"deletions":0}}},{"hash":"d8cb0505ce045eff36555efdcbcbb24eef40a9a8","isMergeCommit":false,"messageTitle":"Fix UserGuide","messageBody":"","fileTypesAndContributionMap":{"functional-code":{"insertions":5,"deletions":4},"docs":{"insertions":23,"deletions":5}}},{"hash":"c7b39b92d3d734df7f668633cac748eabf069e76","isMergeCommit":false,"messageTitle":"Fix format issue","messageBody":"","fileTypesAndContributionMap":{"functional-code":{"insertions":4,"deletions":5}}},{"hash":"73ee624ae68252007140cbff55d065258e1435cb","isMergeCommit":true,"messageTitle":"Merge pull request #339 from philbertshea/update-att-error","messageBody":"Update MarkAttendanceCommand errors to be more useful","fileTypesAndContributionMap":{}}]}],"philbertshea":[{"date":"2025-04-05T00:00:00","commitResults":[{"hash":"2527a5ec2a309b9c22747a3002ea112f99b6cc43","isMergeCommit":false,"messageTitle":"Update Developer Guide and User Guide","messageBody":"DevGuide and UserGuide could be improved regarding the Attendance\nmarking.\n\nLet\u0027s\n* Update these docs to support better documentation\n","fileTypesAndContributionMap":{"docs":{"insertions":101,"deletions":17}}},{"hash":"adfb00bff08749b2332f66ef56eb1702da800406","isMergeCommit":false,"messageTitle":"Update User Guide","messageBody":"Bugs were flagged in the User Guide.\n\nLet\u0027s\n* Update these to resolve the issues\n","fileTypesAndContributionMap":{"docs":{"insertions":26,"deletions":4}}},{"hash":"2634bcbe49a808d0dcf007d96802bee8b0f67c38","isMergeCommit":false,"messageTitle":"Update User Guide to clarify brackets","messageBody":"Brackets in User Guide have different meanings for the\nMarkAttendanceCommand.\n\nLet\u0027s\n* Update the User Guide to clarify these.\n","fileTypesAndContributionMap":{"docs":{"insertions":2,"deletions":0}}},{"hash":"2b332dbdd229f1fd56be7362cd9dd44d9776f6a3","isMergeCommit":false,"messageTitle":"Update Developer Guide test cases","messageBody":"Developer Guide is not descriptive enough and has some errors,\nrelating to Marking of Attendance.\n\nLet\u0027s\n* Update DG to resolve this\n","fileTypesAndContributionMap":{"docs":{"insertions":3,"deletions":3}}},{"hash":"ba1ecab734bfe6608382bdf724f2945162186b4a","isMergeCommit":false,"messageTitle":"Update MarkAttendanceCommand errors to be more useful","messageBody":"Error messages involving invalid index commands should show\nall the individuals who do not fulfill the restrictions.\n\nThis would be more useful to the user.\n\nLet\u0027s\n\n* Update the MarkAttendanceCommand file to support this.\n","fileTypesAndContributionMap":{"functional-code":{"insertions":11,"deletions":3}}},{"hash":"0c01017b12012c11458149b1c251a7ead0d7f268","isMergeCommit":false,"messageTitle":"Update User Guide","messageBody":"User Guide comment could be offensive.\n\nLet\u0027s\n* Remove that comment\n","fileTypesAndContributionMap":{"docs":{"insertions":1,"deletions":5}}}]},{"date":"2025-04-06T00:00:00","commitResults":[{"hash":"30ae7679b02c78c5fc826b701dea1ec761af0f71","isMergeCommit":false,"messageTitle":"Update PersonListPanel to resolve flicker","messageBody":"Flickering issue occurs due to loading of views within the PersonCard.\nThis could be resolved with a fade transition that improves the\nuser experience at the same time.\n\nLet\u0027s\n* Update this code to support fade transition\n","fileTypesAndContributionMap":{"functional-code":{"insertions":6,"deletions":0}}},{"hash":"08235d6464e1ed5252238a29c1a1d416e98cb981","isMergeCommit":false,"messageTitle":"Update AttendanceTest and AttendanceListTest","messageBody":"The test cases for both files are not comprehensive enough.\n\nLet\u0027s\n* Update these test cases to make them more comprehensive\n","fileTypesAndContributionMap":{"test-code":{"insertions":101,"deletions":31}}},{"hash":"aba54d97d58d3690101e2a665a6cb58e852465bf","isMergeCommit":false,"messageTitle":"Update MarkAttendanceCommandTest","messageBody":"Tests in MarkAttendanceCommand are not explained well.\n\nLet\u0027s\n* Add explanations for the helper function\n","fileTypesAndContributionMap":{"test-code":{"insertions":16,"deletions":4}}},{"hash":"a8f9e861b1f72109e96fdf96afae09128dd072f4","isMergeCommit":false,"messageTitle":"Update MarkAttendanceCommandTest and ParserUtilTest","messageBody":"MarkAttendanceCommandTest and ParserUtilTest\nfiles are not comprehensive enough.\n\nLet\u0027s\n* Update these files to add testing\n","fileTypesAndContributionMap":{"test-code":{"insertions":1164,"deletions":111}}},{"hash":"8772e2e383eef2660c4bcbc55ac4d91102d19c5c","isMergeCommit":false,"messageTitle":"Update UserGuide for tutorial group handling","messageBody":"Tutorial group can be two characters too.\n\nLet\u0027s\n* Update the UserGuide to show this behaviour\n","fileTypesAndContributionMap":{"docs":{"insertions":8,"deletions":8}}}]},{"date":"2025-04-07T00:00:00","commitResults":[{"hash":"a4f474be96c35e2bb0dc358e22e21c15e10c9706","isMergeCommit":true,"messageTitle":"Merge pull request #345 from xuxuezhou/pe-d-load","messageBody":"There are some bugs regarding the documentation inaccuracies and insufficiencies for Load Command.\n\nLet\u0027s\n* Update the documentation and UML diagrams to resolve these","fileTypesAndContributionMap":{}},{"hash":"460f41415ab26abdec241f4bb88e0c68d4e551ff","isMergeCommit":true,"messageTitle":"Merge pull request #346 from xuxuezhou/pe-d-updated-search","messageBody":"Search command had issues recognising valid tutorial groups.\n\nLet\u0027s\n* Update the search command implementation to resolve this issue.\n* Update documentation of the search command to outline this.","fileTypesAndContributionMap":{}},{"hash":"23ddd077be7f3a3311bc7be8678935309cd3453e","isMergeCommit":true,"messageTitle":"Merge pull request #340 from ChinZJ/update-toggle","messageBody":"Toggle command is buggy on the UI display.\n\nLet\u0027s\n* Update PersonListPanel.java to resolve this issue","fileTypesAndContributionMap":{}}]}]},"authorFileTypeContributionMap":{"ChinZJ":{"docs":0,"functional-code":8,"test-code":0},"aquaimpact":{"docs":0,"functional-code":0,"test-code":0},"hhlh27":{"docs":0,"functional-code":0,"test-code":0},"hsinyilow":{"docs":0,"functional-code":0,"test-code":0},"xuxuezhou":{"docs":51,"functional-code":3,"test-code":0},"philbertshea":{"docs":126,"functional-code":15,"test-code":1259}},"authorContributionVariance":{"ChinZJ":64.22223,"aquaimpact":0.0,"hhlh27":0.0,"hsinyilow":0.0,"xuxuezhou":1218.6666,"philbertshea":416789.53},"authorDisplayNameMap":{"ChinZJ":"CS2103-F15-4 CHIN.. JIE","aquaimpact":"CS2103-F15-4 ONG ..I EN","hhlh27":"CS2103-F15-4 LOH ..NNAH","hsinyilow":"CS2103-F15-4 LOW ..N YI","xuxuezhou":"CS2103-F15-4 XU X..ZHOU","philbertshea":"CS2103-F15-4 SHEA..BERT"}}
