{"authorDailyContributionsMap":{"hrishikeshsathyian":[],"Rae2480":[],"zedonggg":[],"soonami69":[],"Xzh119":[]},"authorFileTypeContributionMap":{"hrishikeshsathyian":{"docs":0,"functional-code":0,"test-code":0},"Rae2480":{"docs":0,"functional-code":0,"test-code":0},"zedonggg":{"docs":0,"functional-code":0,"test-code":0},"soonami69":{"docs":0,"functional-code":0,"test-code":0},"Xzh119":{"docs":0,"functional-code":0,"test-code":0}},"authorContributionVariance":{"hrishikeshsathyian":0.0,"Rae2480":0.0,"zedonggg":0.0,"soonami69":0.0,"Xzh119":0.0},"authorDisplayNameMap":{"hrishikeshsathyian":"CS2103T-W09-4 HRIS..YIAN","Rae2480":"CS2103T-W09-4 RAEE..SAIN","zedonggg":"CS2103T-W09-4 SUN ..DONG","soonami69":"CS2103T-W09-4 SOON..OTHY","Xzh119":"CS2103T-W09-4 XU Z..EHAO"}}
