{"authorDailyContributionsMap":{"liy722":[],"Seethevon":[{"date":"2025-04-05T00:00:00","commitResults":[{"hash":"6d89c38a5ced707a62c801925536d6796ecd7aac","isMergeCommit":false,"messageTitle":"Change addressbook.json to classhive.json","messageBody":"","fileTypesAndContributionMap":{"functional-code":{"insertions":1,"deletions":1},"other":{"insertions":1,"deletions":1},"test-code":{"insertions":2,"deletions":2}}},{"hash":"7f90f809c7bdecfc5b32e80c997709b1b815b67b","isMergeCommit":false,"messageTitle":"Correct find phone number example","messageBody":"","fileTypesAndContributionMap":{"docs":{"insertions":1,"deletions":1}}},{"hash":"8b480f4735bbf484b05a26b00bf591d3a26044be","isMergeCommit":false,"messageTitle":"Update error message for find feature","messageBody":"","fileTypesAndContributionMap":{"functional-code":{"insertions":2,"deletions":1}}},{"hash":"43aab7248329f57938f4af72710eb1c7938c1a64","isMergeCommit":false,"messageTitle":"Fix favourite success message","messageBody":"","fileTypesAndContributionMap":{"functional-code":{"insertions":3,"deletions":2}}},{"hash":"35f6c3acde742fdd6a1ab66ba75bc2073d33bdb2","isMergeCommit":false,"messageTitle":"Adhere to checkstyle","messageBody":"","fileTypesAndContributionMap":{"functional-code":{"insertions":2,"deletions":2}}},{"hash":"eeb5c5a680277b1b37bce611c2bb844bfc0881a5","isMergeCommit":false,"messageTitle":"Fix test cases","messageBody":"","fileTypesAndContributionMap":{"test-code":{"insertions":4,"deletions":3}}}]}],"ambertan77":[{"date":"2025-04-06T00:00:00","commitResults":[{"hash":"9d0421cab1921e8f128c48e38e9753820d41a0d5","isMergeCommit":true,"messageTitle":"Merge pull request #198 from Seethevon/branch-fix-favourite-success-message","messageBody":"Fix favourite success message","fileTypesAndContributionMap":{}},{"hash":"3a594fec3c3e1c06ae5a8a44402024b1f8833f1b","isMergeCommit":true,"messageTitle":"Merge pull request #197 from Seethevon/branch-find-feature-error-message","messageBody":"Update error message for find feature","fileTypesAndContributionMap":{}},{"hash":"fb8aa92bf523ce887f566c925196789d312aa744","isMergeCommit":true,"messageTitle":"Merge pull request #196 from Seethevon/branch-fix-ug-find-example","messageBody":"Correct find phone number example","fileTypesAndContributionMap":{}},{"hash":"5c86d58bd297c8d05c0cb04d97393f0e56c1b0c3","isMergeCommit":true,"messageTitle":"Merge pull request #194 from Seethevon/branch-change-addressbook-to-classhive","messageBody":"Change addressbook.json to classhive.json","fileTypesAndContributionMap":{}}]}],"minnibb":[]},"authorFileTypeContributionMap":{"liy722":{"docs":0,"functional-code":0,"test-code":0},"Seethevon":{"docs":1,"functional-code":5,"test-code":6,"other":1},"ambertan77":{"docs":0,"functional-code":0,"test-code":0},"minnibb":{"docs":0,"functional-code":0,"test-code":0}},"authorContributionVariance":{"liy722":0.0,"Seethevon":210.25,"ambertan77":0.0,"minnibb":0.0},"authorDisplayNameMap":{"liy722":"CS2103T-F13-4 LI Y..ANER","Seethevon":"CS2103T-F13-4 SEEV..FUNG","ambertan77":"CS2103T-F13-4 AMBE..NING","minnibb":"CS2103T-F13-4 GOH ..RIAN"}}
