{"authorDailyContributionsMap":{"gohlucas":[{"date":"2025-04-05","commitResults":[{"hash":"b11ba108607cf799879a0181a939716823503695","isMergeCommit":false,"messageTitle":"fix toc hyperlinks","messageBody":"","fileTypesAndContributionMap":{"docs":{"insertions":16,"deletions":16}}},{"hash":"e0d8ee692e4a9bc903fb6305c15244d2f1ffe724","isMergeCommit":false,"messageTitle":"Fix deletesport validation and Bugs in UG","messageBody":"","fileTypesAndContributionMap":{"functional-code":{"insertions":12,"deletions":3},"docs":{"insertions":20,"deletions":18}}},{"hash":"c37efbeba35b3164e8585b6002bd7f5cf7fff4d1","isMergeCommit":false,"messageTitle":"Fix Bugs","messageBody":"","fileTypesAndContributionMap":{"functional-code":{"insertions":14,"deletions":8},"docs":{"insertions":42,"deletions":12}}},{"hash":"6083bbf0c2239070118df58afbef645458db6f01","isMergeCommit":false,"messageTitle":"Fix test","messageBody":"","fileTypesAndContributionMap":{"test-code":{"insertions":1,"deletions":1}}},{"hash":"52d79a85d3bfc89c54bde8c7d85773d15c0080aa","isMergeCommit":false,"messageTitle":"Fix checkstyle","messageBody":"","fileTypesAndContributionMap":{"test-code":{"insertions":2,"deletions":1}}},{"hash":"fed9ac27fccc04030173c9d06d198382d8a9a05c","isMergeCommit":true,"messageTitle":"Merge pull request #244 from gohlucas/Guides-BugFix","messageBody":"Bug Fix and remedy for Addsport/Deletesport issues ","fileTypesAndContributionMap":{}},{"hash":"0a0c862c6456df2814902e56bae2dbce68ae2b28","isMergeCommit":false,"messageTitle":"Polish commands for deletesport","messageBody":"","fileTypesAndContributionMap":{"functional-code":{"insertions":5,"deletions":5}}},{"hash":"cef043420492df1edf51e687824508c5f3d18cb0","isMergeCommit":true,"messageTitle":"Merge pull request #245 from gohlucas/Guides-BugFix","messageBody":"Guides bug fix","fileTypesAndContributionMap":{}},{"hash":"6180136b4f8b2c803c366de31e5ab9befcf7d0d3","isMergeCommit":false,"messageTitle":"Add personal .md file","messageBody":"","fileTypesAndContributionMap":{"docs":{"insertions":34,"deletions":25}}},{"hash":"62afa8ab931a806694cd95c144f6685e125906b8","isMergeCommit":false,"messageTitle":"Update Name of md files to match tP requirements","messageBody":"","fileTypesAndContributionMap":{"docs":{"insertions":3,"deletions":3}}},{"hash":"4dec2760ed50fa5562693020dffcafe30e38e1e0","isMergeCommit":true,"messageTitle":"Merge pull request #246 from gohlucas/mdFile","messageBody":"Add personal .md file","fileTypesAndContributionMap":{}},{"hash":"cebc61b08a3d96ec1592dc13f63f2d9873615657","isMergeCommit":false,"messageTitle":"Save changes","messageBody":"","fileTypesAndContributionMap":{"docs":{"insertions":197,"deletions":30}}}]},{"date":"2025-04-06","commitResults":[{"hash":"1f2b100a115a5d67602ec427b6884e65aca056a9","isMergeCommit":false,"messageTitle":"Fix DG","messageBody":"","fileTypesAndContributionMap":{"functional-code":{"insertions":6,"deletions":16},"docs":{"insertions":242,"deletions":42},"test-code":{"insertions":11,"deletions":1}}},{"hash":"38bc7e68ec16fe8b4a0111efa221e3ae09c03882","isMergeCommit":false,"messageTitle":"Fix checkstyle","messageBody":"","fileTypesAndContributionMap":{"functional-code":{"insertions":0,"deletions":2}}},{"hash":"6f42b9455a776e2a8ab8a2d9c46add52239aa04f","isMergeCommit":false,"messageTitle":"Fix checkstyle","messageBody":"","fileTypesAndContributionMap":{"docs":{"insertions":8,"deletions":12}}},{"hash":"09f50c1a8106a9581b9b52b8a665e2204c8beda5","isMergeCommit":false,"messageTitle":"Fix Checkstyle","messageBody":"","fileTypesAndContributionMap":{"docs":{"insertions":46,"deletions":41}}},{"hash":"c8cfa6c53ac1822f5d748148a0da1c1638d459b7","isMergeCommit":false,"messageTitle":"Fix checkstyle","messageBody":"","fileTypesAndContributionMap":{"docs":{"insertions":4,"deletions":5}}},{"hash":"b5b862949ed06d4734cf33da6126b5bd6ddb6af5","isMergeCommit":true,"messageTitle":"Merge branch \u0027master\u0027 into DG-reinsert-glossary-and-others","messageBody":"","fileTypesAndContributionMap":{}},{"hash":"fc6e14bf0b35ad48dbe845ae6418956c4b3c5f1e","isMergeCommit":true,"messageTitle":"Merge pull request #248 from gohlucas/DG-reinsert-glossary-and-others","messageBody":"Update DG to reflect previously deleted stuff","fileTypesAndContributionMap":{}},{"hash":"9cdcbe51523b83c61612342b68a2904cd0bcc58c","isMergeCommit":true,"messageTitle":"Merge pull request #169 from gohlucas/Testcase","messageBody":"Testing","fileTypesAndContributionMap":{}},{"hash":"b183d7337c3513cc58b0fb2b1bb0ae904e7df2b0","isMergeCommit":false,"messageTitle":"Save changes for MultiPrefixSport","messageBody":"","fileTypesAndContributionMap":{"functional-code":{"insertions":10,"deletions":1}}},{"hash":"b404ddd4bd01e53a69de6f8c102321eaf915344f","isMergeCommit":false,"messageTitle":"Fix addgame Prefix","messageBody":"","fileTypesAndContributionMap":{"functional-code":{"insertions":2,"deletions":7}}},{"hash":"b30c600c7f00f297dfa9b1e77f74854edac0e8b8","isMergeCommit":false,"messageTitle":"Fix checkstyle","messageBody":"","fileTypesAndContributionMap":{"docs":{"insertions":5,"deletions":5}}},{"hash":"eca701cb0f52e362893cfdc841cce2dfd1f68a0e","isMergeCommit":true,"messageTitle":"Merge pull request #257 from gohlucas/Bugss","messageBody":"Save changes for MultiPrefixSport ","fileTypesAndContributionMap":{}},{"hash":"1ccb3117ce098491faf0853784a4d6e00afe873b","isMergeCommit":false,"messageTitle":"Fix edit index issue","messageBody":"","fileTypesAndContributionMap":{"functional-code":{"insertions":2,"deletions":1},"test-code":{"insertions":1,"deletions":0}}},{"hash":"c6ec56e2ce0eff1e159d201580f064c577eb5231","isMergeCommit":false,"messageTitle":"Fix at least 1 edit","messageBody":"","fileTypesAndContributionMap":{"functional-code":{"insertions":5,"deletions":3}}},{"hash":"9fb0925d75fec30fb2782702f99d608395247450","isMergeCommit":false,"messageTitle":"Checkstyle and fix edit","messageBody":"","fileTypesAndContributionMap":{"functional-code":{"insertions":5,"deletions":2},"test-code":{"insertions":8,"deletions":10}}},{"hash":"6aca5e5642547be5b2abe4359cd1a8787ee0795c","isMergeCommit":false,"messageTitle":"Fix Help Message","messageBody":"","fileTypesAndContributionMap":{"functional-code":{"insertions":1,"deletions":1}}},{"hash":"bb8f92ca4cb3967a7f0b2100680f60468f48ffa3","isMergeCommit":true,"messageTitle":"Merge pull request #261 from gohlucas/FixEDit","messageBody":"Fix edit index issue","fileTypesAndContributionMap":{}},{"hash":"b28010fcc7d4f1c8fee037608c0e8e4694ee070b","isMergeCommit":false,"messageTitle":"Fix Invalid Msg","messageBody":"","fileTypesAndContributionMap":{"functional-code":{"insertions":1,"deletions":1}}},{"hash":"a11c8acb8be6ec7d10b030f8138ff9d3c9976d72","isMergeCommit":true,"messageTitle":"Merge pull request #265 from gohlucas/AddMemberCommand","messageBody":"Fix Invalid Msg","fileTypesAndContributionMap":{}}]},{"date":"2025-04-07","commitResults":[{"hash":"4428550f0da3a0430d93482969299facaf6a5aa9","isMergeCommit":false,"messageTitle":"Add log and assert","messageBody":"","fileTypesAndContributionMap":{"functional-code":{"insertions":2,"deletions":0}}},{"hash":"98ba56ff6ef9171744430c91b277900c8337c82f","isMergeCommit":true,"messageTitle":"Merge pull request #268 from gohlucas/Logging","messageBody":"Add log and assert","fileTypesAndContributionMap":{}},{"hash":"5fbeeac4264e1cf121d1d6292fc7ed6528898c31","isMergeCommit":false,"messageTitle":"Fix TOC","messageBody":"","fileTypesAndContributionMap":{"docs":{"insertions":14,"deletions":14}}},{"hash":"7b8fec96b3a0e9cfc307ac6c86830620d46c1e2b","isMergeCommit":true,"messageTitle":"Merge pull request #269 from gohlucas/UG-TOC","messageBody":"Fix TOC","fileTypesAndContributionMap":{}},{"hash":"f5422f925acb1c6082e78339dbc0f9a0f3cd6874","isMergeCommit":false,"messageTitle":"Fix toc","messageBody":"","fileTypesAndContributionMap":{"docs":{"insertions":8,"deletions":8}}},{"hash":"0ff639a89139f46289488c46a9195a21f5daeb7b","isMergeCommit":true,"messageTitle":"Merge pull request #270 from gohlucas/UG-TOC","messageBody":"Fix toc","fileTypesAndContributionMap":{}},{"hash":"b2812362a7e83530695c84924dd33fb401684905","isMergeCommit":false,"messageTitle":"Modify TOC","messageBody":"","fileTypesAndContributionMap":{"docs":{"insertions":15,"deletions":22}}},{"hash":"f742c72b747a91b15f4ed498782b3620812b1afb","isMergeCommit":true,"messageTitle":"Merge pull request #271 from gohlucas/UG-TOC","messageBody":"Modify TOC","fileTypesAndContributionMap":{}},{"hash":"a7eb1b1d6bf7f7e70868879a4c1c038a5eca737d","isMergeCommit":false,"messageTitle":"Update UG to remove Table Tennis no space allowed","messageBody":"","fileTypesAndContributionMap":{"docs":{"insertions":0,"deletions":1}}},{"hash":"bb32c0e21d58262ac8daddb40323b958c605098f","isMergeCommit":true,"messageTitle":"Merge pull request #273 from gohlucas/UG-TOC","messageBody":"Update UG to remove Table Tennis no space allowed","fileTypesAndContributionMap":{}},{"hash":"7a39c0b4fbb4a93f32beda41f68a870cef38af31","isMergeCommit":false,"messageTitle":"Add link to guides on landing page","messageBody":"","fileTypesAndContributionMap":{"docs":{"insertions":1,"deletions":0}}},{"hash":"c7a1bb0b384bad559072e925702a2a0fc9b573c9","isMergeCommit":true,"messageTitle":"Merge pull request #275 from gohlucas/Index","messageBody":"Add link to guides on landing page","fileTypesAndContributionMap":{}},{"hash":"5277a4a98407af01df298fbab2b7285fd5071a0e","isMergeCommit":false,"messageTitle":"Fix pages","messageBody":"","fileTypesAndContributionMap":{"other":{"insertions":4,"deletions":4},"docs":{"insertions":42,"deletions":6}}},{"hash":"1272a655307e207680c73a6fe0084b087d102bfe","isMergeCommit":true,"messageTitle":"Merge pull request #276 from gohlucas/Index","messageBody":"Fix pages","fileTypesAndContributionMap":{}},{"hash":"ab8cc613b85ad8eafa35d711baa2b0741abc2792","isMergeCommit":false,"messageTitle":"Fix page","messageBody":"","fileTypesAndContributionMap":{"other":{"insertions":1,"deletions":1},"docs":{"insertions":1,"deletions":1}}},{"hash":"7111f294a15d10980e40f15188804e5e187c667c","isMergeCommit":true,"messageTitle":"Merge pull request #277 from gohlucas/Pages","messageBody":"Fix page","fileTypesAndContributionMap":{}},{"hash":"86fa1e95ace5b28771cfb56174ed088bae78bf40","isMergeCommit":false,"messageTitle":"Fix pages","messageBody":"","fileTypesAndContributionMap":{"other":{"insertions":15,"deletions":15}}},{"hash":"06a1c27b3577669ed219e9ce55ea0fcfe78754e1","isMergeCommit":true,"messageTitle":"Merge pull request #278 from gohlucas/Pages","messageBody":"Fix pages","fileTypesAndContributionMap":{}},{"hash":"fafb9e4635390ae24e3250447436491d2dd1d30c","isMergeCommit":false,"messageTitle":"Fix 1","messageBody":"","fileTypesAndContributionMap":{"other":{"insertions":15,"deletions":15},"docs":{"insertions":7,"deletions":4}}},{"hash":"13042c3265204a19bb45e26cef018d916bb6e671","isMergeCommit":true,"messageTitle":"Merge pull request #279 from gohlucas/Pages","messageBody":"Fix 1","fileTypesAndContributionMap":{}},{"hash":"d3237ed37525281deeb1ef91a5072103ab07c592","isMergeCommit":false,"messageTitle":"Fix page","messageBody":"","fileTypesAndContributionMap":{"other":{"insertions":2,"deletions":0},"docs":{"insertions":0,"deletions":4}}},{"hash":"5fef65337816232cfc687942e93898c4d5a58151","isMergeCommit":true,"messageTitle":"Merge pull request #280 from gohlucas/Pages","messageBody":"Fix page","fileTypesAndContributionMap":{}},{"hash":"8bdad89e8745c738d4f62ab197295b720d1e6a8a","isMergeCommit":false,"messageTitle":"Fix 2","messageBody":"","fileTypesAndContributionMap":{"docs":{"insertions":8,"deletions":6}}},{"hash":"2ff138efea9a5ef14767181ec005b7f118cb61cd","isMergeCommit":true,"messageTitle":"Merge pull request #281 from gohlucas/Pages","messageBody":"Fix 2","fileTypesAndContributionMap":{}},{"hash":"dab7db9df1d53e5dc1a5c6450c9679bc0968f614","isMergeCommit":false,"messageTitle":"Fix 3","messageBody":"","fileTypesAndContributionMap":{"docs":{"insertions":0,"deletions":2}}},{"hash":"ccadc91cacc936cf50b8d590191329d61d6c2ead","isMergeCommit":true,"messageTitle":"Merge pull request #282 from gohlucas/Pages","messageBody":"Fix 3","fileTypesAndContributionMap":{}},{"hash":"419afa8fb9c85f1ad44dbf529b278cde5a9349c7","isMergeCommit":false,"messageTitle":"Fix 4","messageBody":"","fileTypesAndContributionMap":{"docs":{"insertions":2,"deletions":0}}},{"hash":"6b3d645ad15d46f34215a702ebd21fe398a1e35f","isMergeCommit":true,"messageTitle":"Merge pull request #283 from gohlucas/Pages","messageBody":"Fix 3","fileTypesAndContributionMap":{}},{"hash":"82324a015682761629e9ed78f27aabe64c422901","isMergeCommit":false,"messageTitle":"Fix 5","messageBody":"","fileTypesAndContributionMap":{"docs":{"insertions":1,"deletions":3}}},{"hash":"f688a5407f3738b39f7ac69c239713241f638d9e","isMergeCommit":true,"messageTitle":"Merge pull request #284 from gohlucas/Pages","messageBody":"Fix 5","fileTypesAndContributionMap":{}},{"hash":"c0f74a3d89578846e624c8c6d7d14846b5509d62","isMergeCommit":false,"messageTitle":"Fix 6","messageBody":"","fileTypesAndContributionMap":{"other":{"insertions":0,"deletions":2}}},{"hash":"533ec0920a559fd052e9e9d47ca61b8b53411310","isMergeCommit":true,"messageTitle":"Merge pull request #285 from gohlucas/Pages","messageBody":"Fix 6","fileTypesAndContributionMap":{}},{"hash":"f92f515709e4655dca2a9c48a51988a9a93cab60","isMergeCommit":false,"messageTitle":"New fix","messageBody":"","fileTypesAndContributionMap":{"docs":{"insertions":12,"deletions":0}}},{"hash":"2a9066f41e55b2c3117e34b7e2da93d9febab027","isMergeCommit":true,"messageTitle":"Merge pull request #286 from gohlucas/Pages","messageBody":"Fix 3","fileTypesAndContributionMap":{}},{"hash":"de62099a95b4b9099955e33dd74fc1e69c0b31ea","isMergeCommit":false,"messageTitle":"New Fix 1","messageBody":"","fileTypesAndContributionMap":{"other":{"insertions":1,"deletions":1}}},{"hash":"dbc1013a0e761d7d13bb5f7dc15c2106ca240d58","isMergeCommit":true,"messageTitle":"Merge pull request #287 from gohlucas/Pages","messageBody":"","fileTypesAndContributionMap":{}},{"hash":"a2546cb172617862e8f2b61bef82c4a67c810bd5","isMergeCommit":false,"messageTitle":"Fix","messageBody":"","fileTypesAndContributionMap":{"docs":{"insertions":0,"deletions":2}}},{"hash":"7b22de87896a5e97b92bbe1cd0e8bb14ab88b8ec","isMergeCommit":true,"messageTitle":"Merge pull request #288 from gohlucas/Pages","messageBody":"Fix","fileTypesAndContributionMap":{}},{"hash":"2948f0c1eba408f447b7342beefd7cc4695440fb","isMergeCommit":false,"messageTitle":"Fix","messageBody":"","fileTypesAndContributionMap":{"other":{"insertions":0,"deletions":5},"docs":{"insertions":0,"deletions":1}}},{"hash":"efa9eee015a6b8eb9e5b268b9bd750b79c8c4d94","isMergeCommit":true,"messageTitle":"Merge pull request #289 from gohlucas/Pages","messageBody":"","fileTypesAndContributionMap":{}}]}],"isaacchua0309":[],"darHH":[{"date":"2025-04-06","commitResults":[{"hash":"be932ac71e376ddfb5129ae4472d097786da91d2","isMergeCommit":false,"messageTitle":"Fixed bugs for deletemembercommand and editgamelocation command","messageBody":"","fileTypesAndContributionMap":{"functional-code":{"insertions":101,"deletions":19}}},{"hash":"c5b47dea179f4426313e31155579d371776e31d0","isMergeCommit":true,"messageTitle":"Merge pull request #254 from darHH/v1.6-Bug-Fixes-Darren","messageBody":"Fixed bugs for deletemembercommand and editgamelocation command","fileTypesAndContributionMap":{}},{"hash":"3e2efd521dd6110d49a3edb467ce28b239ef5a06","isMergeCommit":false,"messageTitle":"Help window GUI wrap texts","messageBody":"","fileTypesAndContributionMap":{"functional-code":{"insertions":14,"deletions":1}}},{"hash":"8e09f1e12cc127a3e3de9cb2a77ea27ae2f87619","isMergeCommit":false,"messageTitle":"Restrict new sport to 30 characters (excluding whitespace) for createsport command","messageBody":"","fileTypesAndContributionMap":{"functional-code":{"insertions":8,"deletions":0}}},{"hash":"ed261b95ab58f351652bbcd609d9b78da0575d54","isMergeCommit":false,"messageTitle":"increase height for results display box","messageBody":"","fileTypesAndContributionMap":{"functional-code":{"insertions":1,"deletions":1}}},{"hash":"01bfb0a9d37bbbaf3a577b5f3bf223d7aa7f9e6c","isMergeCommit":false,"messageTitle":"Minor changes","messageBody":"","fileTypesAndContributionMap":{"functional-code":{"insertions":0,"deletions":18}}},{"hash":"50c88150ea010246f8a0d38574505b4da01639cd","isMergeCommit":true,"messageTitle":"Merge pull request #255 from darHH/v1.6-Bug-Fixes-Darren","messageBody":"V1.6 bug fixes darren 2.0","fileTypesAndContributionMap":{}},{"hash":"7d192d47b06c1380af44a9e9749fdfb45a54bbc6","isMergeCommit":false,"messageTitle":"Minor changes to functional code","messageBody":"","fileTypesAndContributionMap":{"functional-code":{"insertions":1,"deletions":24}}},{"hash":"b105bab91d21e84ccf41a8c29fd0bc694cede9b8","isMergeCommit":false,"messageTitle":"Minor Changes","messageBody":"","fileTypesAndContributionMap":{"functional-code":{"insertions":1,"deletions":5}}},{"hash":"6bc2127dd44c0e66581a5e0ec0d476b16dc8cd53","isMergeCommit":true,"messageTitle":"Merge pull request #260 from darHH/v1.6-Bug-Fixes-Darren","messageBody":"V1.6 bug fixes darren v3","fileTypesAndContributionMap":{}},{"hash":"0281d80c8e1972de084c55408f7e82dc92615262","isMergeCommit":false,"messageTitle":"Add editgamelocation to userguide","messageBody":"","fileTypesAndContributionMap":{"functional-code":{"insertions":1,"deletions":1},"docs":{"insertions":14,"deletions":0}}},{"hash":"0e351ede86eb37c33f34a1815e9ebf4f093f4e21","isMergeCommit":false,"messageTitle":"User guide improvements","messageBody":"","fileTypesAndContributionMap":{"docs":{"insertions":3,"deletions":1}}},{"hash":"86db5a3189dabd076bc6bcf952e2b044e13b30b9","isMergeCommit":false,"messageTitle":"User guide changes","messageBody":"","fileTypesAndContributionMap":{"docs":{"insertions":2,"deletions":4}}},{"hash":"fac7820f447a09a25a5257492b761494feb2f610","isMergeCommit":true,"messageTitle":"Merge pull request #262 from darHH/v1.6-UG-updates-Darren","messageBody":"V1.6 ug updates darren 1.0","fileTypesAndContributionMap":{}},{"hash":"9c6a56b39bdc50a365a095d39b0e7b9bf2ff6188","isMergeCommit":false,"messageTitle":"User Guide improvements","messageBody":"","fileTypesAndContributionMap":{"docs":{"insertions":5,"deletions":2}}},{"hash":"b731999055caf31106a3093be8a3adfb2cca08d8","isMergeCommit":false,"messageTitle":"User Guide improvements","messageBody":"","fileTypesAndContributionMap":{"docs":{"insertions":16,"deletions":18}}},{"hash":"f68622605461c6838a86def5cf61835914485c3f","isMergeCommit":false,"messageTitle":"UG Improvements","messageBody":"","fileTypesAndContributionMap":{"docs":{"insertions":2,"deletions":2}}},{"hash":"6ea74dfc1b7b87062bcb89bbab115c52986924d0","isMergeCommit":true,"messageTitle":"Merge branch \u0027master\u0027 into v1.6-UG-updates-Darren","messageBody":"","fileTypesAndContributionMap":{}},{"hash":"95ce0381098e6bf2db5b397e5b3acf3eaf3adec1","isMergeCommit":true,"messageTitle":"Merge pull request #263 from darHH/v1.6-UG-updates-Darren","messageBody":"V1.6 ug updates darren","fileTypesAndContributionMap":{}},{"hash":"9dea8192e4c8153c247102cff7eb35c5204a6ca4","isMergeCommit":false,"messageTitle":"Minor Bug Fixes","messageBody":"","fileTypesAndContributionMap":{"functional-code":{"insertions":0,"deletions":28},"docs":{"insertions":1,"deletions":0}}},{"hash":"ec814f1385183235b3ad08e905863709192f85eb","isMergeCommit":false,"messageTitle":"Minor bug fixes 2.0","messageBody":"","fileTypesAndContributionMap":{"functional-code":{"insertions":3,"deletions":7}}},{"hash":"a2079cc6527e8e989af916cb777845870e20288c","isMergeCommit":true,"messageTitle":"Merge pull request #264 from darHH/v1.6-UG-updates-Darren","messageBody":"V1.6 ug updates darren","fileTypesAndContributionMap":{}},{"hash":"4d0008707ff70bf639dce2afd61c58036f936291","isMergeCommit":false,"messageTitle":"Minor changes","messageBody":"","fileTypesAndContributionMap":{"functional-code":{"insertions":0,"deletions":11}}},{"hash":"f9288c681a021a43355ebfd2eac5b7298929b579","isMergeCommit":true,"messageTitle":"Merge pull request #266 from darHH/v1.6-Bug-Fixes-Darren","messageBody":"Minor changes","fileTypesAndContributionMap":{}}]}],"noahang":[{"date":"2025-04-06","commitResults":[{"hash":"a18c05c22f97ee3afb87b77362c71e22510d32bb","isMergeCommit":false,"messageTitle":"Bug fix where list where alphabetical sort was case-sensitive","messageBody":"","fileTypesAndContributionMap":{"functional-code":{"insertions":1,"deletions":1}}},{"hash":"8762dd65637f30c87515bd7ed71c4f60f90164a0","isMergeCommit":false,"messageTitle":"Make user guide explain that command words are case sensitive","messageBody":"","fileTypesAndContributionMap":{"docs":{"insertions":3,"deletions":3}}},{"hash":"409fd5942040b2863b4821e9d9db3f528e37a12b","isMergeCommit":true,"messageTitle":"Merge pull request #259 from noahang/findsport-case-sensitive-bug-fix","messageBody":"Make user guide explain that command words are case sensitive","fileTypesAndContributionMap":{}},{"hash":"917d1a4837e27e6589ce6a9f11d209be3ae354b5","isMergeCommit":true,"messageTitle":"Merge pull request #256 from noahang/alphabetical-bug-fix-noah","messageBody":"Bug fix where list where alphabetical sort was case-sensitive","fileTypesAndContributionMap":{}}]},{"date":"2025-04-07","commitResults":[{"hash":"28184c3ea508b382772184c5aceb0d854948f04a","isMergeCommit":false,"messageTitle":"Fix bug where addressbook does not sort alphabetically on start-up","messageBody":"","fileTypesAndContributionMap":{"functional-code":{"insertions":2,"deletions":16},"docs":{"insertions":1,"deletions":1}}},{"hash":"a4cfac7131bf508a4a3222b3f7d4fedac35fd2c3","isMergeCommit":true,"messageTitle":"Merge pull request #272 from noahang/loading-addressbook-bug-fixes","messageBody":"Fix bug where addressbook does not sort alphabetically on start-up","fileTypesAndContributionMap":{}},{"hash":"cb047855184df3b448a9e2dc1172895988bf0c51","isMergeCommit":false,"messageTitle":"Fix typo in error message for invalid command format in Add command","messageBody":"","fileTypesAndContributionMap":{"functional-code":{"insertions":1,"deletions":1}}},{"hash":"ae069a5c4aef78f3a299186943e0c246087eecad","isMergeCommit":false,"messageTitle":"UI fix for editgamelocation command","messageBody":"","fileTypesAndContributionMap":{"functional-code":{"insertions":11,"deletions":0}}},{"hash":"4dc416bbb411abf80d4d073b944c6fdb0ac3d062","isMergeCommit":true,"messageTitle":"Merge pull request #274 from noahang/master","messageBody":"Fix typo in error message for invalid command format in Add command, other UI fixes","fileTypesAndContributionMap":{}}]}],"SomneelSaha2004":[{"date":"2025-04-05","commitResults":[{"hash":"91523692a54a275fe78d40a4e0648217c685b763","isMergeCommit":false,"messageTitle":"Fix [PE-D][Tester C] Some example commands in the UG do not work","messageBody":"","fileTypesAndContributionMap":{"functional-code":{"insertions":2,"deletions":2},"docs":{"insertions":38,"deletions":38}}},{"hash":"125e03c5fc1e810acfa749c4bcca9fd01606e71b","isMergeCommit":false,"messageTitle":"Fix UG links","messageBody":"","fileTypesAndContributionMap":{"docs":{"insertions":11,"deletions":11}}},{"hash":"9cce70c0a73815d4da267fb0a2be7aceb45750d8","isMergeCommit":false,"messageTitle":"Fix UG links","messageBody":"","fileTypesAndContributionMap":{"docs":{"insertions":14,"deletions":14}}},{"hash":"bc1ff73e8c4db3e5bcc306252cc247d354956de2","isMergeCommit":false,"messageTitle":"Fix UG links","messageBody":"","fileTypesAndContributionMap":{"docs":{"insertions":30,"deletions":44}}}]},{"date":"2025-04-06","commitResults":[{"hash":"268a4ed7e54d2ef94de1f858cf52d3d17aa4a328","isMergeCommit":true,"messageTitle":"Merge branch \u0027master\u0027 into master","messageBody":"","fileTypesAndContributionMap":{}},{"hash":"51cb05451bb0bf34bbb30ddea8b75d82eed6cabd","isMergeCommit":true,"messageTitle":"Merge pull request #249 from SomneelSaha2004/master","messageBody":"Fix issues related to UG and HelpWindow","fileTypesAndContributionMap":{}},{"hash":"00fd2da6033d0ba44896e0ac639e8f29ff3e1ca4","isMergeCommit":false,"messageTitle":"Add sports with space to createsport","messageBody":"","fileTypesAndContributionMap":{"functional-code":{"insertions":2,"deletions":2},"docs":{"insertions":0,"deletions":3}}},{"hash":"4de8925610b37d3acfe08d78b284beafb1d3cb83","isMergeCommit":false,"messageTitle":"checkstyle","messageBody":"","fileTypesAndContributionMap":{"functional-code":{"insertions":1,"deletions":1}}},{"hash":"0cf893082326c1e2fbddb7fcde52fd8de7a43b2d","isMergeCommit":true,"messageTitle":"Merge pull request #250 from SomneelSaha2004/BugFixes","messageBody":"Add sports with space to createsport closes #227","fileTypesAndContributionMap":{}},{"hash":"29d145734a816fa41bfc6f2acec181c3addd5e97","isMergeCommit":false,"messageTitle":"multi space sports allowed","messageBody":"","fileTypesAndContributionMap":{"functional-code":{"insertions":6,"deletions":2}}},{"hash":"6c53d55420033dabefa4b08be032a7e17c661c24","isMergeCommit":true,"messageTitle":"Merge branch \u0027AY2425S2-CS2103T-F12-1:master\u0027 into BugFixes","messageBody":"","fileTypesAndContributionMap":{}},{"hash":"9056550e21325b0c9ec23399efde3d92615809c3","isMergeCommit":true,"messageTitle":"Merge pull request #251 from SomneelSaha2004/BugFixes","messageBody":"Bug fixes","fileTypesAndContributionMap":{}},{"hash":"c9fb3d3671b85e8b5a06263d1fe2a5b83023a9e3","isMergeCommit":false,"messageTitle":"Fixed issues related to data corruption","messageBody":"","fileTypesAndContributionMap":{"functional-code":{"insertions":21,"deletions":4}}},{"hash":"2e452a9025eb16b342c5cddf46dce10360c7da8c","isMergeCommit":true,"messageTitle":"Merge remote-tracking branch \u0027origin/BugFixes\u0027 into BugFixes","messageBody":"","fileTypesAndContributionMap":{}},{"hash":"d4f3b6e95c5b0e945b71c5d398c94cec4492077d","isMergeCommit":true,"messageTitle":"Merge pull request #252 from SomneelSaha2004/BugFixes","messageBody":"Fixed bugs related to data corruption closes #236","fileTypesAndContributionMap":{}},{"hash":"11a46ff58438cb01b2aca9d87029842ef454e791","isMergeCommit":false,"messageTitle":"Bug fixes","messageBody":"","fileTypesAndContributionMap":{"functional-code":{"insertions":5,"deletions":2},"docs":{"insertions":2,"deletions":2}}},{"hash":"ea95a15425e7b9c2baf688c4d6be9939b1c1b418","isMergeCommit":false,"messageTitle":"Bug fixes","messageBody":"","fileTypesAndContributionMap":{"functional-code":{"insertions":4,"deletions":3}}},{"hash":"d102eadc10e77c5c1b4868d1b9f38cfe49d3f6ec","isMergeCommit":false,"messageTitle":"Bug fixes","messageBody":"","fileTypesAndContributionMap":{"test-code":{"insertions":1,"deletions":25}}},{"hash":"d5eed77b8c2a0f18d3188fc7b31137fb3cb449fc","isMergeCommit":false,"messageTitle":"Bug fixes","messageBody":"","fileTypesAndContributionMap":{"test-code":{"insertions":2,"deletions":3}}},{"hash":"470590c4eaab791d477864479629f5c1fb76f9ac","isMergeCommit":true,"messageTitle":"Merge pull request #253 from SomneelSaha2004/BugFixes","messageBody":"Bug fixes closes #206","fileTypesAndContributionMap":{}}]},{"date":"2025-04-07","commitResults":[{"hash":"c5a2279754d481e4e94d7bbdce0ffa548a09e349","isMergeCommit":false,"messageTitle":"Fixed issues related to data corruption","messageBody":"","fileTypesAndContributionMap":{"functional-code":{"insertions":8,"deletions":3},"test-code":{"insertions":2,"deletions":2}}},{"hash":"a7dd2cb05dee67d382b181c750da76c03c41dcb0","isMergeCommit":true,"messageTitle":"Merge pull request #267 from SomneelSaha2004/BugFixes","messageBody":"Remove duplicate names in contacts closes #224","fileTypesAndContributionMap":{}}]}]},"authorFileTypeContributionMap":{"gohlucas":{"docs":539,"functional-code":52,"test-code":21,"other":1},"isaacchua0309":{"docs":0,"functional-code":0,"test-code":0},"darHH":{"docs":32,"functional-code":48,"test-code":0},"noahang":{"docs":3,"functional-code":14,"test-code":0},"SomneelSaha2004":{"docs":16,"functional-code":41,"test-code":4}},"authorContributionVariance":{"gohlucas":10960.223,"isaacchua0309":0.0,"darHH":22050.0,"noahang":197.55554,"SomneelSaha2004":6029.555},"authorDisplayNameMap":{"gohlucas":"CS2103T-F12-1 GOH ..UCAS","isaacchua0309":"CS2103T-F12-1 ISAA..IANG","darHH":"CS2103T-F12-1 DARR..HONG","noahang":"CS2103T-F12-1 NOAH..HERN","SomneelSaha2004":"CS2103T-F12-1 SAHA..UMAR"}}
