[{"path":"docs/DeveloperGuide.md","fileType":"docs","lines":[{"lineNumber":1,"author":{"gitId":"-"},"content":"---","lastModifiedDate":"2020-05-23T01:10:16","isFullCredit":false},{"lineNumber":2,"author":{"gitId":"-"},"content":"  layout: default.md","lastModifiedDate":"2023-09-12T01:20:47","isFullCredit":false},{"lineNumber":3,"author":{"gitId":"-"},"content":"  title: \"Developer Guide\"","lastModifiedDate":"2023-09-12T01:20:47","isFullCredit":false},{"lineNumber":4,"author":{"gitId":"-"},"content":"  pageNav: 3","lastModifiedDate":"2023-09-12T01:20:47","isFullCredit":false},{"lineNumber":5,"author":{"gitId":"-"},"content":"---","lastModifiedDate":"2020-05-23T01:10:16","isFullCredit":false},{"lineNumber":6,"author":{"gitId":"-"},"content":"","lastModifiedDate":"2023-09-12T01:20:47","isFullCredit":false},{"lineNumber":7,"author":{"gitId":"-"},"content":"# HRQuickAccess Developer Guide","lastModifiedDate":"2025-03-11T21:24:00","isFullCredit":false},{"lineNumber":8,"author":{"gitId":"-"},"content":"","lastModifiedDate":"2023-09-12T01:20:47","isFullCredit":false},{"lineNumber":9,"author":{"gitId":"-"},"content":"\u003c!-- * Table of Contents --\u003e","lastModifiedDate":"2023-09-12T01:20:47","isFullCredit":false},{"lineNumber":10,"author":{"gitId":"-"},"content":"\u003cpage-nav-print /\u003e","lastModifiedDate":"2023-09-12T01:20:47","isFullCredit":false},{"lineNumber":11,"author":{"gitId":"-"},"content":"","lastModifiedDate":"2020-05-23T01:10:16","isFullCredit":false},{"lineNumber":12,"author":{"gitId":"-"},"content":"---","lastModifiedDate":"2025-03-11T21:24:00","isFullCredit":false},{"lineNumber":13,"author":{"gitId":"-"},"content":"","lastModifiedDate":"2021-07-30T16:51:28","isFullCredit":false},{"lineNumber":14,"author":{"gitId":"-"},"content":"## **Acknowledgements**","lastModifiedDate":"2021-07-30T16:51:28","isFullCredit":false},{"lineNumber":15,"author":{"gitId":"-"},"content":"","lastModifiedDate":"2021-07-30T16:51:28","isFullCredit":false},{"lineNumber":16,"author":{"gitId":"-"},"content":"HRQuickAccess is based on the AddressBook-Level3 application. Learn more about the project [here](https://se-education.org/addressbook-level3/).","lastModifiedDate":"2025-04-02T21:56:17","isFullCredit":false},{"lineNumber":17,"author":{"gitId":"-"},"content":"","lastModifiedDate":"2021-07-30T16:51:28","isFullCredit":false},{"lineNumber":18,"author":{"gitId":"-"},"content":"---","lastModifiedDate":"2025-03-11T21:24:00","isFullCredit":false},{"lineNumber":19,"author":{"gitId":"-"},"content":"","lastModifiedDate":"2020-05-23T01:10:16","isFullCredit":false},{"lineNumber":20,"author":{"gitId":"-"},"content":"## **Setting up, getting started**","lastModifiedDate":"2020-05-23T01:10:16","isFullCredit":false},{"lineNumber":21,"author":{"gitId":"-"},"content":"","lastModifiedDate":"2020-05-23T01:10:16","isFullCredit":false},{"lineNumber":22,"author":{"gitId":"zihung20"},"content":"Refer to the guide [_Setting up and getting started_](https://ay2425s2-cs2103t-t15-1a.github.io/tp/SettingUp.html).","lastModifiedDate":"2025-04-06T11:01:13","isFullCredit":false},{"lineNumber":23,"author":{"gitId":"-"},"content":"","lastModifiedDate":"2020-05-23T01:10:16","isFullCredit":false},{"lineNumber":24,"author":{"gitId":"-"},"content":"---","lastModifiedDate":"2025-03-11T21:24:00","isFullCredit":false},{"lineNumber":25,"author":{"gitId":"-"},"content":"","lastModifiedDate":"2020-05-23T01:10:16","isFullCredit":false},{"lineNumber":26,"author":{"gitId":"-"},"content":"## **Design**","lastModifiedDate":"2020-05-23T01:10:16","isFullCredit":false},{"lineNumber":27,"author":{"gitId":"-"},"content":"","lastModifiedDate":"2020-05-23T01:10:16","isFullCredit":false},{"lineNumber":28,"author":{"gitId":"-"},"content":"### Architecture","lastModifiedDate":"2021-07-31T22:18:32","isFullCredit":false},{"lineNumber":29,"author":{"gitId":"-"},"content":"","lastModifiedDate":"2020-05-23T01:10:16","isFullCredit":false},{"lineNumber":30,"author":{"gitId":"-"},"content":"\u003cpuml src\u003d\"diagrams/ArchitectureDiagram.puml\" width\u003d\"280\" /\u003e","lastModifiedDate":"2023-09-12T01:20:47","isFullCredit":false},{"lineNumber":31,"author":{"gitId":"-"},"content":"","lastModifiedDate":"2020-05-23T01:10:16","isFullCredit":false},{"lineNumber":32,"author":{"gitId":"-"},"content":"The **_Architecture Diagram_** given above explains the high-level design of the App.","lastModifiedDate":"2025-03-11T21:24:00","isFullCredit":false},{"lineNumber":33,"author":{"gitId":"-"},"content":"","lastModifiedDate":"2020-05-23T01:10:16","isFullCredit":false},{"lineNumber":34,"author":{"gitId":"-"},"content":"Given below is a quick overview of main components and how they interact with each other.","lastModifiedDate":"2021-07-31T22:18:32","isFullCredit":false},{"lineNumber":35,"author":{"gitId":"-"},"content":"","lastModifiedDate":"2021-07-31T22:18:32","isFullCredit":false},{"lineNumber":36,"author":{"gitId":"-"},"content":"**Main components of the architecture**","lastModifiedDate":"2021-07-31T22:18:32","isFullCredit":false},{"lineNumber":37,"author":{"gitId":"-"},"content":"","lastModifiedDate":"2020-05-23T01:10:16","isFullCredit":false},{"lineNumber":38,"author":{"gitId":"-"},"content":"**`Main`** (consisting of classes [`Main`](https://github.com/AY2425S2-CS2103T-T15-1a/tp/blob/master/src/main/java/seedu/address/Main.java) and [`MainApp`](https://github.com/AY2425S2-CS2103T-T15-1a/tp/blob/master/src/main/java/seedu/address/MainApp.java)) is in charge of the app launch and shut down.","lastModifiedDate":"2025-04-02T21:56:17","isFullCredit":false},{"lineNumber":39,"author":{"gitId":"-"},"content":"","lastModifiedDate":"2025-03-11T21:24:00","isFullCredit":false},{"lineNumber":40,"author":{"gitId":"-"},"content":"- At app launch, it initializes the other components in the correct sequence, and connects them up with each other.","lastModifiedDate":"2025-03-11T21:24:00","isFullCredit":false},{"lineNumber":41,"author":{"gitId":"-"},"content":"- At shut down, it shuts down the other components and invokes cleanup methods where necessary.","lastModifiedDate":"2025-03-11T21:24:00","isFullCredit":false},{"lineNumber":42,"author":{"gitId":"-"},"content":"","lastModifiedDate":"2020-05-23T01:10:16","isFullCredit":false},{"lineNumber":43,"author":{"gitId":"-"},"content":"The bulk of the app\u0027s work is done by the following four components:","lastModifiedDate":"2023-09-03T21:32:43","isFullCredit":false},{"lineNumber":44,"author":{"gitId":"-"},"content":"","lastModifiedDate":"2020-05-23T01:10:16","isFullCredit":false},{"lineNumber":45,"author":{"gitId":"-"},"content":"- [**`UI`**](#ui-component): The UI of the App.","lastModifiedDate":"2025-03-11T21:24:00","isFullCredit":false},{"lineNumber":46,"author":{"gitId":"-"},"content":"- [**`Logic`**](#logic-component): The command executor.","lastModifiedDate":"2025-03-11T21:24:00","isFullCredit":false},{"lineNumber":47,"author":{"gitId":"-"},"content":"- [**`Model`**](#model-component): Holds the data of the App in memory.","lastModifiedDate":"2025-03-11T21:24:00","isFullCredit":false},{"lineNumber":48,"author":{"gitId":"-"},"content":"- [**`Storage`**](#storage-component): Reads data from, and writes data to, the hard disk.","lastModifiedDate":"2025-03-11T21:24:00","isFullCredit":false},{"lineNumber":49,"author":{"gitId":"-"},"content":"","lastModifiedDate":"2020-05-23T01:10:16","isFullCredit":false},{"lineNumber":50,"author":{"gitId":"-"},"content":"[**`Commons`**](#common-classes) represents a collection of classes used by multiple other components.","lastModifiedDate":"2023-09-03T21:32:43","isFullCredit":false},{"lineNumber":51,"author":{"gitId":"-"},"content":"","lastModifiedDate":"2020-05-23T01:10:16","isFullCredit":false},{"lineNumber":52,"author":{"gitId":"-"},"content":"**How the architecture components interact with each other**","lastModifiedDate":"2020-05-23T01:10:16","isFullCredit":false},{"lineNumber":53,"author":{"gitId":"-"},"content":"","lastModifiedDate":"2020-05-23T01:10:16","isFullCredit":false},{"lineNumber":54,"author":{"gitId":"-"},"content":"The _Sequence Diagram_ below shows how the components interact with each other for the scenario where the user issues the command `delete 1`.","lastModifiedDate":"2025-03-11T21:24:00","isFullCredit":false},{"lineNumber":55,"author":{"gitId":"-"},"content":"","lastModifiedDate":"2020-05-23T01:10:16","isFullCredit":false},{"lineNumber":56,"author":{"gitId":"-"},"content":"\u003cpuml src\u003d\"diagrams/ArchitectureSequenceDiagram.puml\" width\u003d\"574\" /\u003e","lastModifiedDate":"2023-09-12T01:20:47","isFullCredit":false},{"lineNumber":57,"author":{"gitId":"-"},"content":"","lastModifiedDate":"2020-05-23T01:10:16","isFullCredit":false},{"lineNumber":58,"author":{"gitId":"-"},"content":"Each of the four main components (also shown in the diagram above),","lastModifiedDate":"2021-07-31T22:18:32","isFullCredit":false},{"lineNumber":59,"author":{"gitId":"-"},"content":"","lastModifiedDate":"2021-07-31T22:18:32","isFullCredit":false},{"lineNumber":60,"author":{"gitId":"-"},"content":"- defines its _API_ in an `interface` with the same name as the Component.","lastModifiedDate":"2025-03-11T21:24:00","isFullCredit":false},{"lineNumber":61,"author":{"gitId":"-"},"content":"- implements its functionality using a concrete `{Component Name}Manager` class (which follows the corresponding API `interface` mentioned in the previous point.","lastModifiedDate":"2025-03-11T21:24:00","isFullCredit":false},{"lineNumber":62,"author":{"gitId":"-"},"content":"","lastModifiedDate":"2021-07-31T22:18:32","isFullCredit":false},{"lineNumber":63,"author":{"gitId":"-"},"content":"For example, the `Logic` component defines its API in the `Logic.java` interface and implements its functionality using the `LogicManager.java` class which follows the `Logic` interface. Other components interact with a given component through its interface rather than the concrete class (reason: to prevent outside component\u0027s being coupled to the implementation of a component), as illustrated in the (partial) class diagram below.","lastModifiedDate":"2021-07-31T22:18:32","isFullCredit":false},{"lineNumber":64,"author":{"gitId":"-"},"content":"","lastModifiedDate":"2021-07-31T22:18:32","isFullCredit":false},{"lineNumber":65,"author":{"gitId":"-"},"content":"\u003cpuml src\u003d\"diagrams/ComponentManagers.puml\" width\u003d\"300\" /\u003e","lastModifiedDate":"2023-09-12T01:20:47","isFullCredit":false},{"lineNumber":66,"author":{"gitId":"-"},"content":"","lastModifiedDate":"2021-07-31T22:18:32","isFullCredit":false},{"lineNumber":67,"author":{"gitId":"-"},"content":"The sections below give more details of each component.","lastModifiedDate":"2020-05-23T01:10:16","isFullCredit":false},{"lineNumber":68,"author":{"gitId":"-"},"content":"","lastModifiedDate":"2020-05-23T01:10:16","isFullCredit":false},{"lineNumber":69,"author":{"gitId":"-"},"content":"### UI component","lastModifiedDate":"2020-05-23T01:10:16","isFullCredit":false},{"lineNumber":70,"author":{"gitId":"-"},"content":"","lastModifiedDate":"2020-05-23T01:10:16","isFullCredit":false},{"lineNumber":71,"author":{"gitId":"-"},"content":"The **API** of this component is specified in [`Ui.java`](https://github.com/AY2425S2-CS2103T-T15-1a/tp/blob/master/src/main/java/seedu/address/ui/Ui.java)","lastModifiedDate":"2025-04-02T21:56:17","isFullCredit":false},{"lineNumber":72,"author":{"gitId":"-"},"content":"","lastModifiedDate":"2020-05-23T01:10:16","isFullCredit":false},{"lineNumber":73,"author":{"gitId":"-"},"content":"\u003cpuml src\u003d\"diagrams/UiClassDiagram.puml\" alt\u003d\"Structure of the UI Component\"/\u003e","lastModifiedDate":"2023-09-12T01:20:47","isFullCredit":false},{"lineNumber":74,"author":{"gitId":"-"},"content":"","lastModifiedDate":"2020-05-23T01:10:16","isFullCredit":false},{"lineNumber":75,"author":{"gitId":"-"},"content":"The UI consists of a `MainWindow` that is made up of parts e.g.`CommandBox`, `ResultDisplay`, `PersonListPanel`, `DutyListPanel`, `StatusBarFooter` etc. All these, including the `MainWindow`, inherit from the abstract `UiPart` class which captures the commonalities between classes that represent parts of the visible GUI.","lastModifiedDate":"2025-04-02T21:56:17","isFullCredit":false},{"lineNumber":76,"author":{"gitId":"-"},"content":"","lastModifiedDate":"2020-05-23T01:10:16","isFullCredit":false},{"lineNumber":77,"author":{"gitId":"-"},"content":"The `UI` component uses the JavaFx UI framework. The layout of these UI parts are defined in matching `.fxml` files that are in the `src/main/resources/view` folder. For example, the layout of the [`MainWindow`](https://github.com/AY2425S2-CS2103T-T15-1a/tp/blob/master/src/main/java/seedu/address/ui/MainWindow.java) is specified in [`MainWindow.fxml`](https://github.com/AY2425S2-CS2103T-T15-1a/tp/blob/master/src/main/resources/view/MainWindow.fxml)","lastModifiedDate":"2025-04-02T21:56:17","isFullCredit":false},{"lineNumber":78,"author":{"gitId":"-"},"content":"","lastModifiedDate":"2020-05-23T01:10:16","isFullCredit":false},{"lineNumber":79,"author":{"gitId":"zihung20"},"content":"The `UI` component","lastModifiedDate":"2025-04-06T11:01:13","isFullCredit":false},{"lineNumber":80,"author":{"gitId":"-"},"content":"- executes user commands using the `Logic` component.","lastModifiedDate":"2025-03-11T21:24:00","isFullCredit":false},{"lineNumber":81,"author":{"gitId":"-"},"content":"- listens for changes to `Model` data so that the UI can be updated with the modified data.","lastModifiedDate":"2025-03-11T21:24:00","isFullCredit":false},{"lineNumber":82,"author":{"gitId":"-"},"content":"- keeps a reference to the `Logic` component, because the `UI` relies on the `Logic` to execute commands.","lastModifiedDate":"2025-03-11T21:24:00","isFullCredit":false},{"lineNumber":83,"author":{"gitId":"-"},"content":"- depends on some classes in the `Model` component, as it displays `Person` object residing in the `Model`.","lastModifiedDate":"2025-03-11T21:24:00","isFullCredit":false},{"lineNumber":84,"author":{"gitId":"-"},"content":"- depends on some classes in the `Logic` component, as it displays the `Duty` object residing in the `Model`.","lastModifiedDate":"2025-04-02T21:56:17","isFullCredit":false},{"lineNumber":85,"author":{"gitId":"-"},"content":"- handles user-triggered events such as command submissions and button clicks from the GUI.","lastModifiedDate":"2025-04-02T11:34:57","isFullCredit":false},{"lineNumber":86,"author":{"gitId":"-"},"content":"","lastModifiedDate":"2020-05-23T01:10:16","isFullCredit":false},{"lineNumber":87,"author":{"gitId":"-"},"content":"### Logic component","lastModifiedDate":"2020-05-23T01:10:16","isFullCredit":false},{"lineNumber":88,"author":{"gitId":"-"},"content":"","lastModifiedDate":"2020-05-23T01:10:16","isFullCredit":false},{"lineNumber":89,"author":{"gitId":"-"},"content":"**API** : [`Logic.java`](https://github.com/AY2425S2-CS2103T-T15-1a/tp/blob/master/src/main/java/seedu/address/logic/Logic.java)","lastModifiedDate":"2025-04-02T21:56:17","isFullCredit":false},{"lineNumber":90,"author":{"gitId":"-"},"content":"","lastModifiedDate":"2020-05-23T01:10:16","isFullCredit":false},{"lineNumber":91,"author":{"gitId":"-"},"content":"Here\u0027s a (partial) class diagram of the `Logic` component:","lastModifiedDate":"2021-07-31T22:24:10","isFullCredit":false},{"lineNumber":92,"author":{"gitId":"-"},"content":"","lastModifiedDate":"2020-05-23T01:10:16","isFullCredit":false},{"lineNumber":93,"author":{"gitId":"-"},"content":"\u003cpuml src\u003d\"diagrams/LogicClassDiagram.puml\" width\u003d\"550\"/\u003e","lastModifiedDate":"2023-09-12T01:20:47","isFullCredit":false},{"lineNumber":94,"author":{"gitId":"-"},"content":"","lastModifiedDate":"2020-05-23T01:10:16","isFullCredit":false},{"lineNumber":95,"author":{"gitId":"-"},"content":"The sequence diagram below illustrates the interactions within the `Logic` component, taking `execute(\"delete 1\")` API call as an example.","lastModifiedDate":"2023-09-03T21:32:43","isFullCredit":false},{"lineNumber":96,"author":{"gitId":"-"},"content":"","lastModifiedDate":"2020-05-23T01:10:16","isFullCredit":false},{"lineNumber":97,"author":{"gitId":"-"},"content":"\u003cpuml src\u003d\"diagrams/DeleteSequenceDiagram.puml\" alt\u003d\"Interactions Inside the Logic Component for the `delete 1` Command\" /\u003e","lastModifiedDate":"2023-09-12T01:20:47","isFullCredit":false},{"lineNumber":98,"author":{"gitId":"-"},"content":"","lastModifiedDate":"2023-09-12T01:20:47","isFullCredit":false},{"lineNumber":99,"author":{"gitId":"-"},"content":"\u003cbox type\u003d\"info\" seamless\u003e","lastModifiedDate":"2023-09-12T01:20:47","isFullCredit":false},{"lineNumber":100,"author":{"gitId":"-"},"content":"","lastModifiedDate":"2020-05-23T01:10:16","isFullCredit":false},{"lineNumber":101,"author":{"gitId":"-"},"content":"**Note:** The lifeline for `DeleteCommandParser` should end at the destroy marker (X) but due to a limitation of PlantUML, the lifeline continues till the end of diagram.","lastModifiedDate":"2023-09-12T01:20:47","isFullCredit":false},{"lineNumber":102,"author":{"gitId":"-"},"content":"\u003c/box\u003e","lastModifiedDate":"2023-09-12T01:20:47","isFullCredit":false},{"lineNumber":103,"author":{"gitId":"-"},"content":"","lastModifiedDate":"2020-05-23T01:10:16","isFullCredit":false},{"lineNumber":104,"author":{"gitId":"-"},"content":"How the `Logic` component works:","lastModifiedDate":"2023-09-03T21:32:43","isFullCredit":false},{"lineNumber":105,"author":{"gitId":"-"},"content":"","lastModifiedDate":"2023-09-03T21:32:43","isFullCredit":false},{"lineNumber":106,"author":{"gitId":"-"},"content":"1. When `Logic` is called upon to execute a command, it is passed to an `AddressBookParser` object which in turn creates a parser that matches the command (e.g., `DeleteCommandParser`) and uses it to parse the command.","lastModifiedDate":"2023-09-03T21:32:43","isFullCredit":false},{"lineNumber":107,"author":{"gitId":"-"},"content":"2. This results in a `Command` object (more precisely, an object of one of its subclasses e.g., `DeleteCommand`) which is executed by the `LogicManager`.","lastModifiedDate":"2025-04-02T11:34:57","isFullCredit":false},{"lineNumber":108,"author":{"gitId":"-"},"content":"3. The command can communicate with the `Model` when it is executed (e.g. to delete a person).\u003cbr\u003e","lastModifiedDate":"2025-04-02T11:34:57","isFullCredit":false},{"lineNumber":109,"author":{"gitId":"-"},"content":"   Note that although this is shown as a single step in the diagram above (for simplicity), in the code it can take several interactions (between the command object and the `Model`) to achieve.","lastModifiedDate":"2024-02-09T15:35:02","isFullCredit":false},{"lineNumber":110,"author":{"gitId":"-"},"content":"4. Returns a `CommandResult` which also carries UI instructions (e.g. show help, exit, or display person detail).","lastModifiedDate":"2025-04-02T11:34:57","isFullCredit":false},{"lineNumber":111,"author":{"gitId":"-"},"content":"5. The result of the command execution is encapsulated as a `CommandResult` object which is returned back from `Logic`.","lastModifiedDate":"2025-04-02T11:34:57","isFullCredit":false},{"lineNumber":112,"author":{"gitId":"-"},"content":"","lastModifiedDate":"2023-09-03T21:32:43","isFullCredit":false},{"lineNumber":113,"author":{"gitId":"-"},"content":"Here are the other classes in `Logic` (omitted from the class diagram above) that are used for parsing a user command:","lastModifiedDate":"2021-07-31T22:24:10","isFullCredit":false},{"lineNumber":114,"author":{"gitId":"-"},"content":"","lastModifiedDate":"2021-07-31T22:24:10","isFullCredit":false},{"lineNumber":115,"author":{"gitId":"-"},"content":"\u003cpuml src\u003d\"diagrams/ParserClasses.puml\" width\u003d\"600\"/\u003e","lastModifiedDate":"2023-09-12T01:20:47","isFullCredit":false},{"lineNumber":116,"author":{"gitId":"-"},"content":"","lastModifiedDate":"2020-05-23T01:10:16","isFullCredit":false},{"lineNumber":117,"author":{"gitId":"-"},"content":"How the parsing works:","lastModifiedDate":"2021-07-31T22:24:10","isFullCredit":false},{"lineNumber":118,"author":{"gitId":"-"},"content":"","lastModifiedDate":"2025-03-11T21:24:00","isFullCredit":false},{"lineNumber":119,"author":{"gitId":"-"},"content":"- When called upon to parse a user command, the `AddressBookParser` class creates an `XYZCommandParser` (`XYZ` is a placeholder for the specific command name e.g., `AddCommandParser`) which uses the other classes shown above to parse the user command and create a `XYZCommand` object (e.g., `AddCommand`) which the `AddressBookParser` returns back as a `Command` object.","lastModifiedDate":"2025-03-11T21:24:00","isFullCredit":false},{"lineNumber":120,"author":{"gitId":"-"},"content":"- All `XYZCommandParser` classes (e.g., `AddCommandParser`, `DeleteCommandParser`, ...) inherit from the `Parser` interface so that they can be treated similarly where possible e.g, during testing.","lastModifiedDate":"2025-03-11T21:24:00","isFullCredit":false},{"lineNumber":121,"author":{"gitId":"-"},"content":"","lastModifiedDate":"2020-05-23T01:10:16","isFullCredit":false},{"lineNumber":122,"author":{"gitId":"-"},"content":"### Model component","lastModifiedDate":"2021-07-31T22:25:23","isFullCredit":false},{"lineNumber":123,"author":{"gitId":"-"},"content":"","lastModifiedDate":"2025-03-11T21:24:00","isFullCredit":false},{"lineNumber":124,"author":{"gitId":"-"},"content":"**API** : [`Model.java`](https://github.com/AY2425S2-CS2103T-T15-1a/tp/blob/master/src/main/java/seedu/address/model/Model.java)","lastModifiedDate":"2025-04-02T21:56:17","isFullCredit":false},{"lineNumber":125,"author":{"gitId":"-"},"content":"","lastModifiedDate":"2020-05-23T01:10:16","isFullCredit":false},{"lineNumber":126,"author":{"gitId":"-"},"content":"\u003cpuml src\u003d\"diagrams/ModelClassDiagram.puml\" width\u003d\"450\" /\u003e","lastModifiedDate":"2023-09-12T01:20:47","isFullCredit":false},{"lineNumber":127,"author":{"gitId":"-"},"content":"","lastModifiedDate":"2020-05-23T01:10:16","isFullCredit":false},{"lineNumber":128,"author":{"gitId":"-"},"content":"The `Model` component,","lastModifiedDate":"2021-07-31T22:25:23","isFullCredit":false},{"lineNumber":129,"author":{"gitId":"-"},"content":"","lastModifiedDate":"2020-05-23T01:10:16","isFullCredit":false},{"lineNumber":130,"author":{"gitId":"-"},"content":"- stores the address book data i.e., all `Person` objects (which are contained in a `UniquePersonList` object).","lastModifiedDate":"2025-03-11T21:24:00","isFullCredit":false},{"lineNumber":131,"author":{"gitId":"zihung20"},"content":"- stores the currently \u0027selected\u0027 `Person` objects (e.g., results of a search query) as a separate _filtered_ list which is exposed to outsiders as an unmodifiable `ObservableList\u003cPerson\u003e` that can be \u0027observed\u0027 e.g. the UI can be bound to this list so that the UI automatically updates when the data in the list changes.","lastModifiedDate":"2025-04-06T11:32:33","isFullCredit":false},{"lineNumber":132,"author":{"gitId":"-"},"content":"- stores a `UserPref` object that represents the user’s preferences. This is exposed to the outside as a `ReadOnlyUserPref` objects.","lastModifiedDate":"2025-03-11T21:24:00","isFullCredit":false},{"lineNumber":133,"author":{"gitId":"-"},"content":"- does not depend on any of the other three components (as the `Model` represents data entities of the domain, they should make sense on their own without depending on other components)","lastModifiedDate":"2025-03-11T21:24:00","isFullCredit":false},{"lineNumber":134,"author":{"gitId":"-"},"content":"","lastModifiedDate":"2021-07-31T22:25:23","isFullCredit":false},{"lineNumber":135,"author":{"gitId":"-"},"content":"\u003cbox type\u003d\"info\" seamless\u003e","lastModifiedDate":"2023-09-12T01:20:47","isFullCredit":false},{"lineNumber":136,"author":{"gitId":"-"},"content":"","lastModifiedDate":"2023-09-12T01:20:47","isFullCredit":false},{"lineNumber":137,"author":{"gitId":"-"},"content":"**Note:** An alternative (arguably, a more OOP) model is given below.\u003cbr\u003e","lastModifiedDate":"2025-04-02T21:56:17","isFullCredit":false},{"lineNumber":138,"author":{"gitId":"-"},"content":"","lastModifiedDate":"2021-07-31T22:25:23","isFullCredit":false},{"lineNumber":139,"author":{"gitId":"-"},"content":"\u003cpuml src\u003d\"diagrams/BetterModelClassDiagram.puml\" width\u003d\"450\" /\u003e","lastModifiedDate":"2023-09-12T01:20:47","isFullCredit":false},{"lineNumber":140,"author":{"gitId":"-"},"content":"","lastModifiedDate":"2020-05-23T01:10:16","isFullCredit":false},{"lineNumber":141,"author":{"gitId":"-"},"content":"\u003c/box\u003e","lastModifiedDate":"2023-09-12T01:20:47","isFullCredit":false},{"lineNumber":142,"author":{"gitId":"-"},"content":"","lastModifiedDate":"2020-05-23T01:10:16","isFullCredit":false},{"lineNumber":143,"author":{"gitId":"-"},"content":"### Storage component","lastModifiedDate":"2020-05-23T01:10:16","isFullCredit":false},{"lineNumber":144,"author":{"gitId":"-"},"content":"","lastModifiedDate":"2020-05-23T01:10:16","isFullCredit":false},{"lineNumber":145,"author":{"gitId":"-"},"content":"**API** : [`Storage.java`](https://github.com/AY2425S2-CS2103T-T15-1a/tp/blob/master/src/main/java/seedu/address/storage/Storage.java)","lastModifiedDate":"2025-04-02T21:56:17","isFullCredit":false},{"lineNumber":146,"author":{"gitId":"-"},"content":"","lastModifiedDate":"2020-05-23T01:10:16","isFullCredit":false},{"lineNumber":147,"author":{"gitId":"-"},"content":"\u003cpuml src\u003d\"diagrams/StorageClassDiagram.puml\" width\u003d\"550\" /\u003e","lastModifiedDate":"2023-09-12T01:20:47","isFullCredit":false},{"lineNumber":148,"author":{"gitId":"-"},"content":"","lastModifiedDate":"2021-07-31T22:26:25","isFullCredit":false},{"lineNumber":149,"author":{"gitId":"-"},"content":"The `Storage` component,","lastModifiedDate":"2020-05-23T01:10:16","isFullCredit":false},{"lineNumber":150,"author":{"gitId":"-"},"content":"","lastModifiedDate":"2025-03-11T21:24:00","isFullCredit":false},{"lineNumber":151,"author":{"gitId":"-"},"content":"- can save both address book data and user preference data in JSON format, and read them back into corresponding objects.","lastModifiedDate":"2025-03-11T21:24:00","isFullCredit":false},{"lineNumber":152,"author":{"gitId":"-"},"content":"- inherits from both `AddressBookStorage` and `UserPrefStorage`, which means it can be treated as either one (if only the functionality of only one is needed).","lastModifiedDate":"2025-03-11T21:24:00","isFullCredit":false},{"lineNumber":153,"author":{"gitId":"-"},"content":"- stores data in a local JSON file located at `/data/addressbook.json`.","lastModifiedDate":"2025-04-02T11:34:57","isFullCredit":false},{"lineNumber":154,"author":{"gitId":"-"},"content":"- depends on some classes in the `Model` component (because the `Storage` component\u0027s job is to save/retrieve objects that belong to the `Model`)","lastModifiedDate":"2025-03-11T21:24:00","isFullCredit":false},{"lineNumber":155,"author":{"gitId":"-"},"content":"","lastModifiedDate":"2020-05-23T01:10:16","isFullCredit":false},{"lineNumber":156,"author":{"gitId":"-"},"content":"### Common classes","lastModifiedDate":"2020-05-23T01:10:16","isFullCredit":false},{"lineNumber":157,"author":{"gitId":"-"},"content":"","lastModifiedDate":"2020-05-23T01:10:16","isFullCredit":false},{"lineNumber":158,"author":{"gitId":"-"},"content":"Classes used by multiple components are in the `seedu.address.commons` package.","lastModifiedDate":"2024-07-17T04:27:55","isFullCredit":false},{"lineNumber":159,"author":{"gitId":"-"},"content":"","lastModifiedDate":"2020-05-23T01:10:16","isFullCredit":false},{"lineNumber":160,"author":{"gitId":"-"},"content":"---","lastModifiedDate":"2025-03-11T21:24:00","isFullCredit":false},{"lineNumber":161,"author":{"gitId":"-"},"content":"","lastModifiedDate":"2020-05-23T01:10:16","isFullCredit":false},{"lineNumber":162,"author":{"gitId":"-"},"content":"## **Implementation**","lastModifiedDate":"2020-05-23T01:10:16","isFullCredit":false},{"lineNumber":163,"author":{"gitId":"-"},"content":"","lastModifiedDate":"2020-05-23T01:10:16","isFullCredit":false},{"lineNumber":164,"author":{"gitId":"-"},"content":"This section describes some noteworthy details on how certain features are implemented.","lastModifiedDate":"2020-05-23T01:10:16","isFullCredit":false},{"lineNumber":165,"author":{"gitId":"-"},"content":"","lastModifiedDate":"2020-05-23T01:10:16","isFullCredit":false},{"lineNumber":166,"author":{"gitId":"-"},"content":"### Reassign Command","lastModifiedDate":"2025-04-03T22:45:11","isFullCredit":false},{"lineNumber":167,"author":{"gitId":"-"},"content":"","lastModifiedDate":"2020-05-23T01:10:16","isFullCredit":false},{"lineNumber":168,"author":{"gitId":"-"},"content":"**API**: [`ReassignCommand.java`](https://github.com/AY2425S2-CS2103T-T15-1a/tp/blob/master/src/main/java/seedu/address/logic/commands/ReassignCommand.java)","lastModifiedDate":"2025-04-03T22:45:11","isFullCredit":false},{"lineNumber":169,"author":{"gitId":"-"},"content":"","lastModifiedDate":"2020-05-23T01:10:16","isFullCredit":false},{"lineNumber":170,"author":{"gitId":"-"},"content":"\u003cpuml src\u003d\"diagrams/ReassignCommandSequenceDiagram.puml\" /\u003e","lastModifiedDate":"2025-04-03T22:45:11","isFullCredit":false},{"lineNumber":171,"author":{"gitId":"-"},"content":"","lastModifiedDate":"2025-04-03T22:45:11","isFullCredit":false},{"lineNumber":172,"author":{"gitId":"-"},"content":"The `Reassign` feature, allows the reassigning of personnel\u0027s duties.","lastModifiedDate":"2025-04-03T22:45:11","isFullCredit":false},{"lineNumber":173,"author":{"gitId":"-"},"content":"1. Command input entered by the user is passed through the UI component.","lastModifiedDate":"2025-04-03T22:45:11","isFullCredit":false},{"lineNumber":174,"author":{"gitId":"-"},"content":"2. The UI component calls the execute function in the class `ReassignCommand`.","lastModifiedDate":"2025-04-03T22:45:11","isFullCredit":false},{"lineNumber":175,"author":{"gitId":"-"},"content":"3. `ReassignCommand` will then unassign the old duty and then assign the new duty to the target personnel.","lastModifiedDate":"2025-04-03T22:45:11","isFullCredit":false},{"lineNumber":176,"author":{"gitId":"-"},"content":"4. `ReassignCommand` returns the command execution result back to UI.","lastModifiedDate":"2025-04-03T22:45:11","isFullCredit":false},{"lineNumber":177,"author":{"gitId":"-"},"content":"5. Finally, the UI component shows the updated entry to the user.","lastModifiedDate":"2025-04-03T22:45:11","isFullCredit":false},{"lineNumber":178,"author":{"gitId":"-"},"content":"","lastModifiedDate":"2025-04-03T22:45:11","isFullCredit":false},{"lineNumber":179,"author":{"gitId":"-"},"content":"### Edit Command","lastModifiedDate":"2025-04-03T22:45:11","isFullCredit":false},{"lineNumber":180,"author":{"gitId":"-"},"content":"","lastModifiedDate":"2025-04-03T22:45:11","isFullCredit":false},{"lineNumber":181,"author":{"gitId":"-"},"content":"**API**: [`EditCommand.java`](https://github.com/AY2425S2-CS2103T-T15-1a/tp/blob/master/src/main/java/seedu/address/logic/commands/EditCommand.java)","lastModifiedDate":"2025-04-03T22:45:11","isFullCredit":false},{"lineNumber":182,"author":{"gitId":"-"},"content":"","lastModifiedDate":"2025-04-03T22:45:11","isFullCredit":false},{"lineNumber":183,"author":{"gitId":"-"},"content":"\u003cpuml src\u003d\"diagrams/EditCommandObjectDiagram.puml\" /\u003e","lastModifiedDate":"2025-04-03T22:45:11","isFullCredit":false},{"lineNumber":184,"author":{"gitId":"-"},"content":"","lastModifiedDate":"2025-04-03T22:45:11","isFullCredit":false},{"lineNumber":185,"author":{"gitId":"zihung20"},"content":"The `Edit` feature allows users to edit existing personnel\u0027s entry information.","lastModifiedDate":"2025-04-06T11:01:13","isFullCredit":false},{"lineNumber":186,"author":{"gitId":"-"},"content":"","lastModifiedDate":"2025-04-03T22:45:11","isFullCredit":false},{"lineNumber":187,"author":{"gitId":"-"},"content":"During the process of an edit command, a **personToEdit** `Person` object would be referenced to store the attributes of the target entry.","lastModifiedDate":"2025-04-03T22:45:11","isFullCredit":false},{"lineNumber":188,"author":{"gitId":"-"},"content":"Additionally, an **updatedPerson** `Person` object would be created which represents the new `Person` object to replace **personToEdit**.","lastModifiedDate":"2025-04-03T22:45:11","isFullCredit":false},{"lineNumber":189,"author":{"gitId":"-"},"content":"","lastModifiedDate":"2025-04-03T22:45:11","isFullCredit":false},{"lineNumber":190,"author":{"gitId":"-"},"content":"The **updatedPerson** objects will have the new updated attributes indicated by the user, while the rest of the attributes which are not edited would be storing **personToEdit** original attribute.","lastModifiedDate":"2025-04-03T22:45:11","isFullCredit":false},{"lineNumber":191,"author":{"gitId":"-"},"content":"","lastModifiedDate":"2025-04-03T22:45:11","isFullCredit":false},{"lineNumber":192,"author":{"gitId":"-"},"content":"In the given UML diagram example, it can be seen that the **updatedPerson**\u0027s `Duty` object is still the same as the `Duty` object from **personToEdit**, while updated attributes such as `Rank`, `Company`, `Address` and `Name` are different objects.","lastModifiedDate":"2025-04-03T22:45:11","isFullCredit":false},{"lineNumber":193,"author":{"gitId":"-"},"content":"","lastModifiedDate":"2025-04-03T22:45:11","isFullCredit":false},{"lineNumber":194,"author":{"gitId":"-"},"content":"### Filter Command","lastModifiedDate":"2025-04-03T22:45:11","isFullCredit":false},{"lineNumber":195,"author":{"gitId":"-"},"content":"","lastModifiedDate":"2025-04-03T22:45:11","isFullCredit":false},{"lineNumber":196,"author":{"gitId":"-"},"content":"**API**: [`FilterCommand.java`](https://github.com/AY2425S2-CS2103T-T15-1a/tp/blob/master/src/main/java/seedu/address/logic/commands/FilterCommand.java)","lastModifiedDate":"2025-04-03T22:45:11","isFullCredit":false},{"lineNumber":197,"author":{"gitId":"-"},"content":"","lastModifiedDate":"2025-04-03T22:45:11","isFullCredit":false},{"lineNumber":198,"author":{"gitId":"-"},"content":"\u003cpuml src\u003d\"diagrams/FilterCommand.puml\" /\u003e","lastModifiedDate":"2025-04-03T22:45:11","isFullCredit":false},{"lineNumber":199,"author":{"gitId":"-"},"content":"","lastModifiedDate":"2025-04-03T22:45:11","isFullCredit":false},{"lineNumber":200,"author":{"gitId":"zihung20"},"content":"The `Filter` feature allows users to filter personnel\u0027s entry according to their `Company` attribute.","lastModifiedDate":"2025-04-06T11:01:13","isFullCredit":false},{"lineNumber":201,"author":{"gitId":"-"},"content":"","lastModifiedDate":"2025-04-03T22:45:11","isFullCredit":false},{"lineNumber":202,"author":{"gitId":"-"},"content":"`FilterCommand` uses the class `CompanyContainsKeywordsPredicate` which in turn tests a given `Person` object to find out whether they fit the keyword given.","lastModifiedDate":"2025-04-03T22:45:11","isFullCredit":false},{"lineNumber":203,"author":{"gitId":"-"},"content":"","lastModifiedDate":"2025-04-03T22:45:11","isFullCredit":false},{"lineNumber":204,"author":{"gitId":"-"},"content":"This way, the feature is able to filter out entries that are not from the intended `Company`.","lastModifiedDate":"2025-04-03T22:45:11","isFullCredit":false},{"lineNumber":205,"author":{"gitId":"-"},"content":"","lastModifiedDate":"2020-05-23T01:10:16","isFullCredit":false},{"lineNumber":206,"author":{"gitId":"-"},"content":"---","lastModifiedDate":"2025-03-11T21:24:00","isFullCredit":false},{"lineNumber":207,"author":{"gitId":"-"},"content":"","lastModifiedDate":"2020-05-23T01:10:16","isFullCredit":false},{"lineNumber":208,"author":{"gitId":"-"},"content":"## **Documentation, logging, testing, configuration, dev-ops**","lastModifiedDate":"2020-06-07T20:45:58","isFullCredit":false},{"lineNumber":209,"author":{"gitId":"-"},"content":"","lastModifiedDate":"2020-05-23T01:10:16","isFullCredit":false},{"lineNumber":210,"author":{"gitId":"zihung20"},"content":"- [Documentation guide](https://ay2425s2-cs2103t-t15-1a.github.io/tp/Documentation.html)","lastModifiedDate":"2025-04-06T11:39:16","isFullCredit":false},{"lineNumber":211,"author":{"gitId":"zihung20"},"content":"- [Testing guide](https://ay2425s2-cs2103t-t15-1a.github.io/tp/Testing.html)","lastModifiedDate":"2025-04-06T11:39:16","isFullCredit":false},{"lineNumber":212,"author":{"gitId":"zihung20"},"content":"- [Logging guide](https://ay2425s2-cs2103t-t15-1a.github.io/tp/Logging.html)","lastModifiedDate":"2025-04-06T11:39:16","isFullCredit":false},{"lineNumber":213,"author":{"gitId":"zihung20"},"content":"- [Configuration guide](https://ay2425s2-cs2103t-t15-1a.github.io/tp/Configuration.html)","lastModifiedDate":"2025-04-06T11:39:16","isFullCredit":false},{"lineNumber":214,"author":{"gitId":"zihung20"},"content":"- [DevOps guide](https://ay2425s2-cs2103t-t15-1a.github.io/tp/DevOps.html)","lastModifiedDate":"2025-04-06T11:39:16","isFullCredit":false},{"lineNumber":215,"author":{"gitId":"-"},"content":"","lastModifiedDate":"2020-05-23T01:10:16","isFullCredit":false},{"lineNumber":216,"author":{"gitId":"-"},"content":"---","lastModifiedDate":"2025-03-11T21:24:00","isFullCredit":false},{"lineNumber":217,"author":{"gitId":"-"},"content":"","lastModifiedDate":"2020-05-23T01:10:16","isFullCredit":false},{"lineNumber":218,"author":{"gitId":"-"},"content":"## **Appendix: Requirements**","lastModifiedDate":"2020-05-23T01:10:16","isFullCredit":false},{"lineNumber":219,"author":{"gitId":"-"},"content":"","lastModifiedDate":"2020-05-23T01:10:16","isFullCredit":false},{"lineNumber":220,"author":{"gitId":"-"},"content":"### Product scope","lastModifiedDate":"2020-05-23T01:10:16","isFullCredit":false},{"lineNumber":221,"author":{"gitId":"-"},"content":"","lastModifiedDate":"2020-05-23T01:10:16","isFullCredit":false},{"lineNumber":222,"author":{"gitId":"-"},"content":"**Target user profile**:","lastModifiedDate":"2020-05-23T01:10:16","isFullCredit":false},{"lineNumber":223,"author":{"gitId":"-"},"content":"","lastModifiedDate":"2020-05-23T01:10:16","isFullCredit":false},{"lineNumber":224,"author":{"gitId":"-"},"content":"S1 Branch staff (i.e. Human resource) for an Army Battalion, responsible for managing and organizing extensive troop information across various roles, ranks, and duties. The HR staff needs quick, efficient access to troop details for streamlined communication and duty scheduling.","lastModifiedDate":"2025-03-11T21:24:00","isFullCredit":false},{"lineNumber":225,"author":{"gitId":"-"},"content":"","lastModifiedDate":"2025-03-11T21:24:00","isFullCredit":false},{"lineNumber":226,"author":{"gitId":"-"},"content":"**Value proposition**:","lastModifiedDate":"2025-03-11T21:24:00","isFullCredit":false},{"lineNumber":227,"author":{"gitId":"-"},"content":"","lastModifiedDate":"2025-03-11T21:24:00","isFullCredit":false},{"lineNumber":228,"author":{"gitId":"-"},"content":"1. HRQuickAccess provides HR personnel with fast, keyboard-focused access to essential troop information, including contact details and duty dates","lastModifiedDate":"2025-03-11T21:24:00","isFullCredit":false},{"lineNumber":229,"author":{"gitId":"-"},"content":"","lastModifiedDate":"2025-03-11T21:24:00","isFullCredit":false},{"lineNumber":230,"author":{"gitId":"zihung20"},"content":"   **Rationale**: The Singapore Armed Forces (SAF) primarily issue and utilize laptops with security cards within army camps; as such, tech accessories such as mouses and additional monitors are less common and applicable. Through command line interface (CLI) interface, we can overcome this constraint","lastModifiedDate":"2025-04-06T11:32:33","isFullCredit":false},{"lineNumber":231,"author":{"gitId":"-"},"content":"","lastModifiedDate":"2020-05-23T01:10:16","isFullCredit":false},{"lineNumber":232,"author":{"gitId":"-"},"content":"2. HRQuickAccess does not require internet access to operate, as all its data is stored locally instead of remotely","lastModifiedDate":"2025-03-11T21:24:00","isFullCredit":false},{"lineNumber":233,"author":{"gitId":"-"},"content":"","lastModifiedDate":"2020-05-23T01:10:16","isFullCredit":false},{"lineNumber":234,"author":{"gitId":"zihung20"},"content":"   **Rationale**: SAF-issued laptops cannot be connected to the internet (less INET laptops) for security reasons. By having a local database, we can work around this constraint","lastModifiedDate":"2025-04-06T11:32:33","isFullCredit":false},{"lineNumber":235,"author":{"gitId":"-"},"content":"","lastModifiedDate":"2025-03-11T21:24:00","isFullCredit":false},{"lineNumber":236,"author":{"gitId":"-"},"content":"3. HRQuickAccess offers a better alternative to the current system of using Microsoft Excel, which is prone to human errors, by offering ease of use, quick lookups, and smooth updates, as well as a clean interface","lastModifiedDate":"2025-03-11T21:24:00","isFullCredit":false},{"lineNumber":237,"author":{"gitId":"-"},"content":"","lastModifiedDate":"2025-03-11T21:24:00","isFullCredit":false},{"lineNumber":238,"author":{"gitId":"zihung20"},"content":"   **Rationale**: There are currently no better alternatives for HR staff who prefer a fast, typing-focused workflow, leaving many to rely on Microsoft Excel. However, Excel is prone to human error, inefficient for quick lookups, and cumbersome for regular updates","lastModifiedDate":"2025-04-06T11:32:33","isFullCredit":false},{"lineNumber":239,"author":{"gitId":"-"},"content":"","lastModifiedDate":"2020-05-23T01:10:16","isFullCredit":false},{"lineNumber":240,"author":{"gitId":"-"},"content":"### User stories","lastModifiedDate":"2020-06-07T16:51:22","isFullCredit":false},{"lineNumber":241,"author":{"gitId":"-"},"content":"","lastModifiedDate":"2020-05-23T01:10:16","isFullCredit":false},{"lineNumber":242,"author":{"gitId":"-"},"content":"Priorities: High (must have) - `* * *`, Medium (nice to have) - `* *`, Low (unlikely to have) - `*`","lastModifiedDate":"2020-05-23T01:10:16","isFullCredit":false},{"lineNumber":243,"author":{"gitId":"-"},"content":"","lastModifiedDate":"2020-05-23T01:10:16","isFullCredit":false},{"lineNumber":244,"author":{"gitId":"-"},"content":"| Priority | As a/an …​              | I want to …​                                                 | So that I can…​                                                           |","lastModifiedDate":"2025-03-11T21:24:00","isFullCredit":false},{"lineNumber":245,"author":{"gitId":"zihung20"},"content":"| -------- |-------------------------|--------------------------------------------------------------| ------------------------------------------------------------------------- |","lastModifiedDate":"2025-04-06T11:32:33","isFullCredit":false},{"lineNumber":246,"author":{"gitId":"-"},"content":"| `* * *`  | S1 Branch Staff         | add entries                                                  | add contacts into the address book                                        |","lastModifiedDate":"2025-03-11T21:24:00","isFullCredit":false},{"lineNumber":247,"author":{"gitId":"-"},"content":"| `* * *`  | S1 Branch Staff         | delete entries                                               | remove contacts into the address book                                     |","lastModifiedDate":"2025-03-11T21:24:00","isFullCredit":false},{"lineNumber":248,"author":{"gitId":"-"},"content":"| `* * *`  | S1 Branch Staff         | view entries                                                 | see a personnel details                                                   |","lastModifiedDate":"2025-03-11T21:24:00","isFullCredit":false},{"lineNumber":249,"author":{"gitId":"-"},"content":"| `* * *`  | S1 Branch Staff         | assign duties                                                | assign more duties to a personnel                                         |","lastModifiedDate":"2025-03-11T21:24:00","isFullCredit":false},{"lineNumber":250,"author":{"gitId":"-"},"content":"| `* *`    | S1 Branch Staff         | have a cleaner GUI (i.e concise, minimalistic)               | not get tired looking at the app all day.                                 |","lastModifiedDate":"2025-03-11T21:24:00","isFullCredit":false},{"lineNumber":251,"author":{"gitId":"-"},"content":"| `* * *`  | S1 Branch Staff         | be able to add pictures to profile entries                   | recognize the entries easily.                                             |","lastModifiedDate":"2025-03-11T21:24:00","isFullCredit":false},{"lineNumber":252,"author":{"gitId":"-"},"content":"| `* *`    | S1 Branch Staff         | have a quick search function using partial names or keywords | find personnels even if I don’t remember their full details               |","lastModifiedDate":"2025-03-11T21:24:00","isFullCredit":false},{"lineNumber":253,"author":{"gitId":"-"},"content":"| `* *`    | S1 Branch Staff         | quickly access and update the duty dates of troops           | efficiently manage scheduling, deployments, and rotations without delays. |","lastModifiedDate":"2025-03-11T21:24:00","isFullCredit":false},{"lineNumber":254,"author":{"gitId":"zihung20"},"content":"| `* *`    | user from the S1 Branch | have a filter feature                                         | so that I can filter the companies of personnel that I want to know about.      |","lastModifiedDate":"2025-04-06T11:32:33","isFullCredit":false},{"lineNumber":255,"author":{"gitId":"-"},"content":"","lastModifiedDate":"2020-05-23T01:10:16","isFullCredit":false},{"lineNumber":256,"author":{"gitId":"-"},"content":"_{More to be added}_","lastModifiedDate":"2025-03-11T21:24:00","isFullCredit":false},{"lineNumber":257,"author":{"gitId":"-"},"content":"","lastModifiedDate":"2020-05-23T01:10:16","isFullCredit":false},{"lineNumber":258,"author":{"gitId":"-"},"content":"### Use cases","lastModifiedDate":"2020-06-07T16:51:22","isFullCredit":false},{"lineNumber":259,"author":{"gitId":"-"},"content":"","lastModifiedDate":"2020-05-23T01:10:16","isFullCredit":false},{"lineNumber":260,"author":{"gitId":"-"},"content":"(For all use cases below, the **System** is the `HRQuickAccess` and the **Actor** is the `Branch Staff`, unless specified otherwise)","lastModifiedDate":"2025-03-11T21:24:00","isFullCredit":false},{"lineNumber":261,"author":{"gitId":"-"},"content":"","lastModifiedDate":"2025-03-11T21:24:00","isFullCredit":false},{"lineNumber":262,"author":{"gitId":"-"},"content":"#### **Use Case: UC1 - Add a new personnel’s entry**","lastModifiedDate":"2025-03-11T21:24:00","isFullCredit":false},{"lineNumber":263,"author":{"gitId":"-"},"content":"","lastModifiedDate":"2020-05-23T01:10:16","isFullCredit":false},{"lineNumber":264,"author":{"gitId":"-"},"content":"**Preconditions:**","lastModifiedDate":"2025-03-11T21:24:00","isFullCredit":false},{"lineNumber":265,"author":{"gitId":"-"},"content":"","lastModifiedDate":"2020-05-23T01:10:16","isFullCredit":false},{"lineNumber":266,"author":{"gitId":"-"},"content":"- The system must be on the home page.","lastModifiedDate":"2025-03-11T21:24:00","isFullCredit":false},{"lineNumber":267,"author":{"gitId":"-"},"content":"- The system must be able to connect to its local database without issues.","lastModifiedDate":"2025-03-11T21:24:00","isFullCredit":false},{"lineNumber":268,"author":{"gitId":"-"},"content":"","lastModifiedDate":"2020-05-23T01:10:16","isFullCredit":false},{"lineNumber":269,"author":{"gitId":"-"},"content":"**Main Success Scenario (MSS):**","lastModifiedDate":"2025-03-11T21:24:00","isFullCredit":false},{"lineNumber":270,"author":{"gitId":"-"},"content":"","lastModifiedDate":"2025-03-11T21:24:00","isFullCredit":false},{"lineNumber":271,"author":{"gitId":"zihung20"},"content":"1. The branch staff types a command to add a new personnel entry, including all required details.","lastModifiedDate":"2025-04-06T11:32:33","isFullCredit":false},{"lineNumber":272,"author":{"gitId":"zihung20"},"content":"2. The system adds the personnel’s entry with the provided details.","lastModifiedDate":"2025-04-06T11:32:33","isFullCredit":false},{"lineNumber":273,"author":{"gitId":"zihung20"},"content":"3. The system displays a success message to the branch staff.","lastModifiedDate":"2025-04-06T11:32:33","isFullCredit":false},{"lineNumber":274,"author":{"gitId":"-"},"content":"    Use case ends.","lastModifiedDate":"2020-05-23T01:10:16","isFullCredit":false},{"lineNumber":275,"author":{"gitId":"-"},"content":"","lastModifiedDate":"2020-05-23T01:10:16","isFullCredit":false},{"lineNumber":276,"author":{"gitId":"-"},"content":"**Extensions:**","lastModifiedDate":"2025-03-11T21:24:00","isFullCredit":false},{"lineNumber":277,"author":{"gitId":"-"},"content":"","lastModifiedDate":"2025-03-11T21:24:00","isFullCredit":false},{"lineNumber":278,"author":{"gitId":"zihung20"},"content":"- 1a. The branch staff provides insufficient input.","lastModifiedDate":"2025-04-06T11:32:33","isFullCredit":false},{"lineNumber":279,"author":{"gitId":"-"},"content":"","lastModifiedDate":"2025-03-11T21:24:00","isFullCredit":false},{"lineNumber":280,"author":{"gitId":"zihung20"},"content":"  - 1a1. The system displays an error message indicating the required fields and correct format to enter.","lastModifiedDate":"2025-04-06T11:32:33","isFullCredit":false},{"lineNumber":281,"author":{"gitId":"-"},"content":"","lastModifiedDate":"2020-05-23T01:10:16","isFullCredit":false},{"lineNumber":282,"author":{"gitId":"zihung20"},"content":"    Use case resumes at step 1.","lastModifiedDate":"2025-04-06T11:32:33","isFullCredit":false},{"lineNumber":283,"author":{"gitId":"-"},"content":"","lastModifiedDate":"2025-03-11T21:24:00","isFullCredit":false},{"lineNumber":284,"author":{"gitId":"zihung20"},"content":"- 1b. The system detects invalid information entered.","lastModifiedDate":"2025-04-06T11:32:33","isFullCredit":false},{"lineNumber":285,"author":{"gitId":"-"},"content":"","lastModifiedDate":"2025-03-11T21:24:00","isFullCredit":false},{"lineNumber":286,"author":{"gitId":"zihung20"},"content":"  - 1b1. The system states one invalid field provides the correct format to enter.","lastModifiedDate":"2025-04-06T11:32:33","isFullCredit":false},{"lineNumber":287,"author":{"gitId":"-"},"content":"","lastModifiedDate":"2025-03-11T21:24:00","isFullCredit":false},{"lineNumber":288,"author":{"gitId":"zihung20"},"content":"    Use case resumes at step 1.","lastModifiedDate":"2025-04-06T11:32:33","isFullCredit":false},{"lineNumber":289,"author":{"gitId":"-"},"content":"","lastModifiedDate":"2025-03-11T21:24:00","isFullCredit":false},{"lineNumber":290,"author":{"gitId":"zihung20"},"content":"- 1c. The system detects a duplicate personnel.","lastModifiedDate":"2025-04-06T11:32:33","isFullCredit":false},{"lineNumber":291,"author":{"gitId":"-"},"content":"","lastModifiedDate":"2025-03-11T21:24:00","isFullCredit":false},{"lineNumber":292,"author":{"gitId":"zihung20"},"content":"  - 1c1. The system displays an error message stating that the entry already exists.","lastModifiedDate":"2025-04-06T11:32:33","isFullCredit":false},{"lineNumber":293,"author":{"gitId":"-"},"content":"","lastModifiedDate":"2025-03-11T21:24:00","isFullCredit":false},{"lineNumber":294,"author":{"gitId":"zihung20"},"content":"    Use case resumes at step 1.","lastModifiedDate":"2025-04-06T11:32:33","isFullCredit":false},{"lineNumber":295,"author":{"gitId":"-"},"content":"","lastModifiedDate":"2025-03-11T21:24:00","isFullCredit":false},{"lineNumber":296,"author":{"gitId":"-"},"content":"#### **Use Case: UC2 - View a personnel’s entry**","lastModifiedDate":"2025-03-11T21:24:00","isFullCredit":false},{"lineNumber":297,"author":{"gitId":"-"},"content":"","lastModifiedDate":"2025-03-11T21:24:00","isFullCredit":false},{"lineNumber":298,"author":{"gitId":"-"},"content":"**Preconditions:**","lastModifiedDate":"2025-03-11T21:24:00","isFullCredit":false},{"lineNumber":299,"author":{"gitId":"-"},"content":"","lastModifiedDate":"2025-03-11T21:24:00","isFullCredit":false},{"lineNumber":300,"author":{"gitId":"-"},"content":"- The system must be on the home page.","lastModifiedDate":"2025-03-11T21:24:00","isFullCredit":false},{"lineNumber":301,"author":{"gitId":"-"},"content":"- The system must be able to connect to its local database without issues.","lastModifiedDate":"2025-03-11T21:24:00","isFullCredit":false},{"lineNumber":302,"author":{"gitId":"-"},"content":"","lastModifiedDate":"2025-03-11T21:24:00","isFullCredit":false},{"lineNumber":303,"author":{"gitId":"-"},"content":"**Main Success Scenario (MSS):**","lastModifiedDate":"2025-03-11T21:24:00","isFullCredit":false},{"lineNumber":304,"author":{"gitId":"-"},"content":"","lastModifiedDate":"2025-03-11T21:24:00","isFullCredit":false},{"lineNumber":305,"author":{"gitId":"-"},"content":"1.  The branch staff request to view a personnel’s entry.","lastModifiedDate":"2025-03-11T21:24:00","isFullCredit":false},{"lineNumber":306,"author":{"gitId":"-"},"content":"2.  The branch staff enters the details of the personnel.","lastModifiedDate":"2025-03-11T21:24:00","isFullCredit":false},{"lineNumber":307,"author":{"gitId":"zihung20"},"content":"3.  The system shows the personnel’s entry.","lastModifiedDate":"2025-04-06T11:32:33","isFullCredit":false},{"lineNumber":308,"author":{"gitId":"-"},"content":"","lastModifiedDate":"2020-05-23T01:10:16","isFullCredit":false},{"lineNumber":309,"author":{"gitId":"-"},"content":"    Use case ends.","lastModifiedDate":"2020-05-23T01:10:16","isFullCredit":false},{"lineNumber":310,"author":{"gitId":"-"},"content":"","lastModifiedDate":"2020-05-23T01:10:16","isFullCredit":false},{"lineNumber":311,"author":{"gitId":"-"},"content":"**Extensions:**","lastModifiedDate":"2025-03-11T21:24:00","isFullCredit":false},{"lineNumber":312,"author":{"gitId":"-"},"content":"","lastModifiedDate":"2025-03-11T21:24:00","isFullCredit":false},{"lineNumber":313,"author":{"gitId":"-"},"content":"- 2a. The branch staff provides insufficient input.","lastModifiedDate":"2025-03-11T21:24:00","isFullCredit":false},{"lineNumber":314,"author":{"gitId":"-"},"content":"","lastModifiedDate":"2025-03-11T21:24:00","isFullCredit":false},{"lineNumber":315,"author":{"gitId":"-"},"content":"  - 2a1. The system displays an error message indicating the required fields and correct format to enter.","lastModifiedDate":"2025-03-11T21:24:00","isFullCredit":false},{"lineNumber":316,"author":{"gitId":"-"},"content":"","lastModifiedDate":"2025-03-11T21:24:00","isFullCredit":false},{"lineNumber":317,"author":{"gitId":"-"},"content":"    Use case resumes at step 2.","lastModifiedDate":"2025-03-11T21:24:00","isFullCredit":false},{"lineNumber":318,"author":{"gitId":"-"},"content":"","lastModifiedDate":"2025-03-11T21:24:00","isFullCredit":false},{"lineNumber":319,"author":{"gitId":"-"},"content":"- 2b. The system detects invalid information in the provided details.","lastModifiedDate":"2025-03-11T21:24:00","isFullCredit":false},{"lineNumber":320,"author":{"gitId":"-"},"content":"","lastModifiedDate":"2020-05-23T01:10:16","isFullCredit":false},{"lineNumber":321,"author":{"gitId":"-"},"content":"  - 2b1. The system states the incorrect fields and provides the correct format to enter.","lastModifiedDate":"2025-03-11T21:24:00","isFullCredit":false},{"lineNumber":322,"author":{"gitId":"-"},"content":"","lastModifiedDate":"2020-05-23T01:10:16","isFullCredit":false},{"lineNumber":323,"author":{"gitId":"-"},"content":"    Use case resumes at step 2.","lastModifiedDate":"2020-05-23T01:10:16","isFullCredit":false},{"lineNumber":324,"author":{"gitId":"-"},"content":"","lastModifiedDate":"2020-05-23T01:10:16","isFullCredit":false},{"lineNumber":325,"author":{"gitId":"-"},"content":"- 2c. The system check that there isn’t such personnel.","lastModifiedDate":"2025-03-11T21:24:00","isFullCredit":false},{"lineNumber":326,"author":{"gitId":"-"},"content":"","lastModifiedDate":"2025-03-11T21:24:00","isFullCredit":false},{"lineNumber":327,"author":{"gitId":"-"},"content":"  - 2c1. The system displays an error message stating that the personnel cannot be found.","lastModifiedDate":"2025-03-11T21:24:00","isFullCredit":false},{"lineNumber":328,"author":{"gitId":"-"},"content":"","lastModifiedDate":"2025-03-11T21:24:00","isFullCredit":false},{"lineNumber":329,"author":{"gitId":"-"},"content":"    Use case end.","lastModifiedDate":"2025-03-11T21:24:00","isFullCredit":false},{"lineNumber":330,"author":{"gitId":"-"},"content":"","lastModifiedDate":"2025-03-11T21:24:00","isFullCredit":false},{"lineNumber":331,"author":{"gitId":"-"},"content":"- 2d. The system found that there are multiple personnel\u0027s entries.","lastModifiedDate":"2025-04-02T21:56:17","isFullCredit":false},{"lineNumber":332,"author":{"gitId":"-"},"content":"","lastModifiedDate":"2025-03-11T21:24:00","isFullCredit":false},{"lineNumber":333,"author":{"gitId":"-"},"content":"  - 2d1. The system displays a list of matching personnel and asks which entry to view.","lastModifiedDate":"2025-03-11T21:24:00","isFullCredit":false},{"lineNumber":334,"author":{"gitId":"-"},"content":"  - 2d2. The branch staff selects the specific entry to view.","lastModifiedDate":"2025-03-11T21:24:00","isFullCredit":false},{"lineNumber":335,"author":{"gitId":"-"},"content":"","lastModifiedDate":"2025-03-11T21:24:00","isFullCredit":false},{"lineNumber":336,"author":{"gitId":"-"},"content":"    Use case resumes at step 3.","lastModifiedDate":"2025-03-11T21:24:00","isFullCredit":false},{"lineNumber":337,"author":{"gitId":"-"},"content":"","lastModifiedDate":"2025-03-11T21:24:00","isFullCredit":false},{"lineNumber":338,"author":{"gitId":"-"},"content":"#### **Use Case: UC3 - Delete a personnel’s entry**","lastModifiedDate":"2025-03-11T21:24:00","isFullCredit":false},{"lineNumber":339,"author":{"gitId":"-"},"content":"","lastModifiedDate":"2025-03-11T21:24:00","isFullCredit":false},{"lineNumber":340,"author":{"gitId":"-"},"content":"**Preconditions:**","lastModifiedDate":"2025-03-11T21:24:00","isFullCredit":false},{"lineNumber":341,"author":{"gitId":"-"},"content":"","lastModifiedDate":"2025-03-11T21:24:00","isFullCredit":false},{"lineNumber":342,"author":{"gitId":"-"},"content":"- The system must be on the home page.","lastModifiedDate":"2025-03-11T21:24:00","isFullCredit":false},{"lineNumber":343,"author":{"gitId":"-"},"content":"- The system must be able to connect to its local database without issues.","lastModifiedDate":"2025-03-11T21:24:00","isFullCredit":false},{"lineNumber":344,"author":{"gitId":"-"},"content":"","lastModifiedDate":"2025-03-11T21:24:00","isFullCredit":false},{"lineNumber":345,"author":{"gitId":"-"},"content":"**Main Success Scenario (MSS):**","lastModifiedDate":"2025-03-11T21:24:00","isFullCredit":false},{"lineNumber":346,"author":{"gitId":"-"},"content":"","lastModifiedDate":"2025-03-11T21:24:00","isFullCredit":false},{"lineNumber":347,"author":{"gitId":"-"},"content":"1.  The branch staff request to delete a personnel’s entry.","lastModifiedDate":"2025-03-11T21:24:00","isFullCredit":false},{"lineNumber":348,"author":{"gitId":"-"},"content":"2.  The branch staff enters the details of the personnel.","lastModifiedDate":"2025-03-11T21:24:00","isFullCredit":false},{"lineNumber":349,"author":{"gitId":"-"},"content":"3.  The system requests confirmation for deletion.","lastModifiedDate":"2025-03-11T21:24:00","isFullCredit":false},{"lineNumber":350,"author":{"gitId":"-"},"content":"4.  The branch staff select confirm.","lastModifiedDate":"2025-03-11T21:24:00","isFullCredit":false},{"lineNumber":351,"author":{"gitId":"-"},"content":"5.  The system deletes the entry from the database.","lastModifiedDate":"2025-03-11T21:24:00","isFullCredit":false},{"lineNumber":352,"author":{"gitId":"-"},"content":"6.  The system displays a success message to the branch staff.","lastModifiedDate":"2025-03-11T21:24:00","isFullCredit":false},{"lineNumber":353,"author":{"gitId":"-"},"content":"","lastModifiedDate":"2025-03-11T21:24:00","isFullCredit":false},{"lineNumber":354,"author":{"gitId":"-"},"content":"    Use case ends.","lastModifiedDate":"2025-03-11T21:24:00","isFullCredit":false},{"lineNumber":355,"author":{"gitId":"-"},"content":"","lastModifiedDate":"2025-03-11T21:24:00","isFullCredit":false},{"lineNumber":356,"author":{"gitId":"-"},"content":"**Extensions:**","lastModifiedDate":"2025-03-11T21:24:00","isFullCredit":false},{"lineNumber":357,"author":{"gitId":"-"},"content":"","lastModifiedDate":"2025-03-11T21:24:00","isFullCredit":false},{"lineNumber":358,"author":{"gitId":"-"},"content":"- 2a. The branch staff provides insufficient input.","lastModifiedDate":"2025-03-11T21:24:00","isFullCredit":false},{"lineNumber":359,"author":{"gitId":"-"},"content":"","lastModifiedDate":"2025-03-11T21:24:00","isFullCredit":false},{"lineNumber":360,"author":{"gitId":"-"},"content":"  - 2a1. The system displays an error message indicating the required fields and correct format to enter.","lastModifiedDate":"2025-03-11T21:24:00","isFullCredit":false},{"lineNumber":361,"author":{"gitId":"-"},"content":"","lastModifiedDate":"2025-03-11T21:24:00","isFullCredit":false},{"lineNumber":362,"author":{"gitId":"-"},"content":"    Use case resumes at step 2.","lastModifiedDate":"2025-03-11T21:24:00","isFullCredit":false},{"lineNumber":363,"author":{"gitId":"-"},"content":"","lastModifiedDate":"2025-03-11T21:24:00","isFullCredit":false},{"lineNumber":364,"author":{"gitId":"-"},"content":"- 2b. The system detects invalid information in the provided details.","lastModifiedDate":"2025-03-11T21:24:00","isFullCredit":false},{"lineNumber":365,"author":{"gitId":"-"},"content":"","lastModifiedDate":"2025-03-11T21:24:00","isFullCredit":false},{"lineNumber":366,"author":{"gitId":"-"},"content":"  - 2b1. The system states the incorrect fields and provides the correct format to enter.","lastModifiedDate":"2025-03-11T21:24:00","isFullCredit":false},{"lineNumber":367,"author":{"gitId":"-"},"content":"","lastModifiedDate":"2025-03-11T21:24:00","isFullCredit":false},{"lineNumber":368,"author":{"gitId":"-"},"content":"    Use case resumes at step 2.","lastModifiedDate":"2025-03-11T21:24:00","isFullCredit":false},{"lineNumber":369,"author":{"gitId":"-"},"content":"","lastModifiedDate":"2025-03-11T21:24:00","isFullCredit":false},{"lineNumber":370,"author":{"gitId":"-"},"content":"- 2c. The system check that there isn’t such personnel.","lastModifiedDate":"2025-03-11T21:24:00","isFullCredit":false},{"lineNumber":371,"author":{"gitId":"-"},"content":"","lastModifiedDate":"2025-03-11T21:24:00","isFullCredit":false},{"lineNumber":372,"author":{"gitId":"-"},"content":"  - 2c1. The system displays an error message stating that the personnel cannot be found.","lastModifiedDate":"2025-03-11T21:24:00","isFullCredit":false},{"lineNumber":373,"author":{"gitId":"-"},"content":"","lastModifiedDate":"2025-03-11T21:24:00","isFullCredit":false},{"lineNumber":374,"author":{"gitId":"-"},"content":"    Use case end.","lastModifiedDate":"2025-03-11T21:24:00","isFullCredit":false},{"lineNumber":375,"author":{"gitId":"-"},"content":"","lastModifiedDate":"2025-03-11T21:24:00","isFullCredit":false},{"lineNumber":376,"author":{"gitId":"-"},"content":"- 2d. The system found that there are multiple personnels’ entries.","lastModifiedDate":"2025-03-11T21:24:00","isFullCredit":false},{"lineNumber":377,"author":{"gitId":"-"},"content":"","lastModifiedDate":"2025-03-11T21:24:00","isFullCredit":false},{"lineNumber":378,"author":{"gitId":"-"},"content":"  - 2d1. The system displays a list of matching personnel and asks which entry to delete.","lastModifiedDate":"2025-03-11T21:24:00","isFullCredit":false},{"lineNumber":379,"author":{"gitId":"-"},"content":"  - 2d2. The branch staff selects the specific entry to delete.","lastModifiedDate":"2025-03-11T21:24:00","isFullCredit":false},{"lineNumber":380,"author":{"gitId":"-"},"content":"","lastModifiedDate":"2025-03-11T21:24:00","isFullCredit":false},{"lineNumber":381,"author":{"gitId":"-"},"content":"    Use case resumes at step 3.","lastModifiedDate":"2025-03-11T21:24:00","isFullCredit":false},{"lineNumber":382,"author":{"gitId":"-"},"content":"","lastModifiedDate":"2025-03-11T21:24:00","isFullCredit":false},{"lineNumber":383,"author":{"gitId":"-"},"content":"- 4a. The branch staff decides to not delete the personnel’s entry on second thought.","lastModifiedDate":"2025-03-11T21:24:00","isFullCredit":false},{"lineNumber":384,"author":{"gitId":"-"},"content":"","lastModifiedDate":"2025-03-11T21:24:00","isFullCredit":false},{"lineNumber":385,"author":{"gitId":"-"},"content":"  - 4a1. The branch staff denies the confirmation.","lastModifiedDate":"2025-03-11T21:24:00","isFullCredit":false},{"lineNumber":386,"author":{"gitId":"-"},"content":"","lastModifiedDate":"2025-03-11T21:24:00","isFullCredit":false},{"lineNumber":387,"author":{"gitId":"-"},"content":"    Use case end.","lastModifiedDate":"2025-03-11T21:24:00","isFullCredit":false},{"lineNumber":388,"author":{"gitId":"-"},"content":"","lastModifiedDate":"2025-03-11T21:24:00","isFullCredit":false},{"lineNumber":389,"author":{"gitId":"-"},"content":"#### **Use Case: UC4 - Assign a duty to a personnel’s entry**","lastModifiedDate":"2025-03-11T21:24:00","isFullCredit":false},{"lineNumber":390,"author":{"gitId":"-"},"content":"","lastModifiedDate":"2025-03-11T21:24:00","isFullCredit":false},{"lineNumber":391,"author":{"gitId":"-"},"content":"**Preconditions:**","lastModifiedDate":"2025-03-11T21:24:00","isFullCredit":false},{"lineNumber":392,"author":{"gitId":"-"},"content":"","lastModifiedDate":"2025-03-11T21:24:00","isFullCredit":false},{"lineNumber":393,"author":{"gitId":"-"},"content":"- The system must be on the home page.","lastModifiedDate":"2025-03-11T21:24:00","isFullCredit":false},{"lineNumber":394,"author":{"gitId":"-"},"content":"- The system must be able to connect to its local database without issues.","lastModifiedDate":"2025-03-11T21:24:00","isFullCredit":false},{"lineNumber":395,"author":{"gitId":"-"},"content":"","lastModifiedDate":"2025-03-11T21:24:00","isFullCredit":false},{"lineNumber":396,"author":{"gitId":"-"},"content":"**Main Success Scenario (MSS):**","lastModifiedDate":"2025-03-11T21:24:00","isFullCredit":false},{"lineNumber":397,"author":{"gitId":"-"},"content":"","lastModifiedDate":"2025-03-11T21:24:00","isFullCredit":false},{"lineNumber":398,"author":{"gitId":"-"},"content":"1.  The branch staff request to add duty to a personnel’s entry.","lastModifiedDate":"2025-03-11T21:24:00","isFullCredit":false},{"lineNumber":399,"author":{"gitId":"-"},"content":"2.  The branch staff enters the duty’s details of the personnel.","lastModifiedDate":"2025-03-11T21:24:00","isFullCredit":false},{"lineNumber":400,"author":{"gitId":"-"},"content":"3.  The system assigns the duty to the personnel’s entry.","lastModifiedDate":"2025-03-11T21:24:00","isFullCredit":false},{"lineNumber":401,"author":{"gitId":"-"},"content":"4.  The system displays a success message to the branch staff and shows related changes.","lastModifiedDate":"2025-03-11T21:24:00","isFullCredit":false},{"lineNumber":402,"author":{"gitId":"-"},"content":"","lastModifiedDate":"2025-03-11T21:24:00","isFullCredit":false},{"lineNumber":403,"author":{"gitId":"-"},"content":"    Use case ends.","lastModifiedDate":"2025-03-11T21:24:00","isFullCredit":false},{"lineNumber":404,"author":{"gitId":"-"},"content":"","lastModifiedDate":"2025-03-11T21:24:00","isFullCredit":false},{"lineNumber":405,"author":{"gitId":"-"},"content":"**Extensions:**","lastModifiedDate":"2025-03-11T21:24:00","isFullCredit":false},{"lineNumber":406,"author":{"gitId":"-"},"content":"","lastModifiedDate":"2025-03-11T21:24:00","isFullCredit":false},{"lineNumber":407,"author":{"gitId":"-"},"content":"- 2a. The branch staff provides insufficient input.","lastModifiedDate":"2025-03-11T21:24:00","isFullCredit":false},{"lineNumber":408,"author":{"gitId":"-"},"content":"","lastModifiedDate":"2025-03-11T21:24:00","isFullCredit":false},{"lineNumber":409,"author":{"gitId":"-"},"content":"  - 2a1. The system displays an error message indicating the required fields and correct format to enter.","lastModifiedDate":"2025-03-11T21:24:00","isFullCredit":false},{"lineNumber":410,"author":{"gitId":"-"},"content":"","lastModifiedDate":"2025-03-11T21:24:00","isFullCredit":false},{"lineNumber":411,"author":{"gitId":"-"},"content":"    Use case resumes at step 2.","lastModifiedDate":"2025-03-11T21:24:00","isFullCredit":false},{"lineNumber":412,"author":{"gitId":"-"},"content":"","lastModifiedDate":"2025-03-11T21:24:00","isFullCredit":false},{"lineNumber":413,"author":{"gitId":"-"},"content":"- 2b. The system detects invalid information in the provided details.","lastModifiedDate":"2025-03-11T21:24:00","isFullCredit":false},{"lineNumber":414,"author":{"gitId":"-"},"content":"","lastModifiedDate":"2025-03-11T21:24:00","isFullCredit":false},{"lineNumber":415,"author":{"gitId":"-"},"content":"  - 2b1. The system states the incorrect fields and provides the correct format to enter.","lastModifiedDate":"2025-03-11T21:24:00","isFullCredit":false},{"lineNumber":416,"author":{"gitId":"-"},"content":"","lastModifiedDate":"2025-03-11T21:24:00","isFullCredit":false},{"lineNumber":417,"author":{"gitId":"-"},"content":"    Use case resumes at step 2.","lastModifiedDate":"2025-03-11T21:24:00","isFullCredit":false},{"lineNumber":418,"author":{"gitId":"-"},"content":"","lastModifiedDate":"2025-03-11T21:24:00","isFullCredit":false},{"lineNumber":419,"author":{"gitId":"-"},"content":"- 2c. The system check that there isn’t such personnel.","lastModifiedDate":"2025-03-11T21:24:00","isFullCredit":false},{"lineNumber":420,"author":{"gitId":"-"},"content":"","lastModifiedDate":"2025-03-11T21:24:00","isFullCredit":false},{"lineNumber":421,"author":{"gitId":"-"},"content":"  - 2c1. The system displays an error message stating that the personnel cannot be found and thus cannot be assigned a duty.","lastModifiedDate":"2025-03-11T21:24:00","isFullCredit":false},{"lineNumber":422,"author":{"gitId":"-"},"content":"","lastModifiedDate":"2025-03-11T21:24:00","isFullCredit":false},{"lineNumber":423,"author":{"gitId":"-"},"content":"    Use case end.","lastModifiedDate":"2025-03-11T21:24:00","isFullCredit":false},{"lineNumber":424,"author":{"gitId":"-"},"content":"","lastModifiedDate":"2025-03-11T21:24:00","isFullCredit":false},{"lineNumber":425,"author":{"gitId":"-"},"content":"- 2d. The system found that there are multiple personnels’ entries.","lastModifiedDate":"2025-03-11T21:24:00","isFullCredit":false},{"lineNumber":426,"author":{"gitId":"-"},"content":"","lastModifiedDate":"2025-03-11T21:24:00","isFullCredit":false},{"lineNumber":427,"author":{"gitId":"-"},"content":"  - 2d1. The system displays a list of matching personnel and asks which entry to assign a duty to.","lastModifiedDate":"2025-03-11T21:24:00","isFullCredit":false},{"lineNumber":428,"author":{"gitId":"-"},"content":"  - 2d2. The branch staff selects the specific entry to assign a duty to.","lastModifiedDate":"2025-03-11T21:24:00","isFullCredit":false},{"lineNumber":429,"author":{"gitId":"-"},"content":"","lastModifiedDate":"2025-03-11T21:24:00","isFullCredit":false},{"lineNumber":430,"author":{"gitId":"-"},"content":"    Use case resumes at step 3.","lastModifiedDate":"2025-03-11T21:24:00","isFullCredit":false},{"lineNumber":431,"author":{"gitId":"-"},"content":"","lastModifiedDate":"2020-05-23T01:10:16","isFullCredit":false},{"lineNumber":432,"author":{"gitId":"-"},"content":"### Non-Functional Requirements","lastModifiedDate":"2020-05-23T01:10:16","isFullCredit":false},{"lineNumber":433,"author":{"gitId":"-"},"content":"","lastModifiedDate":"2020-05-23T01:10:16","isFullCredit":false},{"lineNumber":434,"author":{"gitId":"-"},"content":"1.  Should work on any _mainstream OS_ as long as it has Java `17` or above installed.","lastModifiedDate":"2024-07-11T14:00:08","isFullCredit":false},{"lineNumber":435,"author":{"gitId":"-"},"content":"2.  Should be able to handle a battalion-level number of people’s (500–800) entries without noticeable lag.","lastModifiedDate":"2025-03-11T21:24:00","isFullCredit":false},{"lineNumber":436,"author":{"gitId":"-"},"content":"3.  A user with above average typing speed for regular English text (i.e. not code, not system admin commands) should be able to accomplish most of the tasks faster using commands than using the mouse.","lastModifiedDate":"2020-05-23T01:10:16","isFullCredit":false},{"lineNumber":437,"author":{"gitId":"-"},"content":"4.  Error messages should avoid jargons that non-technical users may not understand, while omitting explanations of military jargon, as they are already familiar with them.","lastModifiedDate":"2025-03-11T21:24:00","isFullCredit":false},{"lineNumber":438,"author":{"gitId":"-"},"content":"5.  Entries’ data should be stored locally.","lastModifiedDate":"2025-03-11T21:24:00","isFullCredit":false},{"lineNumber":439,"author":{"gitId":"-"},"content":"6.  Given n is number of all data entries, search algorithm for looking up entries should be O(n) bounded.","lastModifiedDate":"2025-03-11T21:24:00","isFullCredit":false},{"lineNumber":440,"author":{"gitId":"-"},"content":"7.  The application should remain usable without internet access at all times.","lastModifiedDate":"2025-04-02T11:34:57","isFullCredit":false},{"lineNumber":441,"author":{"gitId":"-"},"content":"","lastModifiedDate":"2020-05-23T01:10:16","isFullCredit":false},{"lineNumber":442,"author":{"gitId":"-"},"content":"_{More to be added}_","lastModifiedDate":"2025-03-11T21:24:00","isFullCredit":false},{"lineNumber":443,"author":{"gitId":"-"},"content":"","lastModifiedDate":"2020-05-23T01:10:16","isFullCredit":false},{"lineNumber":444,"author":{"gitId":"-"},"content":"### Glossary","lastModifiedDate":"2020-05-23T01:10:16","isFullCredit":false},{"lineNumber":445,"author":{"gitId":"-"},"content":"","lastModifiedDate":"2020-05-23T01:10:16","isFullCredit":false},{"lineNumber":446,"author":{"gitId":"-"},"content":"- **Mainstream OS**: Windows, Linux, Unix, MacOS","lastModifiedDate":"2025-03-11T21:24:00","isFullCredit":false},{"lineNumber":447,"author":{"gitId":"-"},"content":"- **Battalion**: A large military unit consisting of multiple companies, typically includes 500 to 800 soldiers. It is usually commanded by a battalion commander and forms a key component within a brigade or regiment.","lastModifiedDate":"2025-03-11T21:24:00","isFullCredit":false},{"lineNumber":448,"author":{"gitId":"-"},"content":"- **Company**: A military unit made up of several platoons, usually commanded by a captain. In Singapore Armed Forces, a company generally comprises around 100 to 150 soldiers.","lastModifiedDate":"2025-03-11T21:24:00","isFullCredit":false},{"lineNumber":449,"author":{"gitId":"-"},"content":"- **Platoon**: A smaller military unit consisting of a few squads, typically led by a lieutenant. Platoons usually include 20 to 50 soldiers and serve as the basic building blocks of a company.","lastModifiedDate":"2025-03-11T21:24:00","isFullCredit":false},{"lineNumber":450,"author":{"gitId":"-"},"content":"- **Rank**: The hierarchical level or position of a soldier or officer within the military. Ranks indicate authority, responsibilities, and career progression.","lastModifiedDate":"2025-03-11T21:24:00","isFullCredit":false},{"lineNumber":451,"author":{"gitId":"-"},"content":"- **Duties**: The scheduled assignments or tasks for soldiers during a particular month, including specific dates and the maximum number of working hours allowed per month.","lastModifiedDate":"2025-03-11T21:24:00","isFullCredit":false},{"lineNumber":452,"author":{"gitId":"-"},"content":"- **Masked NRIC**: A version of a soldier\u0027s National Registration Identity Card (NRIC) number where certain digits or characters are redacted to comply with PDPR regulations and protect sensitive personal information.","lastModifiedDate":"2025-03-11T21:24:00","isFullCredit":false},{"lineNumber":453,"author":{"gitId":"-"},"content":"- **Branch Staff**: Personnel responsible for managing human resources within a battalion or across the army. They handle administrative tasks, maintain personnel entries, and coordinate manpower for military operations.","lastModifiedDate":"2025-03-11T21:24:00","isFullCredit":false},{"lineNumber":454,"author":{"gitId":"-"},"content":"- **Personnel**: Refers to all individuals serving in the military, including recruits, soldiers, and other service members in Singapore who are either fulfilling National Service requirements or serving voluntarily.","lastModifiedDate":"2025-03-11T21:24:00","isFullCredit":false},{"lineNumber":455,"author":{"gitId":"-"},"content":"- **National Service (NS)**: A mandatory service program for eligible Singaporean citizens and permanent residents, involving military training and service in the Singapore Armed Forces.","lastModifiedDate":"2025-03-11T21:24:00","isFullCredit":false},{"lineNumber":456,"author":{"gitId":"zihung20"},"content":"- **Duty Date**: A specific calendar day where a soldier is scheduled to perform assigned tasks or responsibilities. Each soldier can only perform duty on a limited number of days within the same month, as regulated by SAF policies.","lastModifiedDate":"2025-04-06T11:32:33","isFullCredit":false},{"lineNumber":457,"author":{"gitId":"zihung20"},"content":"- **Inet Laptops**: Official laptops provided by SAF for secure internet access in designated areas","lastModifiedDate":"2025-04-06T11:32:33","isFullCredit":false},{"lineNumber":458,"author":{"gitId":"-"},"content":"","lastModifiedDate":"2020-05-23T01:10:16","isFullCredit":false},{"lineNumber":459,"author":{"gitId":"-"},"content":"---","lastModifiedDate":"2025-03-11T21:24:00","isFullCredit":false},{"lineNumber":460,"author":{"gitId":"-"},"content":"","lastModifiedDate":"2020-05-23T01:10:16","isFullCredit":false},{"lineNumber":461,"author":{"gitId":"-"},"content":"## **Appendix: Instructions for manual testing**","lastModifiedDate":"2020-05-23T01:10:16","isFullCredit":false},{"lineNumber":462,"author":{"gitId":"-"},"content":"","lastModifiedDate":"2020-05-23T01:10:16","isFullCredit":false},{"lineNumber":463,"author":{"gitId":"-"},"content":"Given below are instructions to test the app manually.","lastModifiedDate":"2020-05-23T01:10:16","isFullCredit":false},{"lineNumber":464,"author":{"gitId":"-"},"content":"","lastModifiedDate":"2020-05-23T01:10:16","isFullCredit":false},{"lineNumber":465,"author":{"gitId":"-"},"content":"\u003cbox type\u003d\"info\" seamless\u003e","lastModifiedDate":"2023-09-12T01:20:47","isFullCredit":false},{"lineNumber":466,"author":{"gitId":"-"},"content":"","lastModifiedDate":"2023-09-12T01:20:47","isFullCredit":false},{"lineNumber":467,"author":{"gitId":"-"},"content":"**Note:** These instructions only provide a starting point for testers to work on;","lastModifiedDate":"2023-09-12T01:20:47","isFullCredit":false},{"lineNumber":468,"author":{"gitId":"-"},"content":"testers are expected to do more _exploratory_ testing.","lastModifiedDate":"2025-03-11T21:24:00","isFullCredit":false},{"lineNumber":469,"author":{"gitId":"-"},"content":"","lastModifiedDate":"2020-05-23T01:10:16","isFullCredit":false},{"lineNumber":470,"author":{"gitId":"-"},"content":"\u003c/box\u003e","lastModifiedDate":"2023-09-12T01:20:47","isFullCredit":false},{"lineNumber":471,"author":{"gitId":"-"},"content":"","lastModifiedDate":"2020-05-23T01:10:16","isFullCredit":false},{"lineNumber":472,"author":{"gitId":"-"},"content":"### Launch and shutdown","lastModifiedDate":"2020-05-23T01:10:16","isFullCredit":false},{"lineNumber":473,"author":{"gitId":"-"},"content":"","lastModifiedDate":"2020-05-23T01:10:16","isFullCredit":false},{"lineNumber":474,"author":{"gitId":"-"},"content":"1. Initial launch","lastModifiedDate":"2020-05-23T01:10:16","isFullCredit":false},{"lineNumber":475,"author":{"gitId":"-"},"content":"","lastModifiedDate":"2020-05-23T01:10:16","isFullCredit":false},{"lineNumber":476,"author":{"gitId":"-"},"content":"   1. Download the jar file and copy into an empty folder","lastModifiedDate":"2020-05-23T01:10:16","isFullCredit":false},{"lineNumber":477,"author":{"gitId":"-"},"content":"","lastModifiedDate":"2020-05-23T01:10:16","isFullCredit":false},{"lineNumber":478,"author":{"gitId":"-"},"content":"   2. Double-click the jar file Expected: Shows the GUI with a set of sample contacts. The window size may not be optimum.","lastModifiedDate":"2025-04-02T21:56:17","isFullCredit":false},{"lineNumber":479,"author":{"gitId":"-"},"content":"","lastModifiedDate":"2020-05-23T01:10:16","isFullCredit":false},{"lineNumber":480,"author":{"gitId":"-"},"content":"2. Saving window preferences","lastModifiedDate":"2025-04-02T21:56:17","isFullCredit":false},{"lineNumber":481,"author":{"gitId":"-"},"content":"","lastModifiedDate":"2020-05-23T01:10:16","isFullCredit":false},{"lineNumber":482,"author":{"gitId":"-"},"content":"   1. Resize the window to an optimum size. Move the window to a different location. Close the window.","lastModifiedDate":"2020-05-23T01:10:16","isFullCredit":false},{"lineNumber":483,"author":{"gitId":"-"},"content":"","lastModifiedDate":"2020-05-23T01:10:16","isFullCredit":false},{"lineNumber":484,"author":{"gitId":"-"},"content":"   2. Re-launch the app by double-clicking the jar file.\u003cbr\u003e","lastModifiedDate":"2025-04-02T21:56:17","isFullCredit":false},{"lineNumber":485,"author":{"gitId":"-"},"content":"      Expected: The most recent window size and location is retained.","lastModifiedDate":"2020-05-23T01:10:16","isFullCredit":false},{"lineNumber":486,"author":{"gitId":"-"},"content":"","lastModifiedDate":"2020-05-23T01:10:16","isFullCredit":false},{"lineNumber":487,"author":{"gitId":"-"},"content":"### Deleting a person","lastModifiedDate":"2020-05-23T01:10:16","isFullCredit":false},{"lineNumber":488,"author":{"gitId":"-"},"content":"","lastModifiedDate":"2020-05-23T01:10:16","isFullCredit":false},{"lineNumber":489,"author":{"gitId":"-"},"content":"1. Deleting a person while all persons are being shown","lastModifiedDate":"2020-05-23T01:10:16","isFullCredit":false},{"lineNumber":490,"author":{"gitId":"-"},"content":"","lastModifiedDate":"2020-05-23T01:10:16","isFullCredit":false},{"lineNumber":491,"author":{"gitId":"-"},"content":"   1. Prerequisites: List all persons using the `list` command. Multiple persons in the list.","lastModifiedDate":"2020-05-23T01:10:16","isFullCredit":false},{"lineNumber":492,"author":{"gitId":"-"},"content":"","lastModifiedDate":"2020-05-23T01:10:16","isFullCredit":false},{"lineNumber":493,"author":{"gitId":"-"},"content":"   2. Test case: `delete 1`\u003cbr\u003e","lastModifiedDate":"2025-04-02T21:56:17","isFullCredit":false},{"lineNumber":494,"author":{"gitId":"-"},"content":"      Expected: First contact is deleted from the list. Details of the deleted contact shown in the status message. Timestamp in the status bar is updated.","lastModifiedDate":"2020-05-23T01:10:16","isFullCredit":false},{"lineNumber":495,"author":{"gitId":"-"},"content":"","lastModifiedDate":"2020-05-23T01:10:16","isFullCredit":false},{"lineNumber":496,"author":{"gitId":"-"},"content":"   3. Test case: `delete 0`\u003cbr\u003e","lastModifiedDate":"2025-04-02T21:56:17","isFullCredit":false},{"lineNumber":497,"author":{"gitId":"-"},"content":"      Expected: No person is deleted. Error details shown in the status message. Status bar remains the same.","lastModifiedDate":"2020-05-23T01:10:16","isFullCredit":false},{"lineNumber":498,"author":{"gitId":"-"},"content":"","lastModifiedDate":"2020-05-23T01:10:16","isFullCredit":false},{"lineNumber":499,"author":{"gitId":"-"},"content":"   4. Other incorrect delete commands to try: `delete`, `delete x`, `...` (where x is larger than the list size)\u003cbr\u003e","lastModifiedDate":"2025-04-02T21:56:17","isFullCredit":false},{"lineNumber":500,"author":{"gitId":"-"},"content":"      Expected: Similar to previous.","lastModifiedDate":"2020-05-23T01:10:16","isFullCredit":false},{"lineNumber":501,"author":{"gitId":"-"},"content":"","lastModifiedDate":"2020-05-23T01:10:16","isFullCredit":false},{"lineNumber":502,"author":{"gitId":"-"},"content":"### Saving data","lastModifiedDate":"2020-05-23T01:10:16","isFullCredit":false},{"lineNumber":503,"author":{"gitId":"-"},"content":"","lastModifiedDate":"2020-05-23T01:10:16","isFullCredit":false},{"lineNumber":504,"author":{"gitId":"-"},"content":"1. Dealing with missing/corrupted data files","lastModifiedDate":"2020-05-23T01:10:16","isFullCredit":false},{"lineNumber":505,"author":{"gitId":"-"},"content":"","lastModifiedDate":"2020-05-23T01:10:16","isFullCredit":false},{"lineNumber":506,"author":{"gitId":"zihung20"},"content":"   1. `preferences.json`","lastModifiedDate":"2025-04-06T11:32:33","isFullCredit":false},{"lineNumber":507,"author":{"gitId":"-"},"content":"      1. Move the `preferences.json` file to a different location.","lastModifiedDate":"2025-04-02T21:56:17","isFullCredit":false},{"lineNumber":508,"author":{"gitId":"-"},"content":"      2. Relaunch the app.\u003cbr\u003e","lastModifiedDate":"2025-04-02T21:56:17","isFullCredit":false},{"lineNumber":509,"author":{"gitId":"-"},"content":"         Expected: A new `preferences.json` file is created with default preferences.","lastModifiedDate":"2025-04-02T21:56:17","isFullCredit":false},{"lineNumber":510,"author":{"gitId":"-"},"content":"   2. `config.json`","lastModifiedDate":"2025-04-02T21:56:17","isFullCredit":false},{"lineNumber":511,"author":{"gitId":"-"},"content":"      1. Move the `config.json` file to a different location.","lastModifiedDate":"2025-04-02T21:56:17","isFullCredit":false},{"lineNumber":512,"author":{"gitId":"-"},"content":"      2. Relaunch the app.\u003cbr\u003e","lastModifiedDate":"2025-04-02T21:56:17","isFullCredit":false},{"lineNumber":513,"author":{"gitId":"-"},"content":"         Expected: A new `config.json` file is created with default preferences.","lastModifiedDate":"2025-04-02T21:56:17","isFullCredit":false},{"lineNumber":514,"author":{"gitId":"-"},"content":"   3. `addressbook.json`","lastModifiedDate":"2025-04-02T21:56:17","isFullCredit":false},{"lineNumber":515,"author":{"gitId":"-"},"content":"      1. Missing `addressbook.json`","lastModifiedDate":"2025-04-02T21:56:17","isFullCredit":false},{"lineNumber":516,"author":{"gitId":"-"},"content":"         1. Move the `addressbook.json` file to a different location.","lastModifiedDate":"2025-04-02T21:56:17","isFullCredit":false},{"lineNumber":517,"author":{"gitId":"-"},"content":"         2. Relaunch the app.\u003cbr\u003e","lastModifiedDate":"2025-04-02T21:56:17","isFullCredit":false},{"lineNumber":518,"author":{"gitId":"-"},"content":"          Expected: Application loads with sample data.","lastModifiedDate":"2025-04-02T21:56:17","isFullCredit":false},{"lineNumber":519,"author":{"gitId":"-"},"content":"      2. Corrupted `addressbook.json`","lastModifiedDate":"2025-04-02T21:56:17","isFullCredit":false},{"lineNumber":520,"author":{"gitId":"-"},"content":"         1. Corrupt the `addressbook.json` file by adding some random text.","lastModifiedDate":"2025-04-02T21:56:17","isFullCredit":false},{"lineNumber":521,"author":{"gitId":"-"},"content":"         2. Relaunch the app.\u003cbr\u003e","lastModifiedDate":"2025-04-02T21:56:17","isFullCredit":false},{"lineNumber":522,"author":{"gitId":"-"},"content":"          Expected: Applications loads without any data.","lastModifiedDate":"2025-04-02T21:56:17","isFullCredit":false},{"lineNumber":523,"author":{"gitId":"zihung20"},"content":"","lastModifiedDate":"2025-04-06T11:53:40","isFullCredit":false},{"lineNumber":524,"author":{"gitId":"zihung20"},"content":"### Acknowledgement","lastModifiedDate":"2025-04-06T11:53:40","isFullCredit":false},{"lineNumber":525,"author":{"gitId":"zihung20"},"content":"- The placeholder image was obtained from a third-party source and is allowed for free use. You can find it here: [Vecteezy - Man Empty Avatar](https://www.vecteezy.com/vector-art/36594092-man-empty-avatar-vector-photo-placeholder-for-social-networks-resumes-forums-and-dating-sites-male-and-female-no-photo-images-for-unfilled-user-profile).","lastModifiedDate":"2025-04-06T11:53:40","isFullCredit":false},{"lineNumber":526,"author":{"gitId":"zihung20"},"content":"- **AI Tools and Usage**","lastModifiedDate":"2025-04-06T11:53:40","isFullCredit":false},{"lineNumber":527,"author":{"gitId":"zihung20"},"content":"    - [ChatGPT](https://chat.openai.com/) for fixing documentation (DG, UG) phrases and grammar errors.","lastModifiedDate":"2025-04-06T11:53:40","isFullCredit":false}],"authorContributionMap":{"zihung20":36,"-":491}}]
