{"authorDailyContributionsMap":{"reuben-thomas":[{"date":"2025-04-05T00:00:00","commitResults":[{"hash":"8d615a5ff9f0350c675bc42c3e5ff3180b556d9e","isMergeCommit":true,"messageTitle":"Merge remote-tracking branch \u0027upstream/master\u0027","messageBody":"","fileTypesAndContributionMap":{}}]},{"date":"2025-04-06T00:00:00","commitResults":[{"hash":"5f46dbc528cd5bcf0209eb6d1b2e7f105718bf6b","isMergeCommit":false,"messageTitle":"Add maximum width for PersonCard","messageBody":"","fileTypesAndContributionMap":{"functional-code":{"insertions":1,"deletions":1}}},{"hash":"1d8300dc10615397ff1698f3c8c58cf0323f3b60","isMergeCommit":false,"messageTitle":"Add restriction for logout commands","messageBody":"","fileTypesAndContributionMap":{"functional-code":{"insertions":57,"deletions":14},"test-code":{"insertions":1,"deletions":1}}},{"hash":"cdb7285085d1d570201093555dbf534957ac5c6c","isMergeCommit":false,"messageTitle":"Update test","messageBody":"","fileTypesAndContributionMap":{"functional-code":{"insertions":0,"deletions":1},"test-code":{"insertions":5,"deletions":0}}},{"hash":"1aba6471fc8acc3a13aeff0e2671f31d68771819","isMergeCommit":false,"messageTitle":"Update command exception priority","messageBody":"","fileTypesAndContributionMap":{"functional-code":{"insertions":7,"deletions":7}}},{"hash":"f2f22c4298a997c37082503cae53134f7b246cf7","isMergeCommit":false,"messageTitle":"Remove redundant branch","messageBody":"","fileTypesAndContributionMap":{"functional-code":{"insertions":0,"deletions":4}}},{"hash":"93ed8a8d4dbbbe14281d84715960be64bba6d3e0","isMergeCommit":false,"messageTitle":"Remove unused import","messageBody":"","fileTypesAndContributionMap":{"functional-code":{"insertions":0,"deletions":1}}},{"hash":"6745d29f4387866bad65efb9ab3ffbcbd132e860","isMergeCommit":true,"messageTitle":"Merge remote-tracking branch \u0027upstream/master\u0027","messageBody":"","fileTypesAndContributionMap":{}},{"hash":"909bd7c0ad443083a22bca35e107f182e2b0cee3","isMergeCommit":true,"messageTitle":"Merge branch \u0027master\u0027 into ui-sizing-fix","messageBody":"","fileTypesAndContributionMap":{}},{"hash":"571db45fea856f99777bb91f5d6b7630fbc2959e","isMergeCommit":true,"messageTitle":"Merge branch \u0027master\u0027 into ui-sizing-fix","messageBody":"","fileTypesAndContributionMap":{}},{"hash":"2a6dd2c1fa11787739581e93cfe0397ab394c5f6","isMergeCommit":true,"messageTitle":"Merge pull request #237 from reuben-thomas/ui-sizing-fix","messageBody":"Ui: Formatting long attribute values","fileTypesAndContributionMap":{}},{"hash":"6595f3787bee24ecdc62672ae19c48016accf18e","isMergeCommit":true,"messageTitle":"Merge remote-tracking branch \u0027upstream/master\u0027","messageBody":"","fileTypesAndContributionMap":{}}]},{"date":"2025-04-07T00:00:00","commitResults":[{"hash":"a6f0ec4177a21103310945bde066fd44d0409867","isMergeCommit":true,"messageTitle":"Merge remote-tracking branch \u0027upstream/master\u0027","messageBody":"","fileTypesAndContributionMap":{}},{"hash":"71aded66c582e6aaa8ecbdec1cd62b343c69fbb0","isMergeCommit":false,"messageTitle":"Update tooltip spelling","messageBody":"","fileTypesAndContributionMap":{"functional-code":{"insertions":1,"deletions":1}}},{"hash":"6bd53fec1eb5fc7c099b4e3a5f0a5f3404b50101","isMergeCommit":true,"messageTitle":"Merge pull request #244 from reuben-thomas/fix-tooltip","messageBody":"Ui: Fix tooltip typo","fileTypesAndContributionMap":{}}]}],"gajinkee":[],"jonaturn":[{"date":"2025-04-06T00:00:00","commitResults":[{"hash":"dd2c3ab2a7ff2509d7b5ada6c0739598e4e9c54e","isMergeCommit":false,"messageTitle":"Change register to one account","messageBody":"","fileTypesAndContributionMap":{"functional-code":{"insertions":27,"deletions":27},"test-code":{"insertions":20,"deletions":9}}},{"hash":"b604bbb678ca8853c187e22225b0f48b310c18d8","isMergeCommit":false,"messageTitle":"Add handle corrupted accounts file","messageBody":"","fileTypesAndContributionMap":{"functional-code":{"insertions":3,"deletions":0}}},{"hash":"34a3208224970e4fe1e5cd97c2fb32cf154b0db6","isMergeCommit":true,"messageTitle":"Merge pull request #239 from reuben-thomas/auth-login-fix","messageBody":"Authentication: Restrict access to commands after logout","fileTypesAndContributionMap":{}},{"hash":"98e9fa95ae212f0f42feb2b9c49b31bb1dfd36e1","isMergeCommit":true,"messageTitle":"Resolve merge conflicts","messageBody":"","fileTypesAndContributionMap":{}},{"hash":"7f326645ef426387d5a322305cbe809d2f5fe0c5","isMergeCommit":false,"messageTitle":"Fix register to fit one account constraint","messageBody":"","fileTypesAndContributionMap":{"functional-code":{"insertions":5,"deletions":1}}},{"hash":"1dcdf8f47cd4db033be28e4d1468547c7fa679ae","isMergeCommit":false,"messageTitle":"Add tweaks to register flow","messageBody":"","fileTypesAndContributionMap":{"functional-code":{"insertions":13,"deletions":3}}},{"hash":"92242d7b0909910e59639fee933e9ad0f8021348","isMergeCommit":false,"messageTitle":"Add disable login if no account","messageBody":"","fileTypesAndContributionMap":{"functional-code":{"insertions":7,"deletions":10},"test-code":{"insertions":2,"deletions":0}}}]},{"date":"2025-04-07T00:00:00","commitResults":[{"hash":"958942d56f208c83c5799bb1992dcc1084209d2d","isMergeCommit":false,"messageTitle":"Remove magic string","messageBody":"","fileTypesAndContributionMap":{"functional-code":{"insertions":2,"deletions":1}}},{"hash":"a7cef3bf92aa8214ee42c2298ab3502b557466e0","isMergeCommit":true,"messageTitle":"Merge branch \u0027master\u0027 into Register","messageBody":"","fileTypesAndContributionMap":{}},{"hash":"0fd9be41ac05d17439bbcbd69b5b8dcca92e8969","isMergeCommit":true,"messageTitle":"Merge pull request #236 from jonaturn/Register","messageBody":"Change register to fit tp constraints","fileTypesAndContributionMap":{}}]}],"LF1928":[{"date":"2025-04-05T00:00:00","commitResults":[{"hash":"38b412d29c72afad3af50e9872bb8a988479f2dd","isMergeCommit":false,"messageTitle":"Update bugs in error messages and remove login in GUI","messageBody":"","fileTypesAndContributionMap":{"functional-code":{"insertions":4,"deletions":7}}},{"hash":"06fe1c8215708e92671b2bd95a676dcce3e2314b","isMergeCommit":false,"messageTitle":"Update UG with values accepted by field and more diagrams","messageBody":"","fileTypesAndContributionMap":{"docs":{"insertions":42,"deletions":29}}},{"hash":"44f1a498179cd43662c8a810afaedb9448abdb28","isMergeCommit":false,"messageTitle":"Update UG with s/ to st/ and update DG diagram","messageBody":"","fileTypesAndContributionMap":{"docs":{"insertions":22,"deletions":22}}},{"hash":"6cbad190aaa96be9a33ef77df4e5a3f3bb20835f","isMergeCommit":false,"messageTitle":"Update length of Phone in UG","messageBody":"","fileTypesAndContributionMap":{"docs":{"insertions":1,"deletions":1}}},{"hash":"305774026ae79151a41344c6fa62c1555c7cc736","isMergeCommit":false,"messageTitle":"Update error messages accordingly","messageBody":"","fileTypesAndContributionMap":{"functional-code":{"insertions":10,"deletions":9}}}]},{"date":"2025-04-06T00:00:00","commitResults":[{"hash":"25565a44e56d70db3930de572f303d433722cad2","isMergeCommit":false,"messageTitle":"Update error message for name","messageBody":"","fileTypesAndContributionMap":{"functional-code":{"insertions":1,"deletions":1}}},{"hash":"69e1fc47b126f7a9981d21d14b1fdb37d084601e","isMergeCommit":false,"messageTitle":"Update restrictions for name in UG","messageBody":"","fileTypesAndContributionMap":{"docs":{"insertions":1,"deletions":1}}},{"hash":"1b0010a566f20b536276b38b47c7d615f85b41af","isMergeCommit":false,"messageTitle":"Update diagrams except register and start ui","messageBody":"","fileTypesAndContributionMap":{"docs":{"insertions":11,"deletions":19}}},{"hash":"9bcfbf3002cb02735db618a67fdcdbc2f9c835b7","isMergeCommit":false,"messageTitle":"Update Status related commands","messageBody":"","fileTypesAndContributionMap":{"functional-code":{"insertions":6,"deletions":4}}},{"hash":"e89956769cdcd278a01a9f4ef700d8a89cb43312","isMergeCommit":false,"messageTitle":"Update Status related commands to st","messageBody":"","fileTypesAndContributionMap":{"functional-code":{"insertions":2,"deletions":2},"test-code":{"insertions":1,"deletions":1}}},{"hash":"4192a8fc93a5bf735bd39bd9bbbbb15f2f09be46","isMergeCommit":false,"messageTitle":"Update error","messageBody":"","fileTypesAndContributionMap":{"functional-code":{"insertions":1,"deletions":1}}},{"hash":"0d43f64aa97a9af10ee89ea16b5abb937a6a3f4c","isMergeCommit":false,"messageTitle":"Update 2 tests for FilterStatusCommand and SetStatusCommand","messageBody":"","fileTypesAndContributionMap":{"test-code":{"insertions":120,"deletions":0}}},{"hash":"79d5241ad91a8172be307d3333be8a1470b6c04e","isMergeCommit":false,"messageTitle":"Update formatting for files","messageBody":"","fileTypesAndContributionMap":{"docs":{"insertions":36,"deletions":26},"test-code":{"insertions":1,"deletions":1}}},{"hash":"448962585f676bd5ae4254c629c5036058382d80","isMergeCommit":true,"messageTitle":"Merge branch \u0027master\u0027 into branch-error-messages-and-login-GUI","messageBody":"","fileTypesAndContributionMap":{}},{"hash":"f73b03d06fd673cec67d62a5fca3aab1c7fbf654","isMergeCommit":false,"messageTitle":"Update to remove magic strings","messageBody":"","fileTypesAndContributionMap":{"functional-code":{"insertions":25,"deletions":12}}},{"hash":"c77b0ff97835bc3d693a7479e464fbf870ef5c5c","isMergeCommit":true,"messageTitle":"Merge remote-tracking branch \u0027origin/branch-error-messages-and-login-GUI\u0027 into branch-error-messages-and-login-GUI","messageBody":"","fileTypesAndContributionMap":{}},{"hash":"b6b112f55a6625a8fafd170b45b78363c9502202","isMergeCommit":false,"messageTitle":"Update status to limit line count","messageBody":"","fileTypesAndContributionMap":{"functional-code":{"insertions":2,"deletions":10}}},{"hash":"b81ece48af8f8c969095d370a64655a2047af5a7","isMergeCommit":false,"messageTitle":"Update status to limit line count","messageBody":"","fileTypesAndContributionMap":{"functional-code":{"insertions":2,"deletions":2}}},{"hash":"0775829df988c4b0513ced01548b876c1611f4db","isMergeCommit":false,"messageTitle":"Update orgID to limit line count","messageBody":"","fileTypesAndContributionMap":{"functional-code":{"insertions":5,"deletions":6}}},{"hash":"0d29804ca14629a9b9150e8a0dbc16c130ece170","isMergeCommit":true,"messageTitle":"Merge pull request #233 from LF1928/branch-error-messages-and-login-GUI","messageBody":"Update bugs in error messages and remove login in GUI and change status prefix to st/","fileTypesAndContributionMap":{}},{"hash":"0ca5161f2cde46c8aa4ab7b8fd03c6c4f2462185","isMergeCommit":true,"messageTitle":"Merge branch \u0027master\u0027 into branch-update-UG-DG","messageBody":"","fileTypesAndContributionMap":{}},{"hash":"fa742559e9705e6200ec07c214e314748d02642f","isMergeCommit":true,"messageTitle":"Merge pull request #234 from LF1928/branch-update-UG-DG","messageBody":"Update UG an DG","fileTypesAndContributionMap":{}}]}]},"authorFileTypeContributionMap":{"reuben-thomas":{"docs":0,"functional-code":54,"test-code":6},"gajinkee":{"docs":0,"functional-code":0,"test-code":0},"jonaturn":{"docs":0,"functional-code":32,"test-code":22},"LF1928":{"docs":64,"functional-code":21,"test-code":121}},"authorContributionVariance":{"reuben-thomas":2178.6667,"gajinkee":0.0,"jonaturn":3501.5557,"LF1928":15002.0},"authorDisplayNameMap":{"reuben-thomas":"CS2103T-T10-2 REUB..OMAS","gajinkee":"CS2103T-T10-2 KEE .. JIN","jonaturn":"CS2103T-T10-2 JONA..UZHE","LF1928":"CS2103T-T10-2 ZHAN.. FEI"}}
