{"authorDailyContributionsMap":{"itsvari":[{"date":"2025-04-06","commitResults":[{"hash":"608a003f0d36c3c1062444931e755d4ec3c94d63","isMergeCommit":true,"messageTitle":"Merge pull request #300 from Stickiem/299-update-UI","messageBody":"Update UI design","fileTypesAndContributionMap":{}},{"hash":"22bff29a178d2aed4cd70c8ba0e2d1c595f9f577","isMergeCommit":true,"messageTitle":"Merge pull request #302 from Stickiem/301-update-add-error-message","messageBody":"Fix add error message ","fileTypesAndContributionMap":{}}]},{"date":"2025-04-07","commitResults":[{"hash":"6df57e69b4302413e5cb44b50a94b2cb76249502","isMergeCommit":true,"messageTitle":"Merge pull request #304 from Stickiem/303-fix-parser","messageBody":"Update add parser","fileTypesAndContributionMap":{}}]}],"ChauuuLe":[],"TrKNguyen":[{"date":"2025-04-05","commitResults":[{"hash":"194ddfcfe0e4d0dae9bee797bd1a47df357e1cee","isMergeCommit":false,"messageTitle":"Update add command parser","messageBody":"","fileTypesAndContributionMap":{"functional-code":{"insertions":3,"deletions":3}}},{"hash":"d2214f43f56da376dddf8ca0832e1580e63bb118","isMergeCommit":false,"messageTitle":"Update address book, sorting command for throwing exception","messageBody":"","fileTypesAndContributionMap":{"functional-code":{"insertions":7,"deletions":4},"test-code":{"insertions":9,"deletions":8}}},{"hash":"087c3c64a110c255d3109cd727e20329aa8c9941","isMergeCommit":false,"messageTitle":"Update user guide, developer guide for sort and search, redo, redoList command","messageBody":"","fileTypesAndContributionMap":{"docs":{"insertions":38,"deletions":28}}},{"hash":"28396e4d61d015624da59b757e7ee6079c6d3ad6","isMergeCommit":false,"messageTitle":"Add allowing throw exception","messageBody":"","fileTypesAndContributionMap":{"functional-code":{"insertions":4,"deletions":8}}},{"hash":"17bc1bba172a4aab91038c12e010e4708427aa07","isMergeCommit":false,"messageTitle":"Update the upperbound of redo keyword\u0027s constraints","messageBody":"","fileTypesAndContributionMap":{"functional-code":{"insertions":2,"deletions":2}}},{"hash":"84b04f04bc4bf381e717cecc738d12963809395d","isMergeCommit":false,"messageTitle":"Update find relationship command predicate","messageBody":"","fileTypesAndContributionMap":{"functional-code":{"insertions":22,"deletions":9}}},{"hash":"478d44e0121f515e6cc56e011b9e707e53bc268c","isMergeCommit":false,"messageTitle":"Update new definition of find relationship command","messageBody":"","fileTypesAndContributionMap":{"functional-code":{"insertions":4,"deletions":3}}},{"hash":"c0c0842297f4f6c3042cb1c6be14b5d80f8b25bc","isMergeCommit":false,"messageTitle":"Fix checkstyle error","messageBody":"","fileTypesAndContributionMap":{"functional-code":{"insertions":0,"deletions":1}}},{"hash":"b8f6332ef57b6ade1d76f937c1ebdc42831a6b37","isMergeCommit":true,"messageTitle":"Merge the latest version","messageBody":"","fileTypesAndContributionMap":{}},{"hash":"eafccde2d014afe2c7d385079a9e92e0746d0516","isMergeCommit":false,"messageTitle":"Update test of find relationship, redo, sort command","messageBody":"","fileTypesAndContributionMap":{"test-code":{"insertions":11,"deletions":10}}},{"hash":"29f21844e1340b95fb64a298a6856521f0814a3a","isMergeCommit":false,"messageTitle":"Add relationship parser test","messageBody":"","fileTypesAndContributionMap":{"test-code":{"insertions":75,"deletions":0}}},{"hash":"909b535cc95cc4c1130be07755118ceeee2e0452","isMergeCommit":false,"messageTitle":"Add sort, redo, command parser test util","messageBody":"","fileTypesAndContributionMap":{"test-code":{"insertions":179,"deletions":1}}},{"hash":"ec5e7affea3c067f9f07147f538abbf08cc4995f","isMergeCommit":false,"messageTitle":"Update the DG and UG to reflect the changes related to the findRelationship command","messageBody":"","fileTypesAndContributionMap":{"docs":{"insertions":8,"deletions":6}}},{"hash":"d31c15afe53f22b25cf56f889913d983a5e62726","isMergeCommit":false,"messageTitle":"Add more details about sort in DG","messageBody":"","fileTypesAndContributionMap":{"functional-code":{"insertions":0,"deletions":1},"docs":{"insertions":1,"deletions":0}}},{"hash":"d675aa76e3b2a51a137ee1d9b6a0a6f9537b0d8d","isMergeCommit":false,"messageTitle":"Update DG and UG about Character Encoding for find and sort command","messageBody":"","fileTypesAndContributionMap":{"docs":{"insertions":28,"deletions":2}}}]},{"date":"2025-04-06","commitResults":[{"hash":"8c68c6857f429c6804db46722c7ff218c3fbb9d1","isMergeCommit":true,"messageTitle":"Merge pull request #298 from TrKNguyen/297-fix-all-relevant-issue","messageBody":"Fix all relevant issue","fileTypesAndContributionMap":{}}]}],"keyansheng":[],"Stickiem":[{"date":"2025-04-05","commitResults":[{"hash":"d7fc35d36ad2ff3d1c2c24782e63466c0ecfb8a6","isMergeCommit":false,"messageTitle":"Update UI design","messageBody":"","fileTypesAndContributionMap":{"functional-code":{"insertions":5,"deletions":2}}},{"hash":"bc9086af82e73b69b689ec6d3d8f807641aeff12","isMergeCommit":false,"messageTitle":"Update add command error message","messageBody":"","fileTypesAndContributionMap":{"functional-code":{"insertions":4,"deletions":3}}}]},{"date":"2025-04-06","commitResults":[{"hash":"c1a464c64121d1c0fbd1c43442c4ad3ce30404c5","isMergeCommit":false,"messageTitle":"Update add parser","messageBody":"","fileTypesAndContributionMap":{"functional-code":{"insertions":3,"deletions":3}}},{"hash":"5e301cab6af99be80fdd62a045e7246a48102be4","isMergeCommit":false,"messageTitle":"Fix parser","messageBody":"","fileTypesAndContributionMap":{"functional-code":{"insertions":12,"deletions":12}}},{"hash":"e36e1e68eaaf73e7d76c0588e331385c49711832","isMergeCommit":false,"messageTitle":"Update exception handling","messageBody":"","fileTypesAndContributionMap":{"functional-code":{"insertions":9,"deletions":0}}}]}]},"authorFileTypeContributionMap":{"itsvari":{"docs":0,"functional-code":0,"test-code":0},"ChauuuLe":{"docs":0,"functional-code":0,"test-code":0},"TrKNguyen":{"docs":69,"functional-code":37,"test-code":273},"keyansheng":{"docs":0,"functional-code":0,"test-code":0},"Stickiem":{"docs":0,"functional-code":30,"test-code":0}},"authorContributionVariance":{"itsvari":0.0,"ChauuuLe":0.0,"TrKNguyen":50562.0,"keyansheng":0.0,"Stickiem":260.22223},"authorDisplayNameMap":{"itsvari":"CS2103T-T09-1 ASHE.. LOW","ChauuuLe":"CS2103T-T09-1 LE H..CHAU","TrKNguyen":"CS2103T-T09-1 TRAN..UYEN","keyansheng":"CS2103T-T09-1 ABIG..L KE","Stickiem":"CS2103T-T09-1 THUM..KUAN"}}
