{"authorDailyContributionsMap":{"charlenelau-20":[{"date":"2025-04-06T00:00:00","commitResults":[{"hash":"ef5e4d2e93aa8581f8184cd2e5c57adb84a66d8b","isMergeCommit":false,"messageTitle":"Update error messages and test case for assign command","messageBody":"","fileTypesAndContributionMap":{"functional-code":{"insertions":4,"deletions":5},"test-code":{"insertions":1,"deletions":1}}},{"hash":"776a86cf490d8e9e8b1b0afed7023806fa4a4087","isMergeCommit":false,"messageTitle":"Remove unused imports","messageBody":"","fileTypesAndContributionMap":{"test-code":{"insertions":0,"deletions":1}}},{"hash":"6e58e8b6a852902b7f98f105ff652c9cab51eb25","isMergeCommit":false,"messageTitle":"Remove extra blank line","messageBody":"","fileTypesAndContributionMap":{"functional-code":{"insertions":0,"deletions":1}}}]}],"Shanyey":[{"date":"2025-04-06T00:00:00","commitResults":[{"hash":"fae8f457e756448924ea5ccfa1308b7fb9021300","isMergeCommit":true,"messageTitle":"Merge pull request #320 from jon-seana/Branch-v1.6-UG\u0026DG\u0026CodeQuality","messageBody":"Limit phone number length","fileTypesAndContributionMap":{}},{"hash":"3da2e15517ebfb26cc47ce68b49c5f3d8758638c","isMergeCommit":true,"messageTitle":"Merge pull request #321 from charlenelau-20/update-assign-errors","messageBody":"Update error messages for assign command","fileTypesAndContributionMap":{}},{"hash":"0879d7389e1da1487b1cc904fbd10cb2ae445487","isMergeCommit":false,"messageTitle":"Allow special character in name","messageBody":"","fileTypesAndContributionMap":{"functional-code":{"insertions":9,"deletions":6}}},{"hash":"a569ca0adc2e487f2f411de2829181c1e02b3d6f","isMergeCommit":false,"messageTitle":"remove extra comment and empty lines","messageBody":"","fileTypesAndContributionMap":{"functional-code":{"insertions":1,"deletions":3}}},{"hash":"ce3b8c1b185370117fbaafa0cb528e661b331763","isMergeCommit":false,"messageTitle":"update comment from address to name","messageBody":"","fileTypesAndContributionMap":{"functional-code":{"insertions":1,"deletions":1}}},{"hash":"e98e77189df348ab8097f928204c393317735fac","isMergeCommit":false,"messageTitle":"update developer guide","messageBody":"","fileTypesAndContributionMap":{"docs":{"insertions":15,"deletions":12}}},{"hash":"9f726ded08de004fd57be7e3261ab7fe53dcc8a6","isMergeCommit":true,"messageTitle":"Merge pull request #325 from jon-seana/Branch-v1.6-UG\u0026DG\u0026CodeQuality","messageBody":"Edit user guide","fileTypesAndContributionMap":{}}]}],"chanjunlin":[{"date":"2025-04-06T00:00:00","commitResults":[{"hash":"bb676915b89657579f1fc58858e73c0a1948ab72","isMergeCommit":true,"messageTitle":"Merge pull request #322 from Shanyey/Branch-PED-Bug-Fixing","messageBody":"Allow special character in name","fileTypesAndContributionMap":{}}]}],"jon-seana":[{"date":"2025-04-06T00:00:00","commitResults":[{"hash":"d8d44872c8a69ba3349fdbdfc02f7b75d36e957b","isMergeCommit":false,"messageTitle":"Limit phone number length","messageBody":"","fileTypesAndContributionMap":{"functional-code":{"insertions":9,"deletions":3},"docs":{"insertions":1,"deletions":0}}},{"hash":"3e5b24032edd42aa5fdd3e902c6a326bebdcafb8","isMergeCommit":false,"messageTitle":"Fix minor bug","messageBody":"","fileTypesAndContributionMap":{"functional-code":{"insertions":1,"deletions":1}}},{"hash":"73016fa6280206e11ead35bce644ff33e571f698","isMergeCommit":false,"messageTitle":"Fix more issues","messageBody":"","fileTypesAndContributionMap":{"functional-code":{"insertions":35,"deletions":0}}},{"hash":"3ee598d0e751da41ed106afc1279044dd744e5d3","isMergeCommit":false,"messageTitle":"Fix more bugs","messageBody":"","fileTypesAndContributionMap":{"functional-code":{"insertions":10,"deletions":9},"test-code":{"insertions":4,"deletions":4}}},{"hash":"b174ba231adaeda373ed6a25f5884f690197d5ea","isMergeCommit":false,"messageTitle":"Fix bugs","messageBody":"","fileTypesAndContributionMap":{"functional-code":{"insertions":4,"deletions":3}}},{"hash":"416df6bb37c7299244250092c506e8f13a86cf2a","isMergeCommit":false,"messageTitle":"Fix some test cases","messageBody":"","fileTypesAndContributionMap":{"test-code":{"insertions":28,"deletions":26}}},{"hash":"cc34ccbddcc0f29fe7f6c0add91e7c5f19ca021a","isMergeCommit":true,"messageTitle":"Merge pull request #246 from Shanyey/Branch-UpdateUserGuideAndDeveloper","messageBody":"Update developer guide","fileTypesAndContributionMap":{}},{"hash":"ce65482886a1f13c9490c5bd5f82dbee8be9eed6","isMergeCommit":true,"messageTitle":"Merge pull request #324 from Shanyey/Branch-v1.6-Developer-guide","messageBody":"update developer guide","fileTypesAndContributionMap":{}},{"hash":"85ce1bd14905a05df885e52302d92580865cac28","isMergeCommit":false,"messageTitle":"Edit user guide","messageBody":"","fileTypesAndContributionMap":{"docs":{"insertions":31,"deletions":15}}}]},{"date":"2025-04-07T00:00:00","commitResults":[{"hash":"0d668f3d036997980444545c383c078614077096","isMergeCommit":true,"messageTitle":"Merge pull request #326 from panomia01/Bugs-nok","messageBody":"Fix missing NOK error message plus UG upgrade","fileTypesAndContributionMap":{}}]}],"panomia01":[{"date":"2025-04-07T00:00:00","commitResults":[{"hash":"47f33a1aad78599e792c1dd2d51879fa09ab79bc","isMergeCommit":false,"messageTitle":"Fix missing NOK error message","messageBody":"","fileTypesAndContributionMap":{"functional-code":{"insertions":1,"deletions":1}}},{"hash":"031e6060ef0b0f9fe404742fa6e1a87a4fc5fb58","isMergeCommit":false,"messageTitle":"Fix Checkstyle","messageBody":"","fileTypesAndContributionMap":{"docs":{"insertions":9,"deletions":9}}},{"hash":"bfc9873701f94a09e93e16dc38d4e54121e0f4f7","isMergeCommit":false,"messageTitle":"Edit UG","messageBody":"","fileTypesAndContributionMap":{"docs":{"insertions":130,"deletions":26}}},{"hash":"1eed28121b6ed5628d10c8400d6bba862da07e9a","isMergeCommit":false,"messageTitle":"Fix Checkstyle","messageBody":"","fileTypesAndContributionMap":{"docs":{"insertions":5,"deletions":5}}}]}]},"authorFileTypeContributionMap":{"charlenelau-20":{"docs":0,"functional-code":4,"test-code":1},"Shanyey":{"docs":15,"functional-code":6,"test-code":0},"chanjunlin":{"docs":0,"functional-code":0,"test-code":0},"jon-seana":{"docs":26,"functional-code":58,"test-code":32},"panomia01":{"docs":129,"functional-code":1,"test-code":0}},"authorContributionVariance":{"charlenelau-20":37.555553,"Shanyey":512.0,"chanjunlin":0.0,"jon-seana":7523.556,"panomia01":7688.0},"authorDisplayNameMap":{"charlenelau-20":"CS2103T-T13-2 CHAR..N RU","Shanyey":"CS2103T-T13-2 SHAY..IANG","chanjunlin":"CS2103T-T13-2 CHAN.. LIN","jon-seana":"CS2103T-T13-2 EUGE..PHER","panomia01":"CS2103T-T13-2 NG Z.. WEN"}}
