{"authorDailyContributionsMap":{"ZaydM18":[{"date":"2025-04-07T00:00:00","commitResults":[{"hash":"d6294a40365818a1929c9f206017f29be4e9b861","isMergeCommit":false,"messageTitle":"Update User Guide","messageBody":"","fileTypesAndContributionMap":{"docs":{"insertions":14,"deletions":5}}},{"hash":"1c60ffb33d6113f05116b6d2da858d01bfa20a4d","isMergeCommit":false,"messageTitle":"Update optional parameter example in UG","messageBody":"","fileTypesAndContributionMap":{"docs":{"insertions":5,"deletions":5}}},{"hash":"9a27a3491425bb6e7e2246580f2e58930b060b6f","isMergeCommit":false,"messageTitle":"Update message","messageBody":"","fileTypesAndContributionMap":{"docs":{"insertions":2,"deletions":3}}}]}],"Billy026":[{"date":"2025-04-05T00:00:00","commitResults":[{"hash":"94cfdace3ccc0c529b7b44b4d616996120b7242c","isMergeCommit":true,"messageTitle":"Merge branch \u0027master\u0027 into a-DisplayCommand","messageBody":"","fileTypesAndContributionMap":{}},{"hash":"b603757667e912f6c6d7e4e1bc78c3e3da40f205","isMergeCommit":false,"messageTitle":"Fix maximum frequency bug in Histogram","messageBody":"The highest value on the yAxis of the Histogram does not update\nwhen a grade range with frequency \u003e 5 occurs.\n\nThis causes the histogram to show incomplete data when the highest\nfrequency is above 5.\n\nLet\u0027s fix this bug.\n\nThis will allow users to correctly see the updated yAxis range.\n","fileTypesAndContributionMap":{"functional-code":{"insertions":2,"deletions":7}}}]},{"date":"2025-04-06T00:00:00","commitResults":[{"hash":"d1aa5728d10aaa9185cfd793a1ee48a368317029","isMergeCommit":false,"messageTitle":"Update Person details column of PersonCard","messageBody":"Long names cause the ID to be hidden by ellipses.\n\nThis can prevent users from viewing the id of that student, so they may\nhave to clear to remove them.\n\nLet\u0027s set a minimum width for the Id field of the column.\n\nThis ensures the Id is always visible no matter the length of the name.\n","fileTypesAndContributionMap":{"functional-code":{"insertions":4,"deletions":4}}},{"hash":"808f7fc6049b95f2581f5822a37081fc9960f18d","isMergeCommit":true,"messageTitle":"Merge branch \u0027e-Update-GUI\u0027","messageBody":"","fileTypesAndContributionMap":{}},{"hash":"f32640d3a79c0b6ecadbd583336da25ace5405a0","isMergeCommit":true,"messageTitle":"Merge branch \u0027a-DisplayCommand\u0027","messageBody":"","fileTypesAndContributionMap":{}},{"hash":"536815665f01008a650fce7ee22a49d343490dbe","isMergeCommit":true,"messageTitle":"Merge branch \u0027master\u0027 of https://github.com/AY2425S2-CS2103T-T10-3/tp","messageBody":"","fileTypesAndContributionMap":{}},{"hash":"39eebff72f7cba2ea4874619c003d1ecfea6a8fa","isMergeCommit":false,"messageTitle":"Fix case sensitivity in SortCommand","messageBody":"Sorting by name with SortCommand is case sensitive. i.e. it returns\n\"A\", \"Z\", \"a\" in that order rather than \"A\", \"a\", \"Z\".\n\nThis may be illogical to users.\n\nLet\u0027s make sorting by name case insensitive.\n\nThis way, names that are similar are grouped together regardless of\ncase sensitivity.\n","fileTypesAndContributionMap":{"functional-code":{"insertions":3,"deletions":1}}},{"hash":"33839561a6a5905c9b00217e40981390c9b6a33e","isMergeCommit":true,"messageTitle":"Merge branch \u0027e-Bugs-in-SortCommand\u0027","messageBody":"","fileTypesAndContributionMap":{}},{"hash":"1ec08b0b1df132ccac89af952f51ffc526255a1c","isMergeCommit":false,"messageTitle":"Fix file path bugs in FileCommand","messageBody":"Users can use \".\" and \"/\" in file path, which may lead to file\nnavigability problems.\n\nWe should prevent this so that users cannot abuse the program to modify\ntheir file directory in unintended ways.\n\nLet\u0027s restrict the file path to alphanumeric characters and certain\nsymbols.\n\nThis also prevents any other symbol from possibly leading to an\nunintended outcome.\n","fileTypesAndContributionMap":{"functional-code":{"insertions":39,"deletions":38},"docs":{"insertions":26,"deletions":15},"test-code":{"insertions":8,"deletions":27}}},{"hash":"c9d98be9a56d6ae47bc0e2721ca567ef57c61def","isMergeCommit":true,"messageTitle":"Merge branch \u0027e-fix-FileCommand\u0027","messageBody":"","fileTypesAndContributionMap":{}}]},{"date":"2025-04-07T00:00:00","commitResults":[{"hash":"ab36d2889c8df2cacd077b3d0d6c47dc2258b94e","isMergeCommit":true,"messageTitle":"Merge pull request #340 from ZaydM18/E-PEDBugFixing","messageBody":"Update User Guide ","fileTypesAndContributionMap":{}}]}],"0xF41":[{"date":"2025-04-05T00:00:00","commitResults":[{"hash":"98b885013aa0258d63d4003af3998a6e5c6f0bf6","isMergeCommit":true,"messageTitle":"Merge pull request #334 from Billy026/a-DisplayCommand","messageBody":"Fix Histogram yAxis highest value bug","fileTypesAndContributionMap":{}}]},{"date":"2025-04-06T00:00:00","commitResults":[{"hash":"bf7c544c7c68b45d4ce476b02d35964e63758225","isMergeCommit":true,"messageTitle":"Merge pull request #339 from Billy026/master","messageBody":"Fix file path bugs in FileCommand","fileTypesAndContributionMap":{}},{"hash":"0e8bc638e5dca895e06bf30adb55c04619b41ea8","isMergeCommit":true,"messageTitle":"Merge branch \u0027master\u0027 into e-update-userguide","messageBody":"","fileTypesAndContributionMap":{}},{"hash":"848fd9014933434293ab9a0edaaf7c1a413561e2","isMergeCommit":true,"messageTitle":"Merge pull request #338 from minhkiwi14/e-update-userguide","messageBody":"Update Edit Command and remove some emojis in the UG","fileTypesAndContributionMap":{}}]},{"date":"2025-04-07T00:00:00","commitResults":[{"hash":"ee70095dd78c1176d2a7783a0fc03e7aa1f4b903","isMergeCommit":true,"messageTitle":"Merge pull request #341 from VikramGoyal23/e-EditDeveloperGuide","messageBody":"Edit developer guide","fileTypesAndContributionMap":{}},{"hash":"e46f03736de6ae9570df63d68b21db124a0e0cf7","isMergeCommit":true,"messageTitle":"Merge pull request #342 from VikramGoyal23/e-UndoRedoModalLanguage","messageBody":"Undo/redo modal language","fileTypesAndContributionMap":{}}]}],"VikramGoyal23":[{"date":"2025-04-07T00:00:00","commitResults":[{"hash":"cea6535dc79d67a8c538700238a75f7cd31bbdac","isMergeCommit":true,"messageTitle":"Merge branch \u0027master\u0027 of https://github.com/AY2425S2-CS2103T-T10-3/tp","messageBody":"","fileTypesAndContributionMap":{}},{"hash":"bd6360bbe0890bab704b48bdcabde7b3137e5553","isMergeCommit":false,"messageTitle":"Update Developer guide to be up-to-date","messageBody":"","fileTypesAndContributionMap":{"docs":{"insertions":402,"deletions":64}}},{"hash":"c799c047e5cb254cb022de935e48bbf0bf1905a4","isMergeCommit":true,"messageTitle":"Merge branch \u0027master\u0027 of https://github.com/AY2425S2-CS2103T-T10-3/tp","messageBody":"","fileTypesAndContributionMap":{}},{"hash":"4cff5a22b71891d1fca04ca3cc21f758f35b340c","isMergeCommit":false,"messageTitle":"Change undo implementation section to have modal tone","messageBody":"","fileTypesAndContributionMap":{"docs":{"insertions":2,"deletions":2}}}]}],"minhkiwi14":[{"date":"2025-04-06T00:00:00","commitResults":[{"hash":"8b68bce0c5be4157f6e4a8ba47a73de251b78432","isMergeCommit":true,"messageTitle":"Merge pull request #335 from Billy026/master","messageBody":"Update Person details column of PersonCard","fileTypesAndContributionMap":{}},{"hash":"ef3e2554d9ee50179466b664e2d223dc6e41df0c","isMergeCommit":true,"messageTitle":"Merge pull request #336 from Billy026/master","messageBody":"Fix case sensitivity in SortCommand","fileTypesAndContributionMap":{}},{"hash":"7840dffff9d2a38335e8b8f36a3b0b06691865e3","isMergeCommit":false,"messageTitle":"Update the format command for Edit","messageBody":"","fileTypesAndContributionMap":{"docs":{"insertions":4,"deletions":3}}},{"hash":"0fb67c480dd162adb109f8d85b4da415457ec30a","isMergeCommit":false,"messageTitle":"Remove all readability-affected emojis","messageBody":"","fileTypesAndContributionMap":{"docs":{"insertions":16,"deletions":16}}}]}]},"authorFileTypeContributionMap":{"ZaydM18":{"docs":15,"functional-code":0,"test-code":0},"Billy026":{"docs":23,"functional-code":47,"test-code":8},"0xF41":{"docs":0,"functional-code":0,"test-code":0},"VikramGoyal23":{"docs":369,"functional-code":0,"test-code":0},"minhkiwi14":{"docs":19,"functional-code":0,"test-code":0}},"authorContributionVariance":{"ZaydM18":256.88892,"Billy026":5738.0,"0xF41":0.0,"VikramGoyal23":49088.887,"minhkiwi14":338.0},"authorDisplayNameMap":{"ZaydM18":"CS2103T-T10-3 MAHM..ZAYD","Billy026":"CS2103T-T10-3 BILL..DINA","0xF41":"CS2103T-T10-3 KWAN.. YEW","VikramGoyal23":"CS2103T-T10-3 GOYA..KRAM","minhkiwi14":"CS2103T-T10-3 NGUY..MINH"}}
