{"authorDailyContributionsMap":{"Leeisateam":[],"Taoseeker":[{"date":"2025-04-07T00:00:00","commitResults":[{"hash":"9f337793a7eb9a675499f29b003d166b0ebdf7c4","isMergeCommit":false,"messageTitle":"Fix bug: list with negative limit fails silently","messageBody":"","fileTypesAndContributionMap":{"functional-code":{"insertions":7,"deletions":0}}},{"hash":"f63a860b701f73ea546c520d2479f0a420f632e9","isMergeCommit":false,"messageTitle":"Change GUI behaviour after adding a new visit","messageBody":"Previously if listvisits is called with a limit n,  after adding a new visit, the GUI will only show the first n visits.\nNow the GUI will show all visits after adding a new visit\n","fileTypesAndContributionMap":{"functional-code":{"insertions":1,"deletions":0}}}]}],"ceilingFan456":[],"nhocmt227":[],"DengTianle":[{"date":"2025-04-07T00:00:00","commitResults":[{"hash":"c887c95a96b4ea3d711c8ff6b7d0a619f206f2df","isMergeCommit":true,"messageTitle":"Merge pull request #188 from Taoseeker/branch-debug-list-with-negative-limit","messageBody":"","fileTypesAndContributionMap":{}},{"hash":"3602afa94047c1acc9e6fcba76019ecb8d9ab257","isMergeCommit":true,"messageTitle":"Merge pull request #189 from Taoseeker/branch-fix-visits-person-panel-not-updated","messageBody":"","fileTypesAndContributionMap":{}}]}]},"authorFileTypeContributionMap":{"Leeisateam":{"docs":0,"functional-code":0,"test-code":0},"Taoseeker":{"docs":0,"functional-code":8,"test-code":0},"ceilingFan456":{"docs":0,"functional-code":0,"test-code":0},"nhocmt227":{"docs":0,"functional-code":0,"test-code":0},"DengTianle":{"docs":0,"functional-code":0,"test-code":0}},"authorContributionVariance":{"Leeisateam":0.0,"Taoseeker":14.222221,"ceilingFan456":0.0,"nhocmt227":0.0,"DengTianle":0.0},"authorDisplayNameMap":{"Leeisateam":"CS2103T-W09-3 LEE ..SAAC","Taoseeker":"CS2103T-W09-3 LIU ..KANG","ceilingFan456":"CS2103T-W09-3 HUAN..MING","nhocmt227":"CS2103T-W09-3 CHU ..HONG","DengTianle":"CS2103T-W09-3 DENG..ANLE"}}
