{"authorDailyContributionsMap":{"dragonesejosh":[],"weiwong834":[{"date":"2025-04-06T00:00:00","commitResults":[{"hash":"6f6484d009698ddce6032f7805d39771fa550b61","isMergeCommit":false,"messageTitle":"Update gradle to Prof-iler.jar to match UG","messageBody":"","fileTypesAndContributionMap":{"other":{"insertions":1,"deletions":1}}},{"hash":"98542b4f6a264cbe6f25ac36f26e9c2932a6254b","isMergeCommit":false,"messageTitle":"Update help window for clarity","messageBody":"","fileTypesAndContributionMap":{"functional-code":{"insertions":2,"deletions":2}}},{"hash":"55e804f1e53a9d618cad771eb2b268e99574e736","isMergeCommit":false,"messageTitle":"Fix some UG bugs from PE dry run","messageBody":"","fileTypesAndContributionMap":{"docs":{"insertions":29,"deletions":28}}},{"hash":"ee8aec3cffb292a548b34d06c231837c4951acb8","isMergeCommit":false,"messageTitle":"Changed the tags for entries of Sample data","messageBody":"Previous tags contains tags that seem irrelevant in the University\nContext such as \"neighbours\"\nUpdate these tags to be relevant to SoC\n","fileTypesAndContributionMap":{"functional-code":{"insertions":7,"deletions":7}}},{"hash":"ce1548c235c562c2dfbf188ae60ac722e4657983","isMergeCommit":false,"messageTitle":"Fix spacing bug","messageBody":"Co-authored-by: Copilot \u003c175728472+Copilot@users.noreply.github.com\u003e","fileTypesAndContributionMap":{"docs":{"insertions":1,"deletions":1}}},{"hash":"4b5a0f63b0a3f139dba87404414dfc94ad08d86c","isMergeCommit":true,"messageTitle":"Merge branch \u0027master\u0027 into branch-DG-Planned-Enhancement","messageBody":"","fileTypesAndContributionMap":{}},{"hash":"c3ddbf3557a4efeb97db3f6da289b1a4eebca46f","isMergeCommit":true,"messageTitle":"Merge pull request #215 from ShiJianXi/branch-DG-Planned-Enhancement","messageBody":"Add planned enhancement for filter command","fileTypesAndContributionMap":{}},{"hash":"c9725873802429da04043ff66fd5e210a1e9d618","isMergeCommit":false,"messageTitle":"Fix Filter command details in UG","messageBody":"Co-authored-by: JianXi \u003c118092801+ShiJianXi@users.noreply.github.com\u003e","fileTypesAndContributionMap":{"docs":{"insertions":1,"deletions":1}}},{"hash":"3bc481435fb408cb93ef3cc3d4b6abab3255502b","isMergeCommit":false,"messageTitle":"Fix tag and email constraints in UG","messageBody":"","fileTypesAndContributionMap":{"docs":{"insertions":2,"deletions":1}}},{"hash":"d1093390faa785e9eaa6069ef0a94366a267d323","isMergeCommit":true,"messageTitle":"Merge branch \u0027branch-Update-PED-Ui-UG\u0027 of https://github.com/weiwong834/tp into branch-Update-PED-Ui-UG","messageBody":"","fileTypesAndContributionMap":{}}]},{"date":"2025-04-07T00:00:00","commitResults":[{"hash":"188065e2c35f3793fc38a0b6fd4d67c9cdbdc132","isMergeCommit":false,"messageTitle":"Add example for log in command summary","messageBody":"","fileTypesAndContributionMap":{"docs":{"insertions":21,"deletions":21}}},{"hash":"44d89cf661d4168594e6f36f6c80bdc5b87f60cb","isMergeCommit":false,"messageTitle":"Add definition of a duplicate student","messageBody":"","fileTypesAndContributionMap":{"docs":{"insertions":2,"deletions":1}}},{"hash":"914bede649ed475d7d286bbabbcbc2295f0df611","isMergeCommit":false,"messageTitle":"Update duplicate student warning message","messageBody":"","fileTypesAndContributionMap":{"functional-code":{"insertions":2,"deletions":2}}},{"hash":"22ded801239bbe0b28072283e8506ed9a2296c2f","isMergeCommit":false,"messageTitle":"Fix clear command formatting","messageBody":"","fileTypesAndContributionMap":{"docs":{"insertions":2,"deletions":2}}},{"hash":"18205a4ca3b72483eb020db4135d80bd1e52b6c6","isMergeCommit":false,"messageTitle":"Update email constrains","messageBody":"","fileTypesAndContributionMap":{"docs":{"insertions":2,"deletions":1}}}]}],"gekjunxu":[{"date":"2025-04-06T00:00:00","commitResults":[{"hash":"84f6f756fec2ecbde9fd2c0e09b497f55d87fc8f","isMergeCommit":false,"messageTitle":"Attempt fix in formatting issue","messageBody":"","fileTypesAndContributionMap":{"docs":{"insertions":1,"deletions":1}}},{"hash":"3d7cd32a8779f63477618d889426f5bbf7f3fb4e","isMergeCommit":false,"messageTitle":"Add glossary","messageBody":"","fileTypesAndContributionMap":{"docs":{"insertions":14,"deletions":1}}},{"hash":"c34d012d3161f569187f6c8d076f70fd942dd642","isMergeCommit":false,"messageTitle":"Fix checkstyle","messageBody":"","fileTypesAndContributionMap":{"docs":{"insertions":1,"deletions":1}}},{"hash":"98cab26792bf6f0353153f49ab19a55aa7f621a2","isMergeCommit":true,"messageTitle":"Merge pull request #211 from gekjunxu/planned-enhancements","messageBody":"Add planned enhancements","fileTypesAndContributionMap":{}}]}],"swatirajesh277":[],"ShiJianXi":[{"date":"2025-04-07T00:00:00","commitResults":[{"hash":"3b960e56cabb35fcdab1c951604195c9542d6830","isMergeCommit":true,"messageTitle":"Merge pull request #269 from weiwong834/branch-Update-PED-Ui-UG","messageBody":"Update UG bugs + sample data entries","fileTypesAndContributionMap":{}},{"hash":"4c2766f40d845f22951efcce53e743303b081a50","isMergeCommit":true,"messageTitle":"Merge branch \u0027master\u0027 into fix-glossary","messageBody":"","fileTypesAndContributionMap":{}},{"hash":"cdcd2e74283aa3e99b4f91385e29bbf81c4515e5","isMergeCommit":true,"messageTitle":"Merge pull request #270 from gekjunxu/fix-glossary","messageBody":"Fix glossary","fileTypesAndContributionMap":{}}]}]},"authorFileTypeContributionMap":{"dragonesejosh":{"docs":0,"functional-code":0,"test-code":0},"weiwong834":{"docs":41,"functional-code":11,"test-code":0,"other":1},"gekjunxu":{"docs":15,"functional-code":0,"test-code":0},"swatirajesh277":{"docs":0,"functional-code":0,"test-code":0},"ShiJianXi":{"docs":1,"functional-code":0,"test-code":0}},"authorContributionVariance":{"dragonesejosh":0.0,"weiwong834":1219.5555,"gekjunxu":80.22222,"swatirajesh277":0.0,"ShiJianXi":0.0},"authorDisplayNameMap":{"dragonesejosh":"CS2103T-W12-3 JOSH..I EN","weiwong834":"CS2103T-W12-3 WONG.. YIN","gekjunxu":"CS2103T-W12-3 GEK ..N XU","swatirajesh277":"CS2103T-W12-3 RAJE..WATI","ShiJianXi":"CS2103T-W12-3 SHI ..ANXI"}}
