{"authorDailyContributionsMap":{"zeotheburrito":[],"m0destly":[],"deannapoh":[{"date":"2025-04-06T00:00:00","commitResults":[{"hash":"0203e9225b46764259a6cc4b8e2d723d76772c61","isMergeCommit":false,"messageTitle":"Fix bugs in add command from PE-D","messageBody":"","fileTypesAndContributionMap":{"functional-code":{"insertions":5,"deletions":4}}},{"hash":"4bcfe0620b1dbfc8d575b6749b0cbdec71b0fbdf","isMergeCommit":false,"messageTitle":"Edit tests","messageBody":"","fileTypesAndContributionMap":{"test-code":{"insertions":48,"deletions":15}}},{"hash":"b2731a0e045a8a1e3d1fc6b506a29eaec30325e1","isMergeCommit":false,"messageTitle":"Fix checkstyle errors","messageBody":"","fileTypesAndContributionMap":{"test-code":{"insertions":3,"deletions":3}}},{"hash":"2194903e0d1c4cf1a1b91cbb1a5cbcda93adefb7","isMergeCommit":false,"messageTitle":"Fix checkstyle error","messageBody":"","fileTypesAndContributionMap":{"test-code":{"insertions":1,"deletions":1}}},{"hash":"b2b298a3809b2ed254b1636f5d0e12c1c3c044b1","isMergeCommit":false,"messageTitle":"Fix error message","messageBody":"","fileTypesAndContributionMap":{"functional-code":{"insertions":1,"deletions":1}}},{"hash":"6ec253184a1871f27f8b2f1416174d0c1da3afed","isMergeCommit":false,"messageTitle":"Edit error message in Email.java so that it is clearer","messageBody":"","fileTypesAndContributionMap":{"functional-code":{"insertions":1,"deletions":1}}}]},{"date":"2025-04-07T00:00:00","commitResults":[{"hash":"f599c476d1507c8bbb9902b90c1ba1a6c4d03cbe","isMergeCommit":false,"messageTitle":"Add acknowledgements and fix links in DeveloperGuide.md","messageBody":"","fileTypesAndContributionMap":{"docs":{"insertions":7,"deletions":7}}},{"hash":"d73dd3d375547209fe9b89c23d46061d801e7f11","isMergeCommit":false,"messageTitle":"Edit hyperlinks and add acknowledgement and use case in DG","messageBody":"","fileTypesAndContributionMap":{"docs":{"insertions":93,"deletions":12}}},{"hash":"6a2dd91099c4e8ab52b7dd7f9478f328c091a5e1","isMergeCommit":true,"messageTitle":"Merge pull request #285 from deannapoh/fix-DG-after-PE-D","messageBody":"DG: Add acknowledgements; Edit hyperlinks; Add use case for add, list, edit and find command ","fileTypesAndContributionMap":{}},{"hash":"96879a33e19cb45b62cd524356998d8930c3905e","isMergeCommit":false,"messageTitle":"Use suggestions from PR","messageBody":"","fileTypesAndContributionMap":{"functional-code":{"insertions":3,"deletions":2}}},{"hash":"9b13095b0f11fd7f3d616f7a886a68f83bde0544","isMergeCommit":true,"messageTitle":"Merge pull request #280 from deannapoh/fix-bugs-from-pe-d","messageBody":"Fix bugs for Add Command from PE-D","fileTypesAndContributionMap":{}}]}],"nat-ong555":[],"Ditzchann":[{"date":"2025-04-06T00:00:00","commitResults":[{"hash":"0541ff7a611a0453f913d9a5cc5f4e3dea3264a3","isMergeCommit":false,"messageTitle":"Handle integer overflow","messageBody":"","fileTypesAndContributionMap":{"functional-code":{"insertions":35,"deletions":10},"test-code":{"insertions":6,"deletions":5}}}]},{"date":"2025-04-07T00:00:00","commitResults":[{"hash":"07f9b0e21870a4daad00b9aa7b1a2cc88c4df772","isMergeCommit":false,"messageTitle":"Add test cases","messageBody":"","fileTypesAndContributionMap":{"test-code":{"insertions":13,"deletions":0}}},{"hash":"04e71fd251d4a5bf9daabc7bb003338d4de8dc11","isMergeCommit":true,"messageTitle":"Merge pull request #282 from Ditzchann/branch-overflow","messageBody":"Fix integer overflow issues","fileTypesAndContributionMap":{}}]}]},"authorFileTypeContributionMap":{"zeotheburrito":{"docs":0,"functional-code":0,"test-code":0},"m0destly":{"docs":0,"functional-code":0,"test-code":0},"deannapoh":{"docs":99,"functional-code":6,"test-code":48},"nat-ong555":{"docs":0,"functional-code":0,"test-code":0},"Ditzchann":{"docs":0,"functional-code":35,"test-code":19}},"authorContributionVariance":{"zeotheburrito":0.0,"m0destly":0.0,"deannapoh":2670.2222,"nat-ong555":0.0,"Ditzchann":572.6667},"authorDisplayNameMap":{"zeotheburrito":"CS2103T-F13-3 WONG..NWEI","m0destly":"CS2103T-F13-3 LAM ..HONG","deannapoh":"CS2103T-F13-3 POH ..ANNA","nat-ong555":"CS2103T-F13-3 ONG ..ALIE","Ditzchann":"CS2103T-F13-3 CALE.. ZHE"}}
