{"authorDailyContributionsMap":{"zeotheburrito":[],"m0destly":[],"deannapoh":[{"date":"2025-04-07","commitResults":[{"hash":"f599c476d1507c8bbb9902b90c1ba1a6c4d03cbe","isMergeCommit":false,"messageTitle":"Add acknowledgements and fix links in DeveloperGuide.md","messageBody":"","fileTypesAndContributionMap":{"docs":{"insertions":7,"deletions":7}}},{"hash":"d73dd3d375547209fe9b89c23d46061d801e7f11","isMergeCommit":false,"messageTitle":"Edit hyperlinks and add acknowledgement and use case in DG","messageBody":"","fileTypesAndContributionMap":{"docs":{"insertions":93,"deletions":12}}},{"hash":"6a2dd91099c4e8ab52b7dd7f9478f328c091a5e1","isMergeCommit":true,"messageTitle":"Merge pull request #285 from deannapoh/fix-DG-after-PE-D","messageBody":"DG: Add acknowledgements; Edit hyperlinks; Add use case for add, list, edit and find command ","fileTypesAndContributionMap":{}}]}],"nat-ong555":[],"Ditzchann":[{"date":"2025-04-06","commitResults":[{"hash":"0541ff7a611a0453f913d9a5cc5f4e3dea3264a3","isMergeCommit":false,"messageTitle":"Handle integer overflow","messageBody":"","fileTypesAndContributionMap":{"functional-code":{"insertions":35,"deletions":10},"test-code":{"insertions":6,"deletions":5}}}]},{"date":"2025-04-07","commitResults":[{"hash":"07f9b0e21870a4daad00b9aa7b1a2cc88c4df772","isMergeCommit":false,"messageTitle":"Add test cases","messageBody":"","fileTypesAndContributionMap":{"test-code":{"insertions":13,"deletions":0}}},{"hash":"04e71fd251d4a5bf9daabc7bb003338d4de8dc11","isMergeCommit":true,"messageTitle":"Merge pull request #282 from Ditzchann/branch-overflow","messageBody":"Fix integer overflow issues","fileTypesAndContributionMap":{}}]}]},"authorFileTypeContributionMap":{"zeotheburrito":{"docs":0,"functional-code":0,"test-code":0},"m0destly":{"docs":0,"functional-code":0,"test-code":0},"deannapoh":{"docs":99,"functional-code":0,"test-code":0},"nat-ong555":{"docs":0,"functional-code":0,"test-code":0},"Ditzchann":{"docs":0,"functional-code":35,"test-code":19}},"authorContributionVariance":{"zeotheburrito":0.0,"m0destly":0.0,"deannapoh":3146.8887,"nat-ong555":0.0,"Ditzchann":572.6667},"authorDisplayNameMap":{"zeotheburrito":"CS2103T-F13-3 WONG..NWEI","m0destly":"CS2103T-F13-3 LAM ..HONG","deannapoh":"CS2103T-F13-3 POH ..ANNA","nat-ong555":"CS2103T-F13-3 ONG ..ALIE","Ditzchann":"CS2103T-F13-3 CALE.. ZHE"}}
