{"authorDailyContributionsMap":{"weien02":[],"zwliew":[{"date":"2025-04-06T00:00:00","commitResults":[{"hash":"d452a7b2fd817e3e2819549fc94b2a6220cf2d3f","isMergeCommit":false,"messageTitle":"Discard changes to src/main/java/seedu/address/logic/parser/AddAssignmentCommandParser.java","messageBody":"","fileTypesAndContributionMap":{"functional-code":{"insertions":1,"deletions":1}}},{"hash":"edf5fa21a9f1030c0cc627b610f70697888675cf","isMergeCommit":false,"messageTitle":"EditAssignmentCommandParser: remove changes to penalty parsing","messageBody":"","fileTypesAndContributionMap":{"functional-code":{"insertions":1,"deletions":1}}},{"hash":"3c93b3a3db385ab597dc90acf6ea989e8230db12","isMergeCommit":false,"messageTitle":"ParserUtil: remove penalty parser","messageBody":"","fileTypesAndContributionMap":{"functional-code":{"insertions":0,"deletions":19}}},{"hash":"90c551bb8cfc064ce8b2e6d515b4b9138c71e2ef","isMergeCommit":false,"messageTitle":"fix: remove penalty","messageBody":"","fileTypesAndContributionMap":{"functional-code":{"insertions":11,"deletions":13}}},{"hash":"4d52ef3bb978f46fd122ec925cdac86778afcc4e","isMergeCommit":true,"messageTitle":"Merge pull request #267 from dexterkwxn/fix/remove-grade-assignment","messageBody":"fix: remove grade assignments and penalty; add planned enhancements","fileTypesAndContributionMap":{}}]}],"lyhthaddeus":[],"avinazz3":[],"dexterkwxn":[{"date":"2025-04-06T00:00:00","commitResults":[{"hash":"4edd7a9eb886489e62a84c4e9187d4ad515345c2","isMergeCommit":false,"messageTitle":"Add planned enhancements","messageBody":"","fileTypesAndContributionMap":{"docs":{"insertions":23,"deletions":1}}},{"hash":"145e41304f376caa3f1863c117a88109c79ed875","isMergeCommit":false,"messageTitle":"Remove grade assignment; Fix penalty bugs","messageBody":"","fileTypesAndContributionMap":{"functional-code":{"insertions":22,"deletions":6}}},{"hash":"349e13ebb3b6281eed020daa46e2acefa5b77f28","isMergeCommit":false,"messageTitle":"Add checkstyle","messageBody":"","fileTypesAndContributionMap":{"functional-code":{"insertions":5,"deletions":0}}},{"hash":"0d6d2335ec169c722bc111472370367782bf77f7","isMergeCommit":false,"messageTitle":"Fix name validation bug","messageBody":"","fileTypesAndContributionMap":{"functional-code":{"insertions":1,"deletions":1}}},{"hash":"cb9a5aeb2558b87952a848241541c97d6d8d1e40","isMergeCommit":false,"messageTitle":"Fix group name validation bug","messageBody":"","fileTypesAndContributionMap":{"functional-code":{"insertions":1,"deletions":1}}},{"hash":"8b3431f8d330e2dedddc325e7a79cc2af00bd097","isMergeCommit":false,"messageTitle":"Fix regex format so - is escaped properly","messageBody":"","fileTypesAndContributionMap":{"functional-code":{"insertions":1,"deletions":1}}},{"hash":"b53c98551c0cfc6cef76f8fff640f74360a62838","isMergeCommit":false,"messageTitle":"Update docs/DeveloperGuide.md","messageBody":"Co-authored-by: Zhao Wei Liew \u003czhaoweiliew@gmail.com\u003e","fileTypesAndContributionMap":{"docs":{"insertions":1,"deletions":1}}},{"hash":"b38a6b948335504cc2ceb866f94c32d3221d14fc","isMergeCommit":false,"messageTitle":"Update docs/DeveloperGuide.md","messageBody":"Co-authored-by: Zhao Wei Liew \u003czhaoweiliew@gmail.com\u003e","fileTypesAndContributionMap":{"docs":{"insertions":1,"deletions":1}}},{"hash":"a6f82c72285ab26caa2284a6f6fb4b9b646b1791","isMergeCommit":false,"messageTitle":"Update docs/DeveloperGuide.md","messageBody":"Co-authored-by: Zhao Wei Liew \u003czhaoweiliew@gmail.com\u003e","fileTypesAndContributionMap":{"docs":{"insertions":1,"deletions":1}}},{"hash":"cbf9fba6c718ea7c72509fe4c3f3fac394a2264d","isMergeCommit":false,"messageTitle":"Update docs/DeveloperGuide.md","messageBody":"Co-authored-by: Zhao Wei Liew \u003czhaoweiliew@gmail.com\u003e","fileTypesAndContributionMap":{"docs":{"insertions":1,"deletions":1}}},{"hash":"9832265f5816f94caf0f81fb95bbbf7f7b3a7c6c","isMergeCommit":false,"messageTitle":"Update docs/DeveloperGuide.md","messageBody":"Co-authored-by: Zhao Wei Liew \u003czhaoweiliew@gmail.com\u003e","fileTypesAndContributionMap":{"docs":{"insertions":1,"deletions":1}}}]}]},"authorFileTypeContributionMap":{"weien02":{"docs":0,"functional-code":0,"test-code":0},"zwliew":{"docs":0,"functional-code":11,"test-code":0},"lyhthaddeus":{"docs":0,"functional-code":0,"test-code":0},"avinazz3":{"docs":0,"functional-code":0,"test-code":0},"dexterkwxn":{"docs":23,"functional-code":7,"test-code":0}},"authorContributionVariance":{"weien02":0.0,"zwliew":552.25,"lyhthaddeus":0.0,"avinazz3":0.0,"dexterkwxn":1332.25},"authorDisplayNameMap":{"weien02":"CS2103T-T12-1 NG W..I EN","zwliew":"CS2103T-T12-1 LIEW.. WEI","lyhthaddeus":"CS2103T-T12-1 LIM ..DEUS","avinazz3":"CS2103T-T12-1 AVIN..OVAN","dexterkwxn":"CS2103T-T12-1 DEXT..KWAN"}}
