{"authorDailyContributionsMap":{"nicholasohjj":[{"date":"2025-04-05","commitResults":[{"hash":"52776477e0d029cb7cb84b1857b49bdcc53d49d3","isMergeCommit":false,"messageTitle":"Modify name constructor","messageBody":"","fileTypesAndContributionMap":{"functional-code":{"insertions":18,"deletions":1}}},{"hash":"e1857945f8ea4de501138da878973721da448dbc","isMergeCommit":false,"messageTitle":"Remove null check for name formatting","messageBody":"","fileTypesAndContributionMap":{"functional-code":{"insertions":1,"deletions":4},"docs":{"insertions":10,"deletions":4},"test-code":{"insertions":1,"deletions":1}}},{"hash":"23eee0d27ec7d720a98cff0615f89294fbcd5716","isMergeCommit":false,"messageTitle":"Modify StudentTest","messageBody":"","fileTypesAndContributionMap":{"test-code":{"insertions":0,"deletions":1}}},{"hash":"942ef7dee81504290729571613cf5ad7ac908d86","isMergeCommit":false,"messageTitle":"Modify listcommand usage in UG","messageBody":"","fileTypesAndContributionMap":{"docs":{"insertions":3,"deletions":0}}},{"hash":"184590a7c5ac6474b9173297270ef0455d19a7dc","isMergeCommit":false,"messageTitle":"Resolves #283","messageBody":"","fileTypesAndContributionMap":{"docs":{"insertions":8,"deletions":0}}},{"hash":"77b7a3cee0cc65d3d455e07cc611e85ec79f9d23","isMergeCommit":false,"messageTitle":"Resolves #313","messageBody":"","fileTypesAndContributionMap":{"docs":{"insertions":58,"deletions":31}}},{"hash":"9dbfd179c01c5cb79b36227f6bd4f4059aa1951a","isMergeCommit":false,"messageTitle":"Resolves missing white space (1 line changed)","messageBody":"","fileTypesAndContributionMap":{"functional-code":{"insertions":1,"deletions":1}}},{"hash":"d57d42eea0fec0fd6a07f643ec048c5e4ba0f6b9","isMergeCommit":false,"messageTitle":"Resolves #277","messageBody":"","fileTypesAndContributionMap":{"docs":{"insertions":18,"deletions":0}}},{"hash":"450654c4e6b0a2bd01b330defd5b0cf0c29ef84a","isMergeCommit":false,"messageTitle":"Improve message usage for listlessons","messageBody":"","fileTypesAndContributionMap":{"functional-code":{"insertions":6,"deletions":6}}},{"hash":"4a1087847582e55f957e93c14a790374d39f2999","isMergeCommit":false,"messageTitle":"Fix checking of invalid dates","messageBody":"","fileTypesAndContributionMap":{"functional-code":{"insertions":6,"deletions":0}}},{"hash":"82b5f2c86eff9a419273711506996f7af1be44e1","isMergeCommit":false,"messageTitle":"Edit Date","messageBody":"","fileTypesAndContributionMap":{"functional-code":{"insertions":1,"deletions":9}}},{"hash":"7a091223e63200e236dc6566deff8298a97b25c2","isMergeCommit":false,"messageTitle":"Edit UG to resolve #268","messageBody":"","fileTypesAndContributionMap":{"docs":{"insertions":7,"deletions":0}}},{"hash":"ec93bc383af4028815aacd21472362e1e5a5f117","isMergeCommit":false,"messageTitle":"Add editassignment to table in UG","messageBody":"","fileTypesAndContributionMap":{"docs":{"insertions":1,"deletions":0}}},{"hash":"3248fd4b38197ed46e0d259ca3e34053a5ef369b","isMergeCommit":false,"messageTitle":"Resolve #296","messageBody":"","fileTypesAndContributionMap":{"docs":{"insertions":10,"deletions":8}}},{"hash":"d4c5eff6bc005f7b931f021c3503d8a495e0d515","isMergeCommit":false,"messageTitle":"Resolves #267","messageBody":"","fileTypesAndContributionMap":{"docs":{"insertions":13,"deletions":0}}},{"hash":"56a557ad8125f2b3754cc5b37af5e7239ab75aa7","isMergeCommit":false,"messageTitle":"Improve DG with manual testing instructions","messageBody":"","fileTypesAndContributionMap":{"docs":{"insertions":119,"deletions":0}}},{"hash":"92cceb04a64aec154a38276e7be379cffb60b739","isMergeCommit":false,"messageTitle":"Fix differing error messages","messageBody":"","fileTypesAndContributionMap":{"functional-code":{"insertions":1,"deletions":2}}},{"hash":"11dc85da51b306cfb5a57854784b0d4d50c70112","isMergeCommit":false,"messageTitle":"fix style checks","messageBody":"","fileTypesAndContributionMap":{"functional-code":{"insertions":2,"deletions":1}}},{"hash":"88fdae37e2182cea1d03c40356645e82b1334b45","isMergeCommit":false,"messageTitle":"fix style checks","messageBody":"","fileTypesAndContributionMap":{"functional-code":{"insertions":2,"deletions":2}}}]},{"date":"2025-04-06","commitResults":[{"hash":"bc4bbda168c48d129a4d5f0197afff0326b83457","isMergeCommit":true,"messageTitle":"Modify name constructor (#327)","messageBody":"Resolves #288\n","fileTypesAndContributionMap":{}},{"hash":"2b34a7f237784ba0a20642c377cebd2174f1a4f6","isMergeCommit":true,"messageTitle":"Resolve merge conflicts","messageBody":"","fileTypesAndContributionMap":{}},{"hash":"53b724c4cfffb00175ceb670788c5481ab5ff29b","isMergeCommit":true,"messageTitle":"Update DG  (#337)","messageBody":"Fixes #303.\nFixes #304.\nFixes #319.\nFixes #306.\nFixes #257.\n","fileTypesAndContributionMap":{}},{"hash":"5f04dc90167914325e494989b0f8a76aee863d1e","isMergeCommit":true,"messageTitle":"Update UG for mark assignment example to be clearer (#336)","messageBody":"Fixes #295\n","fileTypesAndContributionMap":{}},{"hash":"25cd75c76c0d91b0c4c03efb52958684ff5c105b","isMergeCommit":true,"messageTitle":"Update application name to TutorTrack (#335)","messageBody":"Fixes #275\n","fileTypesAndContributionMap":{}},{"hash":"fb70ea6f2152c669dfa25ea5e8065507905b61d0","isMergeCommit":true,"messageTitle":"Update UG to move table of contents up (#334)","messageBody":"Fixes #273.\nFixes #294.\n","fileTypesAndContributionMap":{}},{"hash":"97d04bb936ee61fe1fc5cf3044c09d0da0c6a31a","isMergeCommit":true,"messageTitle":"Update site-wide settings for UG and DG to product name (#333)","messageBody":"Fixes #255.\nFixes #256.\nFixes #278.\nFixes #298.\n","fileTypesAndContributionMap":{}},{"hash":"cf44e78852de3f96e1515b93108a8160d179a1a4","isMergeCommit":true,"messageTitle":"Update UML diagrams and images (#341)","messageBody":"Fixes #340\n","fileTypesAndContributionMap":{}},{"hash":"4f6669c3ed9ca1d225ce2b53804dd773feb42fcb","isMergeCommit":true,"messageTitle":"Branch DG (#339)","messageBody":"Fixes #338\n","fileTypesAndContributionMap":{}}]}],"Charlesl12":[{"date":"2025-04-05","commitResults":[{"hash":"814e7c0831e016098931c96234af2a23ce8a5969","isMergeCommit":false,"messageTitle":"Update UG to move table of contents up","messageBody":"","fileTypesAndContributionMap":{"docs":{"insertions":6,"deletions":5}}},{"hash":"c45084b282a719a5c16881a11c84ad910a762199","isMergeCommit":false,"messageTitle":"Update application name to TutorTrack","messageBody":"","fileTypesAndContributionMap":{"functional-code":{"insertions":1,"deletions":1}}},{"hash":"1a48a10aa98f65c090f1f607e269ae81291b9e3a","isMergeCommit":false,"messageTitle":"Add heading for table of contents in UG","messageBody":"","fileTypesAndContributionMap":{"docs":{"insertions":3,"deletions":2}}},{"hash":"b272ce9eaf584312305b08a041ef800d20f890b6","isMergeCommit":false,"messageTitle":"Update UG for mark assignment example to be clearer","messageBody":"","fileTypesAndContributionMap":{"docs":{"insertions":1,"deletions":1}}},{"hash":"92c94eafd6f82633b3aa6b347a0f7b447e26cc30","isMergeCommit":false,"messageTitle":"Update DG table of contents to be neater","messageBody":"","fileTypesAndContributionMap":{"docs":{"insertions":11,"deletions":5}}},{"hash":"699d5fbac1feba3294b7eb1d1cb64ae152f53202","isMergeCommit":false,"messageTitle":"Remove feature from user stories in DG","messageBody":"","fileTypesAndContributionMap":{"docs":{"insertions":2,"deletions":1}}},{"hash":"be4e54f910e339c522072da6dc68d88f43fa2996","isMergeCommit":false,"messageTitle":"Update use case for add student in DG","messageBody":"","fileTypesAndContributionMap":{"docs":{"insertions":1,"deletions":1}}},{"hash":"50b063801300ae080adacf48dc75edd6adc0d4e1","isMergeCommit":false,"messageTitle":"Update DG for planned enhancements","messageBody":"","fileTypesAndContributionMap":{"docs":{"insertions":2,"deletions":1}}}]},{"date":"2025-04-06","commitResults":[{"hash":"0f7dce649f5d9db84812ee21668512adbfcb27c9","isMergeCommit":true,"messageTitle":"Merge branch \u0027master\u0027 into branch_DG","messageBody":"","fileTypesAndContributionMap":{}},{"hash":"4b0527bb9c22e0e678f6dc3a2934e168572d8a59","isMergeCommit":false,"messageTitle":"Update UML diagram","messageBody":"","fileTypesAndContributionMap":{"docs":{"insertions":3,"deletions":3}}},{"hash":"10a01252e7385215b6f3201fe117e65461f8816e","isMergeCommit":true,"messageTitle":"Merge branch \u0027master\u0027 into branch_DG","messageBody":"","fileTypesAndContributionMap":{}},{"hash":"ffbf8039bd42fc3aae0b7079d0a78374f4263e86","isMergeCommit":false,"messageTitle":"Update DG to include lesson details in logic and model components","messageBody":"","fileTypesAndContributionMap":{"docs":{"insertions":12,"deletions":8}}},{"hash":"5c827ad8b97e22dba6475941a8d290d414d36048","isMergeCommit":false,"messageTitle":"Update UML diagrams and images","messageBody":"","fileTypesAndContributionMap":{"docs":{"insertions":3,"deletions":3}}}]}],"jiangsuwangjing":[],"andong0909":[],"GZTan23":[{"date":"2025-04-06","commitResults":[{"hash":"04ae48a76726a42fd00b889b494b211f379c2ffb","isMergeCommit":true,"messageTitle":"Resolves missing white space (12 lines changed) (#329)","messageBody":"Closes #321\n","fileTypesAndContributionMap":{}},{"hash":"ba88895911c3078ddad83e91d7db7c3b3d1b2de9","isMergeCommit":true,"messageTitle":"Fix checking of invalid dates (#330)","messageBody":"Closes #268\n","fileTypesAndContributionMap":{}},{"hash":"addff3555db98bd957c1587bdbcb2143aad73a06","isMergeCommit":true,"messageTitle":"Improve DG with manual testing instructions (#331)","messageBody":"Resolves #262\n","fileTypesAndContributionMap":{}},{"hash":"3c8b5077607ece5644b99f90646c44d416967191","isMergeCommit":true,"messageTitle":"Fix differing error messages (#332)","messageBody":"Resolves #279\n","fileTypesAndContributionMap":{}},{"hash":"046be6ad48e176e83c8e6663bb2e911a6e7feb90","isMergeCommit":false,"messageTitle":"Update docs/UserGuide.md","messageBody":"Co-authored-by: Copilot \u003c175728472+Copilot@users.noreply.github.com\u003e","fileTypesAndContributionMap":{"docs":{"insertions":1,"deletions":1}}},{"hash":"577893f488f33572c0bd0d61b4eb01f86161b6d9","isMergeCommit":true,"messageTitle":"Modify listcommand usage in UG (#328)","messageBody":"Closes #314\n","fileTypesAndContributionMap":{}}]}]},"authorFileTypeContributionMap":{"nicholasohjj":{"docs":225,"functional-code":24,"test-code":1},"Charlesl12":{"docs":39,"functional-code":1,"test-code":0,"other":1},"jiangsuwangjing":{"docs":0,"functional-code":0,"test-code":0},"andong0909":{"docs":0,"functional-code":0,"test-code":0},"GZTan23":{"docs":1,"functional-code":0,"test-code":0}},"authorContributionVariance":{"nicholasohjj":31862.25,"Charlesl12":36.0,"jiangsuwangjing":0.0,"andong0909":0.0,"GZTan23":1.0},"authorDisplayNameMap":{"nicholasohjj":"CS2103T-T13-4 NICH.. JUN","Charlesl12":"CS2103T-T13-4 CHAR.. WEI","jiangsuwangjing":"CS2103T-T13-4 WANG..MENG","andong0909":"CS2103T-T13-4 YAN ..DONG","GZTan23":"CS2103T-T13-4 TAN ..HONG"}}
