{"authorDailyContributionsMap":{"loyaltypollution":[],"findingfaey":[],"WhiteBear82":[{"date":"2025-04-06T00:00:00","commitResults":[{"hash":"c50829cc3110e702bcb8904e9af324fe1ce20b8b","isMergeCommit":false,"messageTitle":"Fix AlphaBug ScreenshotsQC","messageBody":"","fileTypesAndContributionMap":{"docs":{"insertions":32,"deletions":32}}},{"hash":"4fbd802b88c325117384e8b30cfa17d1b3fe9f77","isMergeCommit":true,"messageTitle":"Merge remote-tracking branch \u0027upstream/master\u0027 into branch-Fix-AlphaBug-ScreenshotsQC","messageBody":"","fileTypesAndContributionMap":{}},{"hash":"64febbb796000fd3457ff5bfefe11b10e2ba0734","isMergeCommit":false,"messageTitle":"Fix PEDBugs UGWrongWording","messageBody":"","fileTypesAndContributionMap":{"docs":{"insertions":2,"deletions":2}}},{"hash":"1d0d63b85dd7483ddae49fd1bf329e5855d00ad0","isMergeCommit":true,"messageTitle":"Merge pull request #456 from WhiteBear82/branch-Fix-PEDBugs-UGWrongWording","messageBody":"Branch fix ped bugs ug wrong wording","fileTypesAndContributionMap":{}}]}],"rannn367":[],"Jsjk112344":[]},"authorFileTypeContributionMap":{"loyaltypollution":{"docs":0,"functional-code":0,"test-code":0},"findingfaey":{"docs":0,"functional-code":0,"test-code":0},"WhiteBear82":{"docs":2,"functional-code":0,"test-code":0},"rannn367":{"docs":0,"functional-code":0,"test-code":0},"Jsjk112344":{"docs":0,"functional-code":0,"test-code":0}},"authorContributionVariance":{"loyaltypollution":0.0,"findingfaey":0.0,"WhiteBear82":1156.0,"rannn367":0.0,"Jsjk112344":0.0},"authorDisplayNameMap":{"loyaltypollution":"CS2103T-T08-3 LIM ..RREN","findingfaey":"CS2103T-T08-3 YANG.. FEI","WhiteBear82":"CS2103T-T08-3 VICT..RONG","rannn367":"CS2103T-T08-3 ALIC.. RAN","Jsjk112344":"CS2103T-T08-3 JUST..KHYE"}}
