{"authorDailyContributionsMap":{"varuuuun":[{"date":"2025-04-06T00:00:00","commitResults":[{"hash":"af4d7e74b62172866fad30d97b16ea72ef941f3c","isMergeCommit":false,"messageTitle":"Fix bug in attendance","messageBody":"Attendance was not refreshed on a new day unless app was closed and\nrelaunched. Bug fixed.\n","fileTypesAndContributionMap":{"functional-code":{"insertions":16,"deletions":6}}},{"hash":"42a69362d69bc958b3c1615c348b4723e81345ae","isMergeCommit":false,"messageTitle":"Fix bug in mark and unmark command","messageBody":"When attendance is already set as present, mark should return error\nmessage stating that student is already marked as present. Similar case\nwith unmark command, it should return message that student is already\nmarked as absent. Fixed bug.\n","fileTypesAndContributionMap":{"functional-code":{"insertions":10,"deletions":0},"test-code":{"insertions":4,"deletions":1}}}]}],"SahanaAvantika":[],"WeiHungLoh":[{"date":"2025-04-05T00:00:00","commitResults":[{"hash":"56bae6ea0c7a9657516d37b88930c10bcd869cac","isMergeCommit":false,"messageTitle":"Fix bugs in find window","messageBody":"","fileTypesAndContributionMap":{"functional-code":{"insertions":17,"deletions":14}}},{"hash":"b1de52d29871a9234ca7a75f16ea217969e33ef0","isMergeCommit":false,"messageTitle":"Remove unused import","messageBody":"","fileTypesAndContributionMap":{"functional-code":{"insertions":0,"deletions":1}}}]},{"date":"2025-04-06T00:00:00","commitResults":[{"hash":"a6f414fd658a72fd307c722a1f54deb8ededd0cc","isMergeCommit":false,"messageTitle":"Fix export file name too long bug","messageBody":"","fileTypesAndContributionMap":{"functional-code":{"insertions":9,"deletions":2},"test-code":{"insertions":10,"deletions":1}}},{"hash":"c46624774de1de5ec2122424a5e93fb5f544856d","isMergeCommit":true,"messageTitle":"Merge pull request #298 from shuang26/fix-dg-usecasebug","messageBody":"Fix bug with use case","fileTypesAndContributionMap":{}},{"hash":"6d8949fca5b3e694822ec982c4689966ec02e25c","isMergeCommit":false,"messageTitle":"Update DG and UG to match changes after bug fixes","messageBody":"","fileTypesAndContributionMap":{"docs":{"insertions":109,"deletions":113}}},{"hash":"85a273bb77e093b412568c8a70a2482d6e3531a5","isMergeCommit":false,"messageTitle":"Remove trailing spaces","messageBody":"","fileTypesAndContributionMap":{"docs":{"insertions":27,"deletions":27}}},{"hash":"32780235569c344fe322cc483095e3363802448d","isMergeCommit":true,"messageTitle":"Merge branch \u0027master\u0027 into fix-ug-dg","messageBody":"","fileTypesAndContributionMap":{}},{"hash":"d7ddb5128f04cf0ed97461a8839bc287b901c00f","isMergeCommit":false,"messageTitle":"Remove space","messageBody":"","fileTypesAndContributionMap":{"docs":{"insertions":2,"deletions":2}}},{"hash":"95dd23e0cf329c6c1948ec6e3a5f163553a4307a","isMergeCommit":true,"messageTitle":"Merge branch \u0027fix-ug-dg\u0027 of https://github.com/WeiHungLoh/tp into fix-ug-dg","messageBody":"","fileTypesAndContributionMap":{}},{"hash":"965cdf89080eb97a9e8f554a3c1d3549273491ed","isMergeCommit":false,"messageTitle":"Edit user guide","messageBody":"","fileTypesAndContributionMap":{"docs":{"insertions":2,"deletions":1}}},{"hash":"5e38b9957f679ba9f46fb7f10f5a86fd587733fc","isMergeCommit":false,"messageTitle":"Improve code quality","messageBody":"","fileTypesAndContributionMap":{"functional-code":{"insertions":6,"deletions":2}}},{"hash":"5696d855b5c120f5a632430f8fe824be62f45cad","isMergeCommit":false,"messageTitle":"Improve code quality","messageBody":"","fileTypesAndContributionMap":{"functional-code":{"insertions":2,"deletions":1}}}]},{"date":"2025-04-07T00:00:00","commitResults":[{"hash":"cfc8cf02e70b78feee6b855f42c1e4a052659240","isMergeCommit":true,"messageTitle":"Merge pull request #304 from K1mcheee/update-dg-links","messageBody":"Update links to point to team repo","fileTypesAndContributionMap":{}},{"hash":"43feda098a0af2b8009aba52f27cb008b61e7f3b","isMergeCommit":true,"messageTitle":"Merge pull request #305 from K1mcheee/update-phone-regex","messageBody":"Update phone regex","fileTypesAndContributionMap":{}}]}],"K1mcheee":[{"date":"2025-04-07T00:00:00","commitResults":[{"hash":"e037124b1009140c4d4a324c2ad701a86a247ece","isMergeCommit":false,"messageTitle":"Update links to point to team repo","messageBody":"","fileTypesAndContributionMap":{"docs":{"insertions":3,"deletions":3}}},{"hash":"bce95acf7c1e47ff8d650652e675581afb145c91","isMergeCommit":true,"messageTitle":"Merge pull request #303 from shuang26/fix-dgbug","messageBody":"Fix DG bugs","fileTypesAndContributionMap":{}},{"hash":"753c871f2c8da9e3c992e7b82905ebd847e82217","isMergeCommit":true,"messageTitle":"Merge branch \u0027AY2425S2-CS2103T-T11-2:master\u0027 into update-dg-links","messageBody":"","fileTypesAndContributionMap":{}},{"hash":"a6b4551e918a203d949ac400889faa026aeb6a5c","isMergeCommit":false,"messageTitle":"Fix spacing issues and mention of case sensitive student id","messageBody":"","fileTypesAndContributionMap":{"docs":{"insertions":44,"deletions":44}}},{"hash":"11a533aff02dd5e076ad772aa6c5d027e00db9c9","isMergeCommit":false,"messageTitle":"Add missing fullstop","messageBody":"","fileTypesAndContributionMap":{"docs":{"insertions":1,"deletions":1}}},{"hash":"62e91d43e647301ae52e79d95b82ea21a3f55ed8","isMergeCommit":false,"messageTitle":"Update to allow numbers beginning with 6","messageBody":"","fileTypesAndContributionMap":{"functional-code":{"insertions":2,"deletions":2},"docs":{"insertions":3,"deletions":3}}},{"hash":"8752642706d6624163413ac93f2255105f8717e0","isMergeCommit":false,"messageTitle":"Fix typo in DG","messageBody":"","fileTypesAndContributionMap":{"docs":{"insertions":1,"deletions":1}}}]}],"shuang26":[{"date":"2025-04-05T00:00:00","commitResults":[{"hash":"46d520e071458d7c270c08e3c392b54bc3b681bb","isMergeCommit":true,"messageTitle":"Merge pull request #296 from WeiHungLoh/disable-resize","messageBody":"Fix bugs in find window","fileTypesAndContributionMap":{}},{"hash":"818e24d32dec9b4777fe720f353aa822d6534fe9","isMergeCommit":false,"messageTitle":"Fix bug with use case","messageBody":"","fileTypesAndContributionMap":{"docs":{"insertions":8,"deletions":0}}},{"hash":"1aca9c1a3dcaa8e07660da61e52c402b35b9ae76","isMergeCommit":false,"messageTitle":"Fix use case bug","messageBody":"","fileTypesAndContributionMap":{"docs":{"insertions":1,"deletions":1}}},{"hash":"180b83157c1ebfa3ca3177f2f9c2752b4082d9f7","isMergeCommit":false,"messageTitle":"Fix dg bug","messageBody":"","fileTypesAndContributionMap":{"docs":{"insertions":1,"deletions":1}}},{"hash":"047fe9df2c38201f71ad630d1c45ffcc336b8a71","isMergeCommit":false,"messageTitle":"Fix dg bug","messageBody":"","fileTypesAndContributionMap":{"docs":{"insertions":1,"deletions":1}}},{"hash":"2a7fc55566d20b05dc8874a4ef1a55c9e3204bb5","isMergeCommit":false,"messageTitle":"Fix dg bug","messageBody":"","fileTypesAndContributionMap":{"docs":{"insertions":1,"deletions":1}}}]},{"date":"2025-04-06T00:00:00","commitResults":[{"hash":"5ff0c1379d002ece9d40a1e6d3e36ee776195cee","isMergeCommit":true,"messageTitle":"Merge pull request #302 from WeiHungLoh/fix-ug-dg","messageBody":"Update DG and UG to match changes after bug fixes","fileTypesAndContributionMap":{}},{"hash":"81ba7b54ab7665696ca0ba252e5d56994ca48198","isMergeCommit":true,"messageTitle":"Merge pull request #299 from WeiHungLoh/export-fix","messageBody":"FIx bugs in export command","fileTypesAndContributionMap":{}},{"hash":"9255b015cd6cb194b7b22841cb19e3adf155d71e","isMergeCommit":true,"messageTitle":"Merge pull request #300 from varuuuun/branch-fix-new-date-attendance","messageBody":"Fix bug in attendance","fileTypesAndContributionMap":{}},{"hash":"a37e23771eabc596fc6304e5aaa2f8140cc8604e","isMergeCommit":true,"messageTitle":"Merge pull request #301 from varuuuun/branch-fix-mark-no-change-message-bug","messageBody":"Fix bug in mark and unmark command","fileTypesAndContributionMap":{}},{"hash":"e65b3818a93e9172867dfd0310b4c4d322b93295","isMergeCommit":false,"messageTitle":"Fix DG bugs","messageBody":"","fileTypesAndContributionMap":{"docs":{"insertions":4,"deletions":4}}}]},{"date":"2025-04-07T00:00:00","commitResults":[{"hash":"249277af0c9481c68174c50bb7d4b07c60f77b4b","isMergeCommit":false,"messageTitle":"Fix link in UG","messageBody":"","fileTypesAndContributionMap":{"docs":{"insertions":2,"deletions":1}}},{"hash":"c882240b618ad32991db307f6ee246f8e29d3047","isMergeCommit":false,"messageTitle":"Revert previous change","messageBody":"","fileTypesAndContributionMap":{"docs":{"insertions":1,"deletions":2}}}]}]},"authorFileTypeContributionMap":{"varuuuun":{"docs":0,"functional-code":26,"test-code":4},"SahanaAvantika":{"docs":0,"functional-code":0,"test-code":0},"WeiHungLoh":{"docs":105,"functional-code":31,"test-code":10},"K1mcheee":{"docs":42,"functional-code":2,"test-code":0},"shuang26":{"docs":13,"functional-code":0,"test-code":0}},"authorContributionVariance":{"varuuuun":304.22223,"SahanaAvantika":0.0,"WeiHungLoh":20170.666,"K1mcheee":2592.0,"shuang26":18.666666},"authorDisplayNameMap":{"varuuuun":"CS2103T-T11-2 SIVA..ARUN","SahanaAvantika":"CS2103T-T11-2 RAME..TIKA","WeiHungLoh":"CS2103T-T11-2 LOH ..HUNG","K1mcheee":"CS2103T-T11-2 KIMB.. JIA","shuang26":"CS2103T-T11-2 LIEW..YUAN"}}
