{"authorDailyContributionsMap":{"blacksesamezongzi":[],"mhaikelll":[{"date":"2025-04-07T00:00:00","commitResults":[{"hash":"ef50839218b2eeb9d3ad1503751cce36c973020b","isMergeCommit":false,"messageTitle":"Fix matric bug","messageBody":"","fileTypesAndContributionMap":{"functional-code":{"insertions":2,"deletions":1}}},{"hash":"f7bb645cc916e98b0d70ae484ce5e13b29e81a89","isMergeCommit":false,"messageTitle":"Explain search better","messageBody":"","fileTypesAndContributionMap":{"functional-code":{"insertions":1,"deletions":1},"docs":{"insertions":47,"deletions":6}}},{"hash":"3c0989deea297a0274439c96a14ce5626a12ac10","isMergeCommit":false,"messageTitle":"Fix DG hyperlinks and use cases","messageBody":"","fileTypesAndContributionMap":{"docs":{"insertions":12,"deletions":7}}},{"hash":"252ed2878033caa31b07d00a893697fc849dca6f","isMergeCommit":false,"messageTitle":"Fix spelling","messageBody":"","fileTypesAndContributionMap":{"docs":{"insertions":1,"deletions":1}}},{"hash":"7cf2fed518dc43bd3fda671b41fca737b74254fc","isMergeCommit":false,"messageTitle":"Update planned enhancements edit func","messageBody":"","fileTypesAndContributionMap":{"docs":{"insertions":8,"deletions":1}}},{"hash":"437a4b9b6d87a659de99f38cfd4491108dab2f64","isMergeCommit":true,"messageTitle":"Merge pull request #239 from chinpcbenjamin/branch-ug-define-duplicates","messageBody":"Update ug to describe how duplicates are detected","fileTypesAndContributionMap":{}},{"hash":"0de6c04695c0d1725e6048011212a7a104f7b3b3","isMergeCommit":true,"messageTitle":"Merge pull request #233 from chinpcbenjamin/branch-fix-change-to-resiconnectjson","messageBody":"Update data file and build file to be Resiconnect","fileTypesAndContributionMap":{}},{"hash":"462b4b4f84fee7a445a7af29e0ab263a81f750a0","isMergeCommit":true,"messageTitle":"Merge pull request #234 from chinpcbenjamin/branch-fix-levels-trim-zeroes","messageBody":"Accept leading zeroes for level","fileTypesAndContributionMap":{}},{"hash":"c35874af59d86611c1a53faf570ddcddb9f41062","isMergeCommit":true,"messageTitle":"Merge pull request #236 from chinpcbenjamin/branch-fix-room-trim-zeroes","messageBody":"Allow room to have leading zeroes","fileTypesAndContributionMap":{}},{"hash":"f0db3fb68037050e390af8a762692550991220b2","isMergeCommit":false,"messageTitle":"Add tests for matric","messageBody":"","fileTypesAndContributionMap":{"test-code":{"insertions":17,"deletions":6}}},{"hash":"8c46d9d33bde3cc400433ba524d986f0eb0227b7","isMergeCommit":true,"messageTitle":"Merge pull request #241 from chinpcbenjamin/branch-update-ug-definitions","messageBody":"Update definitions section of UG","fileTypesAndContributionMap":{}},{"hash":"7549312738b0d4731b10e51939330e6e2229fab1","isMergeCommit":true,"messageTitle":"Merge pull request #237 from chinpcbenjamin/branch-fix-address-whitespace-trim","messageBody":"Remove multiple whitespaces in address","fileTypesAndContributionMap":{}},{"hash":"4303d537ea2d96b99fd8e1d020ec7455a017b173","isMergeCommit":true,"messageTitle":"Merge pull request #232 from chinpcbenjamin/branch-fix-name-whitespace-trim","messageBody":"Name can now remove extra whitespaces in the middle of the name","fileTypesAndContributionMap":{}}]}],"Alolononon":[],"chinpcbenjamin":[{"date":"2025-04-07T00:00:00","commitResults":[{"hash":"d69194e5e6612b18def9dcc4c3425ef84cfde3fb","isMergeCommit":false,"messageTitle":"Update Name to detect extra whitespaces in middle of Name","messageBody":"","fileTypesAndContributionMap":{"functional-code":{"insertions":1,"deletions":1},"docs":{"insertions":1,"deletions":1},"test-code":{"insertions":4,"deletions":0}}},{"hash":"96b622ad25a355dbf1d91e1d89d6a518e651cef5","isMergeCommit":false,"messageTitle":"Update data file and build file to be resiconnect","messageBody":"","fileTypesAndContributionMap":{"functional-code":{"insertions":1,"deletions":1},"other":{"insertions":1,"deletions":1}}},{"hash":"7a1408730c5056cb959d51f1dc042e1773e91061","isMergeCommit":false,"messageTitle":"Accept leading zeroes for level","messageBody":"","fileTypesAndContributionMap":{"functional-code":{"insertions":1,"deletions":0},"docs":{"insertions":1,"deletions":1},"test-code":{"insertions":7,"deletions":0}}},{"hash":"e09435823374a2813e7fc143a24e2a231d09f9d2","isMergeCommit":false,"messageTitle":"Allow room to have leading zeroes","messageBody":"","fileTypesAndContributionMap":{"functional-code":{"insertions":1,"deletions":0},"docs":{"insertions":1,"deletions":1},"test-code":{"insertions":6,"deletions":0}}},{"hash":"704d706e7b1097a00f56be0a55b6124ff0a4ea4b","isMergeCommit":false,"messageTitle":"Remove multiple whitespaces in address","messageBody":"","fileTypesAndContributionMap":{"functional-code":{"insertions":1,"deletions":1},"docs":{"insertions":1,"deletions":1},"test-code":{"insertions":4,"deletions":0}}},{"hash":"f8a657ba05380f45006aae1ab9e82552c2b6eb72","isMergeCommit":false,"messageTitle":"Update event name to remove extra whitespaces","messageBody":"","fileTypesAndContributionMap":{"functional-code":{"insertions":1,"deletions":1},"docs":{"insertions":1,"deletions":1},"test-code":{"insertions":2,"deletions":0}}},{"hash":"148ebabe314a3d3037f183783b7aed74ff82caa8","isMergeCommit":false,"messageTitle":"Update ug","messageBody":"","fileTypesAndContributionMap":{"docs":{"insertions":34,"deletions":0}}},{"hash":"f318f01e32b37e9024ae7a16a6249331d25e4434","isMergeCommit":true,"messageTitle":"Merge pull request #231 from mhaikelll/matric-bug","messageBody":"Bug Fix #206: Matric field now allows lowercase letters in input","fileTypesAndContributionMap":{}},{"hash":"6ffcb23d54c30b84583a4f6cf01cc0152368c4e8","isMergeCommit":true,"messageTitle":"Merge pull request #235 from mhaikelll/explain-search-better","messageBody":"Bug Fix #201, 217, 219, 223, 224: Changes to UG/DG regarding partial search and edit functionality","fileTypesAndContributionMap":{}},{"hash":"5128c71a7a835147c932c34c97467c4265160abb","isMergeCommit":true,"messageTitle":"Merge pull request #238 from mhaikelll/dev-guide-updates","messageBody":"Bug Fix #203, 225, 226: Fix all DG hyperlinks and update use cases","fileTypesAndContributionMap":{}},{"hash":"d3db781ac176e81a49c7eda91914730e42d02d65","isMergeCommit":false,"messageTitle":"Update definitions section of UG","messageBody":"","fileTypesAndContributionMap":{"docs":{"insertions":20,"deletions":16}}},{"hash":"458863fd3cf59395bef747c87d956c54baa5f150","isMergeCommit":true,"messageTitle":"Merge branch \u0027master\u0027 into branch-fix-name-whitespace-trim","messageBody":"","fileTypesAndContributionMap":{}},{"hash":"f05e039914ff8647f5078af18819f8dd0279d2e9","isMergeCommit":false,"messageTitle":"Fix ug formatting","messageBody":"","fileTypesAndContributionMap":{"docs":{"insertions":44,"deletions":37}}}]}],"hengjeekuan":[]},"authorFileTypeContributionMap":{"blacksesamezongzi":{"docs":0,"functional-code":0,"test-code":0},"mhaikelll":{"docs":67,"functional-code":3,"test-code":17},"Alolononon":{"docs":0,"functional-code":0,"test-code":0},"chinpcbenjamin":{"docs":82,"functional-code":6,"test-code":23,"other":1},"hengjeekuan":{"docs":0,"functional-code":0,"test-code":0}},"authorContributionVariance":{"blacksesamezongzi":0.0,"mhaikelll":2738.0,"Alolononon":0.0,"chinpcbenjamin":8536.888,"hengjeekuan":0.0},"authorDisplayNameMap":{"blacksesamezongzi":"CS2103T-T11-3 SUN ..IAEN","mhaikelll":"CS2103T-T11-3 MUHA..ASIN","Alolononon":"CS2103T-T11-3 HO J.. TAO","chinpcbenjamin":"CS2103T-T11-3 CHIN..AMIN","hengjeekuan":"CS2103T-T11-3 HENG..KUAN"}}
