{"authorDailyContributionsMap":{"flljy940":[{"date":"2025-04-07T00:00:00","commitResults":[{"hash":"104f1c594c8202d5d42ad5b90f8dde56b6178a19","isMergeCommit":false,"messageTitle":"Case sensitive","messageBody":"","fileTypesAndContributionMap":{"docs":{"insertions":4,"deletions":0}}},{"hash":"e6c958031e0dc2df8d8722ec4a61c2f1c09c2817","isMergeCommit":false,"messageTitle":"Give credit for the images","messageBody":"","fileTypesAndContributionMap":{"docs":{"insertions":3,"deletions":1}}},{"hash":"91c5f33e497a061bf0ddc08e82cee52dae23d2c4","isMergeCommit":true,"messageTitle":"Merge remote-tracking branch \u0027upstream/master\u0027 into pe-d-dg","messageBody":"","fileTypesAndContributionMap":{}},{"hash":"a7cd6f51a916beab15d137913efb675e37ba0fd1","isMergeCommit":false,"messageTitle":"Add dependencies","messageBody":"","fileTypesAndContributionMap":{"docs":{"insertions":22,"deletions":2}}},{"hash":"c2bc70c447a2e92c501bc5abda9ad162c15766bf","isMergeCommit":true,"messageTitle":"Merge branch \u0027pe-d-dg\u0027 of https://github.com/flljy940/tp into pe-d-dg","messageBody":"","fileTypesAndContributionMap":{}},{"hash":"ca26a726ae0a2cc91909bee6f4158d96355c3be7","isMergeCommit":false,"messageTitle":"Small change","messageBody":"","fileTypesAndContributionMap":{"docs":{"insertions":1,"deletions":1}}},{"hash":"0418c23b0a2c38a598ad1f0e4eaae243509b48cf","isMergeCommit":false,"messageTitle":"Update docs/DeveloperGuide.md","messageBody":"Co-authored-by: r \u003c153474033+bipplane@users.noreply.github.com\u003e","fileTypesAndContributionMap":{"docs":{"insertions":1,"deletions":1}}},{"hash":"81b202e2217e40437b7d1f9b792cc629bce03bb0","isMergeCommit":false,"messageTitle":"Update docs/DeveloperGuide.md","messageBody":"Co-authored-by: r \u003c153474033+bipplane@users.noreply.github.com\u003e","fileTypesAndContributionMap":{"docs":{"insertions":2,"deletions":2}}},{"hash":"69a22e6618f1d9a021de48aec8ef2e1410209953","isMergeCommit":true,"messageTitle":"Merge pull request #257 from flljy940/pe-d-dg","messageBody":"Acknowledgments in DG","fileTypesAndContributionMap":{}}]}],"nicolaskjh":[{"date":"2025-04-06T00:00:00","commitResults":[{"hash":"242a5fb36285e5a6344ffd6ba6a00ff1454e9233","isMergeCommit":true,"messageTitle":"Merge pull request #243 from bipplane/ug-fix3","messageBody":"Improve quick start section and other parts of UserGuide","fileTypesAndContributionMap":{}},{"hash":"58060fd5690f3075d39dc436b0a788701b06b9de","isMergeCommit":true,"messageTitle":"Merge branch \u0027master\u0027 into nextlesson-limit","messageBody":"","fileTypesAndContributionMap":{}},{"hash":"0b9d143b03f8711d5c093d0983fbc5e7c23285bd","isMergeCommit":true,"messageTitle":"Merge pull request #244 from bipplane/nextlesson-limit","messageBody":"Add validation for lesson date to ensure realistic date \u0026 time","fileTypesAndContributionMap":{}},{"hash":"68ba53581b20de4458dd84bd13c8fec48f29e42b","isMergeCommit":true,"messageTitle":"Merge branch \u0027master\u0027 into input-limits","messageBody":"","fileTypesAndContributionMap":{}},{"hash":"d274205e8df5c4440d4affcae0e1cb826fa9dcda","isMergeCommit":true,"messageTitle":"Merge pull request #245 from bipplane/input-limits","messageBody":"Add Input limits for person fields","fileTypesAndContributionMap":{}},{"hash":"9833cf11cd120edb371f6716e723808389c7dcc7","isMergeCommit":true,"messageTitle":"Merge branch \u0027master\u0027 into duplicate-msg-fix","messageBody":"","fileTypesAndContributionMap":{}},{"hash":"c510eaf425da51af84f4666c1b5e5edad91a8124","isMergeCommit":true,"messageTitle":"Merge pull request #246 from bipplane/duplicate-msg-fix","messageBody":"Improve duplicate student error message in add \u0026 edit","fileTypesAndContributionMap":{}},{"hash":"8ed51fd8d410235ebee6724339402706d625ff23","isMergeCommit":false,"messageTitle":"Update date error messages","messageBody":"","fileTypesAndContributionMap":{"functional-code":{"insertions":11,"deletions":8},"test-code":{"insertions":13,"deletions":7}}},{"hash":"b302ab7ef2c241524d772fe162c5ddb5ac4da2bf","isMergeCommit":false,"messageTitle":"Add input constraints","messageBody":"","fileTypesAndContributionMap":{"docs":{"insertions":96,"deletions":17}}},{"hash":"377fb48745d563964b116abc45ffec185bf6a069","isMergeCommit":false,"messageTitle":"Update sentence formatting","messageBody":"","fileTypesAndContributionMap":{"docs":{"insertions":3,"deletions":3}}}]}],"izniy":[{"date":"2025-04-06T00:00:00","commitResults":[{"hash":"bc61d07dd74e9ca8905ddbc6f6e4cad88086337a","isMergeCommit":false,"messageTitle":"Fix Developer Guide bugs and UML diagram","messageBody":"","fileTypesAndContributionMap":{"docs":{"insertions":21,"deletions":9}}},{"hash":"4061529e429dcaaa616609efbba5932d25538b6e","isMergeCommit":false,"messageTitle":"Fix Developer Guide bugs","messageBody":"","fileTypesAndContributionMap":{"docs":{"insertions":3,"deletions":3}}},{"hash":"ca87fb46ba254d576888c774d4f988a73fcb1585","isMergeCommit":false,"messageTitle":"Fix issue of sample data not being representative","messageBody":"","fileTypesAndContributionMap":{"functional-code":{"insertions":5,"deletions":2}}},{"hash":"60bdcdfb570bc4b72acb22c2c168d1b5d92150a9","isMergeCommit":false,"messageTitle":"Add to Sample data","messageBody":"","fileTypesAndContributionMap":{"functional-code":{"insertions":2,"deletions":2}}},{"hash":"e51800755b3dfe8c5727ae44cc8d191e6c214349","isMergeCommit":false,"messageTitle":"Edit Developer Guide to change wording and make punctuation consistent","messageBody":"","fileTypesAndContributionMap":{"docs":{"insertions":2,"deletions":2}}},{"hash":"f327f038fe5e0549e20612f75294a784c0dc7da3","isMergeCommit":true,"messageTitle":"Merge branch \u0027branch-sampledata\u0027 of https://github.com/izniy/tp into branch-sampledata","messageBody":"","fileTypesAndContributionMap":{}}]}],"bipplane":[{"date":"2025-04-05T00:00:00","commitResults":[{"hash":"5f7e986db5ea5c09456307cfa75beed32e8d7cd7","isMergeCommit":false,"messageTitle":"Improve quick start section of UserGuide","messageBody":"","fileTypesAndContributionMap":{"docs":{"insertions":24,"deletions":30}}},{"hash":"8caf58b5b332c144a51fa9a303f3a11db1d61439","isMergeCommit":false,"messageTitle":"Add help section to UserGuide for user assistance","messageBody":"","fileTypesAndContributionMap":{"docs":{"insertions":2,"deletions":0}}},{"hash":"fe75c3fcfb526a3afb17ae237850e1264b31141d","isMergeCommit":false,"messageTitle":"Add validation for lesson date to ensure realistic date \u0026 time","messageBody":"","fileTypesAndContributionMap":{"functional-code":{"insertions":5,"deletions":0},"test-code":{"insertions":14,"deletions":6}}},{"hash":"c9dcbb7c572b8b03bc3c9e14328ab63294aa25db","isMergeCommit":false,"messageTitle":"Update phone length constraint message","messageBody":"","fileTypesAndContributionMap":{"functional-code":{"insertions":1,"deletions":1}}},{"hash":"1ecfd788dcc99965db747b190566f5f930901404","isMergeCommit":false,"messageTitle":"Add length constraint of 100 characters for address","messageBody":"","fileTypesAndContributionMap":{"functional-code":{"insertions":4,"deletions":2},"test-code":{"insertions":3,"deletions":0}}}]},{"date":"2025-04-06T00:00:00","commitResults":[{"hash":"0a6b91b307a2d032e2cb6766b2ccc9c1c803449a","isMergeCommit":false,"messageTitle":"Add length constraint of 50 characters for names","messageBody":"","fileTypesAndContributionMap":{"functional-code":{"insertions":4,"deletions":2},"test-code":{"insertions":2,"deletions":0}}},{"hash":"2bf4be74c9d2f9598ed2e2ef095d76bd581763be","isMergeCommit":false,"messageTitle":"Improve duplicate student error message in add \u0026 edit","messageBody":"","fileTypesAndContributionMap":{"functional-code":{"insertions":9,"deletions":8},"test-code":{"insertions":8,"deletions":8}}},{"hash":"16a9d75a6ed979abfecfaff07e0317ef6bd4c5ce","isMergeCommit":false,"messageTitle":"Improve duplicate student error message in add \u0026 edit","messageBody":"","fileTypesAndContributionMap":{"functional-code":{"insertions":0,"deletions":1}}},{"hash":"4f7f5f940096debf8daf8df25a8fd5c1a9312a14","isMergeCommit":false,"messageTitle":"Enhance name validation to disallow numeric-only entries","messageBody":"","fileTypesAndContributionMap":{"functional-code":{"insertions":3,"deletions":2},"test-code":{"insertions":1,"deletions":1}}},{"hash":"e6c0c6a8175982df3491910893d4b7b9371fe579","isMergeCommit":false,"messageTitle":"Further improve UserGuide","messageBody":"","fileTypesAndContributionMap":{"docs":{"insertions":38,"deletions":11}}},{"hash":"7b0e54f9ea7c9a7112d683ad3c204bd171303c07","isMergeCommit":false,"messageTitle":"Add caution note about scheduling conflicts in UserGuide","messageBody":"","fileTypesAndContributionMap":{"docs":{"insertions":6,"deletions":0}}},{"hash":"c07855dfc280fb353c571a289d932c9967706e46","isMergeCommit":true,"messageTitle":"Merge branch \u0027master\u0027 into branch-sampledata","messageBody":"","fileTypesAndContributionMap":{}},{"hash":"b964cd7ec452d0c19d5e21985c21b0ac62114646","isMergeCommit":true,"messageTitle":"Merge branch \u0027master\u0027 into branch-sampledata","messageBody":"","fileTypesAndContributionMap":{}},{"hash":"f6795a1437c46cfd4a5ec612bd678cfa68d06537","isMergeCommit":true,"messageTitle":"Merge pull request #251 from nicolaskjh/fix-ug-v1.6","messageBody":"Add input constraints and known issues to UG","fileTypesAndContributionMap":{}},{"hash":"7dde1dda2423d81e2d265342db9ade9bd1173237","isMergeCommit":true,"messageTitle":"Merge branch \u0027master\u0027 into fix-date-errormessages","messageBody":"","fileTypesAndContributionMap":{}},{"hash":"2af235d8637f86e74863bd79b19be6e9d9e3dafc","isMergeCommit":false,"messageTitle":"Enhance UserGuide with clearer instructions and formatting","messageBody":"","fileTypesAndContributionMap":{"docs":{"insertions":49,"deletions":27}}},{"hash":"8bde1c0a543d10e64cea2239e809fad62a2da24a","isMergeCommit":false,"messageTitle":"Add glossary reference and line margins","messageBody":"","fileTypesAndContributionMap":{"docs":{"insertions":13,"deletions":2}}},{"hash":"bc50bf9a331ce3ed76bef9e2557eedf8acd0fe9c","isMergeCommit":false,"messageTitle":"Fix capitalisation issues","messageBody":"","fileTypesAndContributionMap":{"docs":{"insertions":1,"deletions":1}}},{"hash":"773fa23fd958e7483076ba2ba85348d19715d817","isMergeCommit":false,"messageTitle":"Fix wording","messageBody":"","fileTypesAndContributionMap":{"docs":{"insertions":1,"deletions":1}}},{"hash":"8b7cce41817cb278b89fe6c5b64ffa21ac87d4ae","isMergeCommit":false,"messageTitle":"Add exit to summary and improve english","messageBody":"","fileTypesAndContributionMap":{"docs":{"insertions":26,"deletions":20}}},{"hash":"a8fd77709af886561e097760659e6c82ffa88d0b","isMergeCommit":false,"messageTitle":"Improve add example description","messageBody":"","fileTypesAndContributionMap":{"docs":{"insertions":2,"deletions":2}}},{"hash":"57dddb854ffc2ecd55e944fe3722838e11d77ce9","isMergeCommit":false,"messageTitle":"Fix stuff","messageBody":"","fileTypesAndContributionMap":{"docs":{"insertions":4,"deletions":3}}},{"hash":"51967cbdd7b1edfa43d1b454609482d1385760ea","isMergeCommit":false,"messageTitle":"Fix stuff","messageBody":"","fileTypesAndContributionMap":{"docs":{"insertions":2,"deletions":2}}},{"hash":"64242d23702926a468a250bf86b018d2106a2b10","isMergeCommit":true,"messageTitle":"Merge pull request #250 from nicolaskjh/fix-date-errormessages","messageBody":"Update date error messages","fileTypesAndContributionMap":{}},{"hash":"038ae333aadc6afba1d48faed153eb85b69ff215","isMergeCommit":true,"messageTitle":"Merge branch \u0027master\u0027 into branch-sampledata","messageBody":"","fileTypesAndContributionMap":{}}]},{"date":"2025-04-07T00:00:00","commitResults":[{"hash":"2f644e8d70c68d7986558a37d055fea4a63b3944","isMergeCommit":true,"messageTitle":"Merge pull request #249 from izniy/branch-sampledata","messageBody":"Fix Developer Guide issues and change sample data to be more representative","fileTypesAndContributionMap":{}},{"hash":"c8a9c08f16870fda84755f08207b06379408b78b","isMergeCommit":true,"messageTitle":"Merge branch \u0027master\u0027 into ug-fix4","messageBody":"","fileTypesAndContributionMap":{}},{"hash":"92c623bc66ca1beab53da9245bf61b825f8fbc62","isMergeCommit":true,"messageTitle":"Merge pull request #254 from bipplane/ug-fix4","messageBody":"Enhance UserGuide with clearer instructions and formatting","fileTypesAndContributionMap":{}},{"hash":"aa08d2fe9dde1df649d6ef13837a9fd37c25e506","isMergeCommit":true,"messageTitle":"Merge branch \u0027master\u0027 into pe-d-ug","messageBody":"","fileTypesAndContributionMap":{}},{"hash":"489efa6c038f24659502b33c33a3cfb3b29fdec8","isMergeCommit":true,"messageTitle":"Merge pull request #256 from flljy940/pe-d-ug","messageBody":"Case sensitive","fileTypesAndContributionMap":{}},{"hash":"a9eb945ff5a2ceade338698e25dcb4f6c9549f18","isMergeCommit":true,"messageTitle":"Merge branch \u0027master\u0027 into pe-d-dg","messageBody":"","fileTypesAndContributionMap":{}}]}]},"authorFileTypeContributionMap":{"flljy940":{"docs":27,"functional-code":0,"test-code":0},"nicolaskjh":{"docs":84,"functional-code":11,"test-code":13},"izniy":{"docs":23,"functional-code":5,"test-code":0},"bipplane":{"docs":137,"functional-code":23,"test-code":28}},"authorContributionVariance":{"flljy940":355.55557,"nicolaskjh":5547.555,"izniy":578.0,"bipplane":11587.555},"authorDisplayNameMap":{"flljy940":"CS2103T-T16-4 JOSE..G YI","nicolaskjh":"CS2103T-T16-4 KOH ..OLAS","izniy":"CS2103T-T16-4 NG Y..N ZI","bipplane":"CS2103T-T16-4 RYAN..YANG"}}
