{"authorDailyContributionsMap":{"xumarcus":[{"date":"2025-04-05T00:00:00","commitResults":[{"hash":"39a1505d17f2064acb683c3155b2ec04b896b9a2","isMergeCommit":false,"messageTitle":"Add missing entry","messageBody":"","fileTypesAndContributionMap":{"docs":{"insertions":1,"deletions":1}}},{"hash":"a567c3a9fb41e94373d92d2495850e53dbed03e6","isMergeCommit":false,"messageTitle":"Extend error message to cover case","messageBody":"","fileTypesAndContributionMap":{"functional-code":{"insertions":4,"deletions":1},"docs":{"insertions":1,"deletions":1}}},{"hash":"0ae6348dcf109296489bf7df928931a2e1b71f60","isMergeCommit":false,"messageTitle":"Fix language","messageBody":"","fileTypesAndContributionMap":{"docs":{"insertions":2,"deletions":2}}},{"hash":"a6bbc38564477da595a19d803e2022f37d57f812","isMergeCommit":true,"messageTitle":"Merge pull request #227 from xumarcus/208-more-details-mailto-ug","messageBody":"Fix language","fileTypesAndContributionMap":{}}]},{"date":"2025-04-06T00:00:00","commitResults":[{"hash":"beb04641c281aa0e4f3778afdbef1dfc085fd238","isMergeCommit":true,"messageTitle":"Merge pull request #223 from xumarcus/fix-export-case-insensitive","messageBody":"Extend error message to cover case","fileTypesAndContributionMap":{}},{"hash":"3b7a122fb6d20f694e05036585619f4c3c1beba2","isMergeCommit":false,"messageTitle":"Update DG help UC and test instructions","messageBody":"","fileTypesAndContributionMap":{"docs":{"insertions":73,"deletions":0}}},{"hash":"5bcc8e9334483f58a1cc9df94b68b5b4f35c2faa","isMergeCommit":true,"messageTitle":"Merge pull request #235 from xk1234/summary","messageBody":"Fixed summary","fileTypesAndContributionMap":{}},{"hash":"a63d2054f81635d77a0762523ab230114640a3dd","isMergeCommit":true,"messageTitle":"Merge branch \u0027master\u0027 into doc-updates","messageBody":"# Conflicts:\n#\tdocs/DeveloperGuide.md\n","fileTypesAndContributionMap":{}},{"hash":"aee93cd14a38b07327e38933165d98fcaae833ec","isMergeCommit":false,"messageTitle":"Adjust the dependency Attribute to right in UML","messageBody":"","fileTypesAndContributionMap":{"docs":{"insertions":1,"deletions":0}}},{"hash":"dbd0a88c4be8af0767ca30fb9004294b64879754","isMergeCommit":false,"messageTitle":"Adjust the dependency Attribute to right in UML","messageBody":"","fileTypesAndContributionMap":{"docs":{"insertions":1,"deletions":0}}},{"hash":"b4d57288f2aa57369f9079230a27c047ed66d7c2","isMergeCommit":true,"messageTitle":"Merge pull request #186 from xumarcus/181-ug-typo","messageBody":"Add missing entry","fileTypesAndContributionMap":{}},{"hash":"1b431cfafb1b2b01a288678db026ef15c3c8524c","isMergeCommit":false,"messageTitle":"Make DG statement more clear","messageBody":"","fileTypesAndContributionMap":{"docs":{"insertions":1,"deletions":1}}},{"hash":"949a15fd86aec91366c3a93f83b5d19979f4be9d","isMergeCommit":false,"messageTitle":"Clip index instead of different error messages","messageBody":"","fileTypesAndContributionMap":{"functional-code":{"insertions":32,"deletions":8},"test-code":{"insertions":1,"deletions":1}}},{"hash":"5c8cfaf03363a777989825cd6170734de5a163b8","isMergeCommit":false,"messageTitle":"Checkstyle","messageBody":"","fileTypesAndContributionMap":{"test-code":{"insertions":1,"deletions":1}}},{"hash":"7e19f206d4fac0c973c1f6b08d2245cd36016da3","isMergeCommit":true,"messageTitle":"Merge branch \u0027master\u0027 into 147-index-overflow","messageBody":"","fileTypesAndContributionMap":{}},{"hash":"84fcb65469de681c6c35cbb2616c1b1072c209d0","isMergeCommit":false,"messageTitle":"Add test for parse","messageBody":"","fileTypesAndContributionMap":{"test-code":{"insertions":11,"deletions":0}}},{"hash":"f4c4c59e040e77365bb197edd3952932787c5d5f","isMergeCommit":true,"messageTitle":"Merge pull request #236 from xumarcus/doc-updates","messageBody":"Update DG help UC and test instructions","fileTypesAndContributionMap":{}},{"hash":"6f2f9ff69a95cf476c4a362d18a801eb525066ad","isMergeCommit":false,"messageTitle":"Refactor overflow check into get method","messageBody":"","fileTypesAndContributionMap":{"functional-code":{"insertions":9,"deletions":22},"test-code":{"insertions":17,"deletions":14}}}]},{"date":"2025-04-07T00:00:00","commitResults":[{"hash":"82d6da2e5505472f8824f89ed9f6ed7a6c604de4","isMergeCommit":false,"messageTitle":"Update src/main/java/seedu/address/commons/util/StringUtil.java","messageBody":"Co-authored-by: BladerX11 \u003c134282326+BladerX11@users.noreply.github.com\u003e","fileTypesAndContributionMap":{"functional-code":{"insertions":1,"deletions":1}}},{"hash":"8ed568511a2a6f119a0c1b4360026ec642c69b7d","isMergeCommit":false,"messageTitle":"Javadoc cleanup","messageBody":"","fileTypesAndContributionMap":{"functional-code":{"insertions":4,"deletions":3}}},{"hash":"028943d5c3ed80f0d632dcd5796a007cda551ba0","isMergeCommit":true,"messageTitle":"Merge pull request #237 from xumarcus/147-index-overflow","messageBody":"147 index overflow","fileTypesAndContributionMap":{}}]}],"xk1234":[{"date":"2025-04-05T00:00:00","commitResults":[{"hash":"dd31c82df2c8ef9fc44b1b0aa536c1caa13d934e","isMergeCommit":false,"messageTitle":"docs update","messageBody":"","fileTypesAndContributionMap":{"docs":{"insertions":2,"deletions":1}}},{"hash":"3af82b68de91f5dfc06e33241c385289ae842b62","isMergeCommit":false,"messageTitle":"sort commission bugfix","messageBody":"","fileTypesAndContributionMap":{"functional-code":{"insertions":8,"deletions":2},"test-code":{"insertions":14,"deletions":0}}},{"hash":"7c56644dd4380c8d832bafc1f2f24501800ec8ef","isMergeCommit":false,"messageTitle":"sort commission bugfix 2","messageBody":"","fileTypesAndContributionMap":{"functional-code":{"insertions":2,"deletions":2},"test-code":{"insertions":3,"deletions":4}}},{"hash":"b87ad187ca384a8bbfaac33cbf25f3ef0c55432b","isMergeCommit":true,"messageTitle":"Merge pull request #226 from xk1234/bugfix2","messageBody":"sort commission bugfix","fileTypesAndContributionMap":{}},{"hash":"2931416cd18a2d5b522181a58c796b4a698df249","isMergeCommit":true,"messageTitle":"Merge pull request #225 from xk1234/docsupd","messageBody":"docs update","fileTypesAndContributionMap":{}}]},{"date":"2025-04-06T00:00:00","commitResults":[{"hash":"a4a26b607b247100d533c43ba4df422755b25963","isMergeCommit":true,"messageTitle":"Merge remote-tracking branch \u0027origin/docs2\u0027","messageBody":"# Conflicts:\n#\tdocs/images/commSortAscResult.png\n","fileTypesAndContributionMap":{}},{"hash":"37bf2b626a5d4643ca5c635160b154dbc684e1b0","isMergeCommit":false,"messageTitle":"developer guide and UML update","messageBody":"","fileTypesAndContributionMap":{"docs":{"insertions":67,"deletions":5}}},{"hash":"2e91adc9e15d003ce2e8de476666209f388663c4","isMergeCommit":false,"messageTitle":"Fixed errors","messageBody":"","fileTypesAndContributionMap":{"docs":{"insertions":2,"deletions":2}}},{"hash":"4ce6a156b53f0bb14e2acbff8cfa3d66a96592db","isMergeCommit":false,"messageTitle":"Fixed home page","messageBody":"","fileTypesAndContributionMap":{"docs":{"insertions":1,"deletions":1}}},{"hash":"6afa1478d45374eae53ab93256a1b0e4ca09ec9d","isMergeCommit":false,"messageTitle":"Fixed dev guide","messageBody":"","fileTypesAndContributionMap":{"docs":{"insertions":10,"deletions":10}}},{"hash":"3d36f7624024bd42f990a1c6d8bed541ac276a31","isMergeCommit":true,"messageTitle":"Merge pull request #232 from xk1234/docs3","messageBody":"Developer guide and UML update","fileTypesAndContributionMap":{}},{"hash":"6e944e2a29dbe51d003a64350d8a9309e5180bb2","isMergeCommit":false,"messageTitle":"Fixed summary","messageBody":"","fileTypesAndContributionMap":{"functional-code":{"insertions":7,"deletions":1},"test-code":{"insertions":3,"deletions":18}}}]}],"BladerX11":[{"date":"2025-04-06T00:00:00","commitResults":[{"hash":"c44210044cf9121c4efa86445d67924fde4dfd26","isMergeCommit":false,"messageTitle":"Docs: Explain same name restriction","messageBody":"","fileTypesAndContributionMap":{"docs":{"insertions":4,"deletions":0}}},{"hash":"95d93a4c9ed27aa16fa53f69f2e93ba6649ac50d","isMergeCommit":false,"messageTitle":"Docs: Explain find full word matching","messageBody":"","fileTypesAndContributionMap":{"docs":{"insertions":1,"deletions":1}}},{"hash":"bf16e6bd90295b27b65039ea41356ed411084537","isMergeCommit":false,"messageTitle":"Docs: Add clear use case","messageBody":"","fileTypesAndContributionMap":{"docs":{"insertions":8,"deletions":0}}},{"hash":"548b31882db754c557f30242c370b878520356d1","isMergeCommit":false,"messageTitle":"Docs: Add manual testing for find, tag and rmtag","messageBody":"","fileTypesAndContributionMap":{"docs":{"insertions":30,"deletions":0}}},{"hash":"ffa0d9a6727aaf191728cd366ec67359ffd54f23","isMergeCommit":false,"messageTitle":"Docs: Add planned enhancements section","messageBody":"","fileTypesAndContributionMap":{"docs":{"insertions":10,"deletions":0}}},{"hash":"d3b4e62753ad9f5db46a621b4fedc623b0e7e3c3","isMergeCommit":false,"messageTitle":"Docs: Reword find full word matching","messageBody":"","fileTypesAndContributionMap":{"docs":{"insertions":1,"deletions":1}}},{"hash":"5ace85d52e478dc4d100a4e5e1eb689246dfe37c","isMergeCommit":false,"messageTitle":"Docs: Fix grammatical issues in UG","messageBody":"","fileTypesAndContributionMap":{"docs":{"insertions":5,"deletions":5}}},{"hash":"e5ccc3dc97f8c17321e2acad47e2c0b956e215e3","isMergeCommit":true,"messageTitle":"Merge branch \u0027master\u0027 into 224-document-changes","messageBody":"","fileTypesAndContributionMap":{}},{"hash":"20ed41aa711c48c289e01a8d0e87877c737e13c2","isMergeCommit":false,"messageTitle":"Docs: Fix grammatical errors in DG","messageBody":"","fileTypesAndContributionMap":{"docs":{"insertions":31,"deletions":31}}},{"hash":"b9b8bd14b317876ea459a69b2bfa9cec4b9f9e42","isMergeCommit":false,"messageTitle":"Docs: Add prerequisite in tag and rmtag testing","messageBody":"","fileTypesAndContributionMap":{"docs":{"insertions":4,"deletions":0}}},{"hash":"20a10dbdda8321f62cfc8f5da9f0606c2fc091f6","isMergeCommit":true,"messageTitle":"Merge branch \u0027master\u0027 into 224-document-changes","messageBody":"","fileTypesAndContributionMap":{}},{"hash":"0f843cd53371ed613b423eafc6528b1b39346631","isMergeCommit":true,"messageTitle":"Merge pull request #230 from BladerX11/224-document-changes","messageBody":"Document changes","fileTypesAndContributionMap":{}}]}],"Bill-1":[]},"authorFileTypeContributionMap":{"xumarcus":{"docs":80,"functional-code":25,"test-code":28},"xk1234":{"docs":66,"functional-code":16,"test-code":17},"BladerX11":{"docs":80,"functional-code":0,"test-code":0},"Bill-1":{"docs":0,"functional-code":0,"test-code":0}},"authorContributionVariance":{"xumarcus":7444.6665,"xk1234":2832.6667,"BladerX11":3872.0,"Bill-1":0.0},"authorDisplayNameMap":{"xumarcus":"CS2103T-T14-4 XU J..RCUS","xk1234":"CS2103T-T14-4 YE X..KANG","BladerX11":"CS2103T-T14-4 DALL..LOON","Bill-1":"CS2103T-T14-4 SHIN..UDEI"}}
