{"authorDailyContributionsMap":{"salads-source":[{"date":"2025-04-06","commitResults":[{"hash":"916403612469fbf287881072a4bb930027f5ac4c","isMergeCommit":false,"messageTitle":"Fix EditCommand to preserve display view after performing edit command","messageBody":"","fileTypesAndContributionMap":{"functional-code":{"insertions":1,"deletions":2},"test-code":{"insertions":1,"deletions":0}}},{"hash":"0ad058003c4111df10b6f2fad73863ce3c0260e5","isMergeCommit":false,"messageTitle":"Fix broken links for feature table of contents in user guide","messageBody":"","fileTypesAndContributionMap":{"docs":{"insertions":6,"deletions":6}}},{"hash":"602b96af036d4e112513208445de1852a0f6f6b8","isMergeCommit":false,"messageTitle":"Add index keyword to ensure consistency with add and delete request","messageBody":"","fileTypesAndContributionMap":{"docs":{"insertions":1,"deletions":1}}},{"hash":"8e32c20f82ebeb11c90ca404ece40f8dec569031","isMergeCommit":false,"messageTitle":"Ensure bold consistency for add and remove request","messageBody":"","fileTypesAndContributionMap":{"docs":{"insertions":3,"deletions":3}}}]}],"aekyr":[{"date":"2025-04-07","commitResults":[{"hash":"d509250999c11ff7496bbf5165a244e327412944","isMergeCommit":true,"messageTitle":"Merge pull request #258 from salads-source/branch-UG-bug","messageBody":"UG Bugs ","fileTypesAndContributionMap":{}},{"hash":"c21febd9dc9d69389af05c9464999d2e11753219","isMergeCommit":true,"messageTitle":"Merge pull request #254 from salads-source/branch-editCommand-view","messageBody":"Preserve Display View after EditCommand","fileTypesAndContributionMap":{}}]}],"Noob-No-1":[],"juniper285":[{"date":"2025-04-07","commitResults":[{"hash":"9094b1c4f2a2fa3f4c2454d8f899bf0876d5241f","isMergeCommit":true,"messageTitle":"Merge pull request #188 from aekyr/migrate-to-font-awesome","messageBody":"Migrate to font awesome due to bug in PDF printing with MUI","fileTypesAndContributionMap":{}}]}],"shelialia":[]},"authorFileTypeContributionMap":{"salads-source":{"docs":10,"functional-code":1,"test-code":1},"aekyr":{"docs":0,"functional-code":0,"test-code":0},"Noob-No-1":{"docs":0,"functional-code":0,"test-code":0},"juniper285":{"docs":0,"functional-code":0,"test-code":0},"shelialia":{"docs":0,"functional-code":0,"test-code":0}},"authorContributionVariance":{"salads-source":128.0,"aekyr":0.0,"Noob-No-1":0.0,"juniper285":0.0,"shelialia":0.0},"authorDisplayNameMap":{"salads-source":"CS2103T-W09-2 RON ..I YI","aekyr":"CS2103T-W09-2 LOH ..UCAS","Noob-No-1":"CS2103T-W09-2 ZHAO..IHAO","juniper285":"CS2103T-W09-2 HENG..CHUN","shelialia":"CS2103T-W09-2 TEO ..ELIA"}}
