{"authorDailyContributionsMap":{"niha81":[{"date":"2025-04-06T00:00:00","commitResults":[{"hash":"e6c76a0253ad7eaf772ff64545fac7cc3cf15403","isMergeCommit":false,"messageTitle":"Add special characters and limit name length","messageBody":"","fileTypesAndContributionMap":{"functional-code":{"insertions":2,"deletions":2}}},{"hash":"e17eb031c6a866d0b93ec63e8cc4b1d67aa85b18","isMergeCommit":false,"messageTitle":"Edit logic and fix tests","messageBody":"","fileTypesAndContributionMap":{"functional-code":{"insertions":2,"deletions":2},"test-code":{"insertions":2,"deletions":2}}}]}],"patil-np":[{"date":"2025-04-06T00:00:00","commitResults":[{"hash":"39f4e759d6c99d88f9731a3f0d6cd3570d7dcd90","isMergeCommit":false,"messageTitle":"Fix sorting after editing appointment date","messageBody":"","fileTypesAndContributionMap":{"functional-code":{"insertions":1,"deletions":0}}},{"hash":"c8945b82a6bca8bfa30dc8924dffcbe1ab4922f2","isMergeCommit":true,"messageTitle":"Merge pull request #321 from patil-np/sort_fix","messageBody":"Allow auto-sorting after editing existing person\u0027s appointment date ","fileTypesAndContributionMap":{}}]}],"Engulfy":[{"date":"2025-04-06T00:00:00","commitResults":[{"hash":"b2b36d40691c01963dc8fb1f55b16a9c2a023738","isMergeCommit":true,"messageTitle":"Merge pull request #322 from niha81/fix-name","messageBody":"Add special characters and limit name length","fileTypesAndContributionMap":{}}]}],"popova-mariia":[],"moingshoing":[]},"authorFileTypeContributionMap":{"niha81":{"docs":0,"functional-code":2,"test-code":2},"patil-np":{"docs":0,"functional-code":1,"test-code":0},"Engulfy":{"docs":0,"functional-code":0,"test-code":0},"popova-mariia":{"docs":0,"functional-code":0,"test-code":0},"moingshoing":{"docs":0,"functional-code":0,"test-code":0}},"authorContributionVariance":{"niha81":36.0,"patil-np":0.25,"Engulfy":0.0,"popova-mariia":0.0,"moingshoing":0.0},"authorDisplayNameMap":{"niha81":"CS2103T-T12-4 SANK..RIKA","patil-np":"CS2103T-T12-4 NIDH..ATIL","Engulfy":"CS2103T-T12-4 DONG..AOYU","popova-mariia":"CS2103T-T12-4 POPO..RIIA","moingshoing":"CS2103T-T12-4 YAP ..HENG"}}
