{"authorDailyContributionsMap":{"Zerolegacy":[{"date":"2025-04-07","commitResults":[{"hash":"cd3b125304141aa3a9bfd952c5cdef26bca88f19","isMergeCommit":false,"messageTitle":"Update ug and dg","messageBody":"","fileTypesAndContributionMap":{"docs":{"insertions":37,"deletions":33}}},{"hash":"8f575ba6f946885dadaecceb98aa746ef3c9833d","isMergeCommit":false,"messageTitle":"Update ug and dg","messageBody":"","fileTypesAndContributionMap":{"docs":{"insertions":36,"deletions":36}}},{"hash":"6424c8fee25e80ccea5ee4b9d923207a0a5678be","isMergeCommit":true,"messageTitle":"Merge pull request #190 from RT0118/branch-fix-155-179","messageBody":"Fix duplicate lessons and better messages in lesson-delete command","fileTypesAndContributionMap":{}},{"hash":"176fdde770af7ce2b7365e9b7f21a6f2ad40842b","isMergeCommit":true,"messageTitle":"Merge pull request #191 from bryonk/branch-update-documentation3","messageBody":"Fix links in DG and documentation bugs in UG","fileTypesAndContributionMap":{}}]}],"bryonk":[{"date":"2025-04-06","commitResults":[{"hash":"63aa587ed1beac50d11fd51dfeff5614a2dccc71","isMergeCommit":false,"messageTitle":"Fix documentation bugs","messageBody":"","fileTypesAndContributionMap":{"functional-code":{"insertions":1,"deletions":1},"docs":{"insertions":2,"deletions":1}}},{"hash":"08d8fa61b9a06ff6bd2327537796aa9ea12d71d8","isMergeCommit":true,"messageTitle":"Merge pull request #185 from RT0118/branch-fix-181-182-183","messageBody":"Fix Documentation Issues","fileTypesAndContributionMap":{}},{"hash":"b5a3206f2565c752e49ee37957a205600af2c2a8","isMergeCommit":false,"messageTitle":"Fix UserPref and UG","messageBody":"","fileTypesAndContributionMap":{"functional-code":{"insertions":2,"deletions":2},"docs":{"insertions":5,"deletions":3},"test-code":{"insertions":2,"deletions":2}}},{"hash":"0153676e2b9977a0ac3ccdd64a93ddff12a2500a","isMergeCommit":true,"messageTitle":"Merge pull request #186 from RT0118/branch-fix-180-178-176","messageBody":"Fix documentation issues, and error message in Tag","fileTypesAndContributionMap":{}}]},{"date":"2025-04-07","commitResults":[{"hash":"878fe84eab55a6ce59e0e72dbbcb83a868d1f645","isMergeCommit":false,"messageTitle":"Fix links in DG and documentation bugs in UG","messageBody":"","fileTypesAndContributionMap":{"docs":{"insertions":8,"deletions":8}}},{"hash":"07dd3dd7fe254512e185935a0381c9bd1dce499f","isMergeCommit":true,"messageTitle":"Merge pull request #192 from Zerolegacy/branch-fix-ped-1","messageBody":"Update ug and dg","fileTypesAndContributionMap":{}},{"hash":"29d56d24db044013e332d16725a42fbab38572fa","isMergeCommit":false,"messageTitle":"Update UserGuide.md","messageBody":"","fileTypesAndContributionMap":{"docs":{"insertions":3,"deletions":3}}}]}],"RT0118":[{"date":"2025-04-06","commitResults":[{"hash":"b674496fb6741cce9feb66bef61684ab4e42db15","isMergeCommit":false,"messageTitle":"Remove extension for list command from documentation","messageBody":"","fileTypesAndContributionMap":{"docs":{"insertions":0,"deletions":6}}},{"hash":"a5c9c103e17d73817084b8c4cdd41099bd16df0b","isMergeCommit":false,"messageTitle":"Update DG to include add command extension duplicate lesson","messageBody":"","fileTypesAndContributionMap":{"docs":{"insertions":3,"deletions":0}}},{"hash":"ad6ccc6691538d5c5963051d81d2755b697c8022","isMergeCommit":false,"messageTitle":"Update DG to omit UI details in use cases","messageBody":"","fileTypesAndContributionMap":{"docs":{"insertions":3,"deletions":3}}},{"hash":"247408020155a1bfe1619d8d976db39052bbcd1a","isMergeCommit":true,"messageTitle":"Merge pull request #184 from bryonk/branch-update-documentation","messageBody":"Fix documentation bugs","fileTypesAndContributionMap":{}},{"hash":"581b03b4e6539a26c9ea25c3dac7d922d80175ef","isMergeCommit":false,"messageTitle":"Fix UG wording issue for lesson delete","messageBody":"","fileTypesAndContributionMap":{"docs":{"insertions":4,"deletions":4}}},{"hash":"a04258645079179960739467d119fdecd6eb2f52","isMergeCommit":false,"messageTitle":"Fix error message for tag","messageBody":"","fileTypesAndContributionMap":{"functional-code":{"insertions":1,"deletions":1}}},{"hash":"cdc8019d2e796e2cb26e15f7083aae8c489de182","isMergeCommit":false,"messageTitle":"Update UG to include lesson list reloading disclaimer","messageBody":"","fileTypesAndContributionMap":{"docs":{"insertions":4,"deletions":0}}},{"hash":"8219a6beedd0fbabd5cb590ab57a60c006ddcdce","isMergeCommit":false,"messageTitle":"Update DG to clarify average WPM in NFR","messageBody":"","fileTypesAndContributionMap":{"docs":{"insertions":1,"deletions":1}}},{"hash":"9d756a5c042c06bf04e4f49c5f13eef80a1a9074","isMergeCommit":false,"messageTitle":"Update UG for lesson add and delete command to clarify lesson","messageBody":"","fileTypesAndContributionMap":{"docs":{"insertions":5,"deletions":5}}},{"hash":"ba7ce1bbecac57ca5bb0055e04960374044970e7","isMergeCommit":true,"messageTitle":"Merge pull request #188 from bryonk/branch-update-documentation2","messageBody":"Fix UserPref and UG","fileTypesAndContributionMap":{}}]},{"date":"2025-04-07","commitResults":[{"hash":"02d1a33904d9a77a7d49516736b9709c403f6151","isMergeCommit":false,"messageTitle":"Add hashcode method for Lesson object","messageBody":"","fileTypesAndContributionMap":{"functional-code":{"insertions":6,"deletions":0}}},{"hash":"104993b3763ae0d61b7e3c958c0bc0dc193d3565","isMergeCommit":false,"messageTitle":"Add feature to fix duplicate lessons provided","messageBody":"","fileTypesAndContributionMap":{"functional-code":{"insertions":4,"deletions":3}}},{"hash":"b92515b768d37c162077fa4b21b17806ab450f29","isMergeCommit":true,"messageTitle":"Merge branch \u0027master\u0027 into branch-fix-ped-2","messageBody":"","fileTypesAndContributionMap":{}},{"hash":"f01159eb397d4d7f575e4c3eca34436129c83a3c","isMergeCommit":true,"messageTitle":"Merge branch \u0027master\u0027 into branch-fix-ped-2","messageBody":"","fileTypesAndContributionMap":{}},{"hash":"a7bd57d3c9fc7762da4527d8103d6780eb7edfa6","isMergeCommit":true,"messageTitle":"Merge pull request #193 from Zerolegacy/branch-fix-ped-2","messageBody":"Update ug and dg","fileTypesAndContributionMap":{}}]}],"castryl":[]},"authorFileTypeContributionMap":{"Zerolegacy":{"docs":7,"functional-code":0,"test-code":0},"bryonk":{"docs":18,"functional-code":3,"test-code":2},"RT0118":{"docs":18,"functional-code":11,"test-code":0},"castryl":{"docs":0,"functional-code":0,"test-code":0}},"authorContributionVariance":{"Zerolegacy":4480.889,"bryonk":102.888885,"RT0118":292.66666,"castryl":0.0},"authorDisplayNameMap":{"Zerolegacy":"CS2103-F10-3 DEXT.. WEI","bryonk":"CS2103-F10-3 BRYO..DONG","RT0118":"CS2103-F10-3 ROY ..QIAN","castryl":"CS2103-F10-3 LOW .. IAN"}}
