[{"path":"src/main/resources/view/ContactListCard.fxml","fileType":"functional-code","lines":[{"lineNumber":1,"author":{"gitId":"-"},"content":"\u003c?xml version\u003d\"1.0\" encoding\u003d\"UTF-8\"?\u003e","lastModifiedDate":"2016-08-08T17:32:17","isFullCredit":false},{"lineNumber":2,"author":{"gitId":"-"},"content":"","lastModifiedDate":"2016-08-08T17:32:17","isFullCredit":false},{"lineNumber":3,"author":{"gitId":"-"},"content":"\u003c?import javafx.geometry.Insets?\u003e","lastModifiedDate":"2016-12-18T16:29:19","isFullCredit":false},{"lineNumber":4,"author":{"gitId":"-"},"content":"\u003c?import javafx.scene.control.Label?\u003e","lastModifiedDate":"2016-12-18T16:29:19","isFullCredit":false},{"lineNumber":5,"author":{"gitId":"-"},"content":"\u003c?import javafx.scene.image.ImageView?\u003e","lastModifiedDate":"2025-04-03T18:39:34","isFullCredit":false},{"lineNumber":6,"author":{"gitId":"-"},"content":"\u003c?import javafx.scene.layout.ColumnConstraints?\u003e","lastModifiedDate":"2016-12-18T16:29:19","isFullCredit":false},{"lineNumber":7,"author":{"gitId":"-"},"content":"\u003c?import javafx.scene.layout.FlowPane?\u003e","lastModifiedDate":"2016-12-18T16:29:19","isFullCredit":false},{"lineNumber":8,"author":{"gitId":"-"},"content":"\u003c?import javafx.scene.layout.GridPane?\u003e","lastModifiedDate":"2016-12-18T16:29:19","isFullCredit":false},{"lineNumber":9,"author":{"gitId":"-"},"content":"\u003c?import javafx.scene.layout.HBox?\u003e","lastModifiedDate":"2016-12-18T16:29:19","isFullCredit":false},{"lineNumber":10,"author":{"gitId":"-"},"content":"\u003c?import javafx.scene.layout.Region?\u003e","lastModifiedDate":"2017-03-20T17:18:50","isFullCredit":false},{"lineNumber":11,"author":{"gitId":"-"},"content":"\u003c?import javafx.scene.layout.VBox?\u003e","lastModifiedDate":"2016-12-18T16:29:19","isFullCredit":false},{"lineNumber":12,"author":{"gitId":"-"},"content":"\u003cHBox id\u003d\"cardPane\" fx:id\u003d\"cardPane\" xmlns\u003d\"http://javafx.com/javafx/17\" xmlns:fx\u003d\"http://javafx.com/fxml/1\"\u003e","lastModifiedDate":"2023-07-27T07:45:49","isFullCredit":false},{"lineNumber":13,"author":{"gitId":"-"},"content":"  \u003cGridPane HBox.hgrow\u003d\"ALWAYS\"\u003e","lastModifiedDate":"2016-08-08T17:32:17","isFullCredit":false},{"lineNumber":14,"author":{"gitId":"-"},"content":"    \u003ccolumnConstraints\u003e","lastModifiedDate":"2016-08-08T17:32:17","isFullCredit":false},{"lineNumber":15,"author":{"gitId":"-"},"content":"      \u003cColumnConstraints hgrow\u003d\"SOMETIMES\" minWidth\u003d\"10\" prefWidth\u003d\"150\" /\u003e","lastModifiedDate":"2017-03-28T10:10:09","isFullCredit":false},{"lineNumber":16,"author":{"gitId":"-"},"content":"    \u003c/columnConstraints\u003e","lastModifiedDate":"2016-08-08T17:32:17","isFullCredit":false},{"lineNumber":17,"author":{"gitId":"raw-asparagus"},"content":"    \u003cVBox alignment\u003d\"CENTER_LEFT\" minHeight\u003d\"65\" GridPane.columnIndex\u003d\"0\" GridPane.vgrow\u003d\"ALWAYS\"\u003e","lastModifiedDate":"2025-04-07T01:07:27","isFullCredit":false},{"lineNumber":18,"author":{"gitId":"-"},"content":"      \u003cpadding\u003e","lastModifiedDate":"2016-08-08T17:32:17","isFullCredit":false},{"lineNumber":19,"author":{"gitId":"raw-asparagus"},"content":"        \u003cInsets top\u003d\"12\" right\u003d\"12\" bottom\u003d\"12\" left\u003d\"16\" /\u003e","lastModifiedDate":"2025-04-07T01:07:27","isFullCredit":false},{"lineNumber":20,"author":{"gitId":"-"},"content":"      \u003c/padding\u003e","lastModifiedDate":"2016-08-08T17:32:17","isFullCredit":false},{"lineNumber":21,"author":{"gitId":"raw-asparagus"},"content":"      \u003cHBox spacing\u003d\"4\" alignment\u003d\"CENTER_LEFT\"\u003e","lastModifiedDate":"2025-04-07T01:07:27","isFullCredit":false},{"lineNumber":22,"author":{"gitId":"-"},"content":"        \u003cLabel fx:id\u003d\"id\" styleClass\u003d\"cell_big_label\"\u003e","lastModifiedDate":"2017-03-20T17:18:50","isFullCredit":false},{"lineNumber":23,"author":{"gitId":"-"},"content":"          \u003cminWidth\u003e","lastModifiedDate":"2017-03-20T17:18:50","isFullCredit":false},{"lineNumber":24,"author":{"gitId":"-"},"content":"            \u003c!-- Ensures that the label text is never truncated --\u003e","lastModifiedDate":"2017-03-20T17:18:50","isFullCredit":false},{"lineNumber":25,"author":{"gitId":"-"},"content":"            \u003cRegion fx:constant\u003d\"USE_PREF_SIZE\" /\u003e","lastModifiedDate":"2017-03-20T17:18:50","isFullCredit":false},{"lineNumber":26,"author":{"gitId":"-"},"content":"          \u003c/minWidth\u003e","lastModifiedDate":"2017-03-20T17:18:50","isFullCredit":false},{"lineNumber":27,"author":{"gitId":"-"},"content":"        \u003c/Label\u003e","lastModifiedDate":"2017-03-20T17:18:50","isFullCredit":false},{"lineNumber":28,"author":{"gitId":"-"},"content":"        \u003cLabel fx:id\u003d\"name\" text\u003d\"\\$first\" styleClass\u003d\"cell_big_label\" wrapText\u003d\"true\" maxWidth\u003d\"450\" /\u003e","lastModifiedDate":"2025-04-03T18:39:34","isFullCredit":false},{"lineNumber":29,"author":{"gitId":"-"},"content":"      \u003c/HBox\u003e","lastModifiedDate":"2016-09-03T21:39:03","isFullCredit":false},{"lineNumber":30,"author":{"gitId":"raw-asparagus"},"content":"      \u003cFlowPane fx:id\u003d\"tags\" styleClass\u003d\"tags-container\" prefWrapLength\u003d\"450\" VBox.vgrow\u003d\"NEVER\"\u003e","lastModifiedDate":"2025-04-07T01:07:27","isFullCredit":false},{"lineNumber":31,"author":{"gitId":"raw-asparagus"},"content":"        \u003cpadding\u003e","lastModifiedDate":"2025-04-07T01:07:27","isFullCredit":false},{"lineNumber":32,"author":{"gitId":"raw-asparagus"},"content":"          \u003cInsets top\u003d\"5\" bottom\u003d\"5\" /\u003e","lastModifiedDate":"2025-04-07T01:07:27","isFullCredit":false},{"lineNumber":33,"author":{"gitId":"raw-asparagus"},"content":"        \u003c/padding\u003e","lastModifiedDate":"2025-04-07T01:07:27","isFullCredit":false},{"lineNumber":34,"author":{"gitId":"raw-asparagus"},"content":"      \u003c/FlowPane\u003e","lastModifiedDate":"2025-04-07T01:07:27","isFullCredit":false},{"lineNumber":35,"author":{"gitId":"raw-asparagus"},"content":"      \u003cHBox spacing\u003d\"8\" alignment\u003d\"CENTER_LEFT\"\u003e","lastModifiedDate":"2025-04-07T01:07:27","isFullCredit":false},{"lineNumber":36,"author":{"gitId":"raw-asparagus"},"content":"        \u003cImageView fx:id\u003d\"courseIcon\" fitHeight\u003d\"16\" fitWidth\u003d\"16\" preserveRatio\u003d\"true\" styleClass\u003d\"icon\" /\u003e","lastModifiedDate":"2025-04-07T01:07:27","isFullCredit":false},{"lineNumber":37,"author":{"gitId":"raw-asparagus"},"content":"        \u003cLabel fx:id\u003d\"course\" styleClass\u003d\"cell_small_label\" text\u003d\"\\$course\" wrapText\u003d\"true\" minWidth\u003d\"85\" maxWidth\u003d\"450\" /\u003e","lastModifiedDate":"2025-04-07T01:07:27","isFullCredit":false},{"lineNumber":38,"author":{"gitId":"raw-asparagus"},"content":"        \u003cRegion HBox.hgrow\u003d\"ALWAYS\" maxWidth\u003d\"20\" /\u003e","lastModifiedDate":"2025-04-07T01:07:27","isFullCredit":false},{"lineNumber":39,"author":{"gitId":"raw-asparagus"},"content":"        \u003cImageView fx:id\u003d\"groupIcon\" fitHeight\u003d\"16\" fitWidth\u003d\"16\" preserveRatio\u003d\"true\" styleClass\u003d\"icon\" /\u003e","lastModifiedDate":"2025-04-07T01:07:27","isFullCredit":false},{"lineNumber":40,"author":{"gitId":"-"},"content":"        \u003cLabel fx:id\u003d\"group\" styleClass\u003d\"cell_small_label\" text\u003d\"\\$group\" wrapText\u003d\"true\" maxWidth\u003d\"450\" /\u003e","lastModifiedDate":"2025-04-03T18:39:34","isFullCredit":false},{"lineNumber":41,"author":{"gitId":"-"},"content":"      \u003c/HBox\u003e","lastModifiedDate":"2025-04-03T13:54:03","isFullCredit":false},{"lineNumber":42,"author":{"gitId":"-"},"content":"    \u003c/VBox\u003e","lastModifiedDate":"2016-08-08T17:32:17","isFullCredit":false},{"lineNumber":43,"author":{"gitId":"-"},"content":"  \u003c/GridPane\u003e","lastModifiedDate":"2016-08-08T17:32:17","isFullCredit":false},{"lineNumber":44,"author":{"gitId":"-"},"content":"\u003c/HBox\u003e","lastModifiedDate":"2016-08-08T17:32:17","isFullCredit":false}],"authorContributionMap":{"raw-asparagus":13,"-":31}},{"path":"src/main/resources/view/DarkTheme.css","fileType":"functional-code","lines":[{"lineNumber":1,"author":{"gitId":"-"},"content":".background {","lastModifiedDate":"2016-08-08T17:32:17","isFullCredit":false},{"lineNumber":2,"author":{"gitId":"raw-asparagus"},"content":"    -fx-background-color: #2b2b2b;","lastModifiedDate":"2025-04-07T01:07:27","isFullCredit":false},{"lineNumber":3,"author":{"gitId":"raw-asparagus"},"content":"    background-color: #2b2b2b; /* Used in the default.html file */","lastModifiedDate":"2025-04-07T01:07:27","isFullCredit":false},{"lineNumber":4,"author":{"gitId":"-"},"content":"}","lastModifiedDate":"2016-08-08T17:32:17","isFullCredit":false},{"lineNumber":5,"author":{"gitId":"-"},"content":"","lastModifiedDate":"2016-08-08T17:32:17","isFullCredit":false},{"lineNumber":6,"author":{"gitId":"-"},"content":".label {","lastModifiedDate":"2016-08-08T17:32:17","isFullCredit":false},{"lineNumber":7,"author":{"gitId":"raw-asparagus"},"content":"    -fx-font-size: 12pt;","lastModifiedDate":"2025-04-07T01:07:27","isFullCredit":false},{"lineNumber":8,"author":{"gitId":"raw-asparagus"},"content":"    -fx-font-family: \"Trebuchet MS\";","lastModifiedDate":"2025-04-07T01:07:27","isFullCredit":false},{"lineNumber":9,"author":{"gitId":"raw-asparagus"},"content":"    -fx-text-fill: #bdbdbd;","lastModifiedDate":"2025-04-07T01:07:27","isFullCredit":false},{"lineNumber":10,"author":{"gitId":"-"},"content":"    -fx-opacity: 0.9;","lastModifiedDate":"2016-08-08T17:32:17","isFullCredit":false},{"lineNumber":11,"author":{"gitId":"-"},"content":"}","lastModifiedDate":"2016-08-08T17:32:17","isFullCredit":false},{"lineNumber":12,"author":{"gitId":"-"},"content":"","lastModifiedDate":"2016-08-08T17:32:17","isFullCredit":false},{"lineNumber":13,"author":{"gitId":"-"},"content":".label-bright {","lastModifiedDate":"2016-08-08T17:32:17","isFullCredit":false},{"lineNumber":14,"author":{"gitId":"raw-asparagus"},"content":"    -fx-font-size: 12pt;","lastModifiedDate":"2025-04-07T01:07:27","isFullCredit":false},{"lineNumber":15,"author":{"gitId":"raw-asparagus"},"content":"    -fx-font-family: \"Trebuchet MS\";","lastModifiedDate":"2025-04-07T01:07:27","isFullCredit":false},{"lineNumber":16,"author":{"gitId":"-"},"content":"    -fx-text-fill: white;","lastModifiedDate":"2016-08-08T17:32:17","isFullCredit":false},{"lineNumber":17,"author":{"gitId":"-"},"content":"    -fx-opacity: 1;","lastModifiedDate":"2016-08-08T17:32:17","isFullCredit":false},{"lineNumber":18,"author":{"gitId":"-"},"content":"}","lastModifiedDate":"2016-08-08T17:32:17","isFullCredit":false},{"lineNumber":19,"author":{"gitId":"-"},"content":"","lastModifiedDate":"2016-08-08T17:32:17","isFullCredit":false},{"lineNumber":20,"author":{"gitId":"-"},"content":".label-header {","lastModifiedDate":"2016-08-08T17:32:17","isFullCredit":false},{"lineNumber":21,"author":{"gitId":"-"},"content":"    -fx-font-size: 32pt;","lastModifiedDate":"2016-08-08T17:32:17","isFullCredit":false},{"lineNumber":22,"author":{"gitId":"raw-asparagus"},"content":"    -fx-font-family: \"Trebuchet MS\";","lastModifiedDate":"2025-04-07T01:07:27","isFullCredit":false},{"lineNumber":23,"author":{"gitId":"-"},"content":"    -fx-text-fill: white;","lastModifiedDate":"2016-08-08T17:32:17","isFullCredit":false},{"lineNumber":24,"author":{"gitId":"-"},"content":"    -fx-opacity: 1;","lastModifiedDate":"2016-08-08T17:32:17","isFullCredit":false},{"lineNumber":25,"author":{"gitId":"-"},"content":"}","lastModifiedDate":"2016-08-08T17:32:17","isFullCredit":false},{"lineNumber":26,"author":{"gitId":"-"},"content":"","lastModifiedDate":"2016-08-08T17:32:17","isFullCredit":false},{"lineNumber":27,"author":{"gitId":"-"},"content":".text-field {","lastModifiedDate":"2016-08-08T17:32:17","isFullCredit":false},{"lineNumber":28,"author":{"gitId":"raw-asparagus"},"content":"    -fx-font-size: 13pt;","lastModifiedDate":"2025-04-07T01:07:27","isFullCredit":false},{"lineNumber":29,"author":{"gitId":"raw-asparagus"},"content":"    -fx-font-family: \"Courier New\";","lastModifiedDate":"2025-04-07T01:07:27","isFullCredit":false},{"lineNumber":30,"author":{"gitId":"raw-asparagus"},"content":"    -fx-background-color: #3c3c3c;","lastModifiedDate":"2025-04-07T01:07:27","isFullCredit":false},{"lineNumber":31,"author":{"gitId":"raw-asparagus"},"content":"    -fx-text-fill: #e0e0e0;","lastModifiedDate":"2025-04-07T01:07:27","isFullCredit":false},{"lineNumber":32,"author":{"gitId":"raw-asparagus"},"content":"    -fx-border-color: #5a5a5a;","lastModifiedDate":"2025-04-07T01:07:27","isFullCredit":false},{"lineNumber":33,"author":{"gitId":"raw-asparagus"},"content":"    -fx-border-radius: 4px;","lastModifiedDate":"2025-04-07T01:07:27","isFullCredit":false},{"lineNumber":34,"author":{"gitId":"raw-asparagus"},"content":"    -fx-background-radius: 4px;","lastModifiedDate":"2025-04-07T01:07:27","isFullCredit":false},{"lineNumber":35,"author":{"gitId":"raw-asparagus"},"content":"}","lastModifiedDate":"2025-04-07T01:07:27","isFullCredit":false},{"lineNumber":36,"author":{"gitId":"raw-asparagus"},"content":"","lastModifiedDate":"2025-04-07T01:07:27","isFullCredit":false},{"lineNumber":37,"author":{"gitId":"raw-asparagus"},"content":".text-field:focused {","lastModifiedDate":"2025-04-07T01:07:27","isFullCredit":false},{"lineNumber":38,"author":{"gitId":"raw-asparagus"},"content":"    -fx-border-color: #7a9cd3;","lastModifiedDate":"2025-04-07T01:07:27","isFullCredit":false},{"lineNumber":39,"author":{"gitId":"raw-asparagus"},"content":"    -fx-background-color: #3a3f4b;","lastModifiedDate":"2025-04-07T01:07:27","isFullCredit":false},{"lineNumber":40,"author":{"gitId":"raw-asparagus"},"content":"}","lastModifiedDate":"2025-04-07T01:07:27","isFullCredit":false},{"lineNumber":41,"author":{"gitId":"raw-asparagus"},"content":"","lastModifiedDate":"2025-04-07T01:07:27","isFullCredit":false},{"lineNumber":42,"author":{"gitId":"raw-asparagus"},"content":".text-area:disabled, .text-area:disabled .content {","lastModifiedDate":"2025-04-07T01:07:27","isFullCredit":false},{"lineNumber":43,"author":{"gitId":"raw-asparagus"},"content":"    -fx-background-color: #2b2b2b;","lastModifiedDate":"2025-04-07T01:07:27","isFullCredit":false},{"lineNumber":44,"author":{"gitId":"raw-asparagus"},"content":"    -fx-opacity: 1.0;","lastModifiedDate":"2025-04-07T01:07:27","isFullCredit":false},{"lineNumber":45,"author":{"gitId":"raw-asparagus"},"content":"    -fx-border-radius: 0;","lastModifiedDate":"2025-04-07T01:07:27","isFullCredit":false},{"lineNumber":46,"author":{"gitId":"raw-asparagus"},"content":"    -fx-background-radius: 0;","lastModifiedDate":"2025-04-07T01:07:27","isFullCredit":false},{"lineNumber":47,"author":{"gitId":"-"},"content":"}","lastModifiedDate":"2016-08-08T17:32:17","isFullCredit":false},{"lineNumber":48,"author":{"gitId":"-"},"content":"","lastModifiedDate":"2016-08-08T17:32:17","isFullCredit":false},{"lineNumber":49,"author":{"gitId":"-"},"content":".tab-pane {","lastModifiedDate":"2016-08-08T17:32:17","isFullCredit":false},{"lineNumber":50,"author":{"gitId":"-"},"content":"    -fx-padding: 0 0 0 1;","lastModifiedDate":"2016-08-08T17:32:17","isFullCredit":false},{"lineNumber":51,"author":{"gitId":"raw-asparagus"},"content":"    -fx-background-color: #2b2b2b;","lastModifiedDate":"2025-04-07T01:07:27","isFullCredit":false},{"lineNumber":52,"author":{"gitId":"-"},"content":"}","lastModifiedDate":"2016-08-08T17:32:17","isFullCredit":false},{"lineNumber":53,"author":{"gitId":"-"},"content":"","lastModifiedDate":"2016-08-08T17:32:17","isFullCredit":false},{"lineNumber":54,"author":{"gitId":"-"},"content":".tab-pane .tab-header-area {","lastModifiedDate":"2016-08-08T17:32:17","isFullCredit":false},{"lineNumber":55,"author":{"gitId":"-"},"content":"    -fx-padding: 0 0 0 0;","lastModifiedDate":"2016-08-08T17:32:17","isFullCredit":false},{"lineNumber":56,"author":{"gitId":"-"},"content":"    -fx-min-height: 0;","lastModifiedDate":"2016-08-08T17:32:17","isFullCredit":false},{"lineNumber":57,"author":{"gitId":"-"},"content":"    -fx-max-height: 0;","lastModifiedDate":"2016-08-08T17:32:17","isFullCredit":false},{"lineNumber":58,"author":{"gitId":"-"},"content":"}","lastModifiedDate":"2016-08-08T17:32:17","isFullCredit":false},{"lineNumber":59,"author":{"gitId":"-"},"content":"","lastModifiedDate":"2016-08-08T17:32:17","isFullCredit":false},{"lineNumber":60,"author":{"gitId":"-"},"content":".table-view {","lastModifiedDate":"2016-08-08T17:32:17","isFullCredit":false},{"lineNumber":61,"author":{"gitId":"raw-asparagus"},"content":"    -fx-base: #2b2b2b;","lastModifiedDate":"2025-04-07T01:07:27","isFullCredit":false},{"lineNumber":62,"author":{"gitId":"raw-asparagus"},"content":"    -fx-control-inner-background: #2b2b2b;","lastModifiedDate":"2025-04-07T01:07:27","isFullCredit":false},{"lineNumber":63,"author":{"gitId":"raw-asparagus"},"content":"    -fx-background-color: #2b2b2b;","lastModifiedDate":"2025-04-07T01:07:27","isFullCredit":false},{"lineNumber":64,"author":{"gitId":"raw-asparagus"},"content":"    -fx-table-cell-border-color: #3c3c3c;","lastModifiedDate":"2025-04-07T01:07:27","isFullCredit":false},{"lineNumber":65,"author":{"gitId":"raw-asparagus"},"content":"    -fx-table-header-border-color: #3c3c3c;","lastModifiedDate":"2025-04-07T01:07:27","isFullCredit":false},{"lineNumber":66,"author":{"gitId":"-"},"content":"    -fx-padding: 5;","lastModifiedDate":"2016-08-08T17:32:17","isFullCredit":false},{"lineNumber":67,"author":{"gitId":"raw-asparagus"},"content":"    -fx-border-radius: 6px;","lastModifiedDate":"2025-04-07T01:07:27","isFullCredit":false},{"lineNumber":68,"author":{"gitId":"raw-asparagus"},"content":"    -fx-background-radius: 6px;","lastModifiedDate":"2025-04-07T01:07:27","isFullCredit":false},{"lineNumber":69,"author":{"gitId":"-"},"content":"}","lastModifiedDate":"2016-08-08T17:32:17","isFullCredit":false},{"lineNumber":70,"author":{"gitId":"-"},"content":"","lastModifiedDate":"2016-08-08T17:32:17","isFullCredit":false},{"lineNumber":71,"author":{"gitId":"-"},"content":".table-view .column-header-background {","lastModifiedDate":"2016-08-08T17:32:17","isFullCredit":false},{"lineNumber":72,"author":{"gitId":"-"},"content":"    -fx-background-color: transparent;","lastModifiedDate":"2016-08-08T17:32:17","isFullCredit":false},{"lineNumber":73,"author":{"gitId":"-"},"content":"}","lastModifiedDate":"2016-08-08T17:32:17","isFullCredit":false},{"lineNumber":74,"author":{"gitId":"-"},"content":"","lastModifiedDate":"2016-08-08T17:32:17","isFullCredit":false},{"lineNumber":75,"author":{"gitId":"-"},"content":".table-view .column-header, .table-view .filler {","lastModifiedDate":"2016-08-08T17:32:17","isFullCredit":false},{"lineNumber":76,"author":{"gitId":"-"},"content":"    -fx-size: 35;","lastModifiedDate":"2016-08-08T17:32:17","isFullCredit":false},{"lineNumber":77,"author":{"gitId":"-"},"content":"    -fx-border-width: 0 0 1 0;","lastModifiedDate":"2016-08-08T17:32:17","isFullCredit":false},{"lineNumber":78,"author":{"gitId":"-"},"content":"    -fx-background-color: transparent;","lastModifiedDate":"2016-08-08T17:32:17","isFullCredit":false},{"lineNumber":79,"author":{"gitId":"-"},"content":"    -fx-border-color:","lastModifiedDate":"2016-08-08T17:32:17","isFullCredit":false},{"lineNumber":80,"author":{"gitId":"-"},"content":"            transparent","lastModifiedDate":"2016-08-08T17:32:17","isFullCredit":false},{"lineNumber":81,"author":{"gitId":"-"},"content":"            transparent","lastModifiedDate":"2016-08-08T17:32:17","isFullCredit":false},{"lineNumber":82,"author":{"gitId":"-"},"content":"            derive(-fx-base, 80%)","lastModifiedDate":"2016-08-08T17:32:17","isFullCredit":false},{"lineNumber":83,"author":{"gitId":"-"},"content":"            transparent;","lastModifiedDate":"2016-08-08T17:32:17","isFullCredit":false},{"lineNumber":84,"author":{"gitId":"-"},"content":"    -fx-border-insets: 0 10 1 0;","lastModifiedDate":"2016-08-08T17:32:17","isFullCredit":false},{"lineNumber":85,"author":{"gitId":"-"},"content":"}","lastModifiedDate":"2016-08-08T17:32:17","isFullCredit":false},{"lineNumber":86,"author":{"gitId":"-"},"content":"","lastModifiedDate":"2016-08-08T17:32:17","isFullCredit":false},{"lineNumber":87,"author":{"gitId":"-"},"content":".table-view .column-header .label {","lastModifiedDate":"2016-08-08T17:32:17","isFullCredit":false},{"lineNumber":88,"author":{"gitId":"raw-asparagus"},"content":"    -fx-font-size: 18pt;","lastModifiedDate":"2025-04-07T01:07:27","isFullCredit":false},{"lineNumber":89,"author":{"gitId":"raw-asparagus"},"content":"    -fx-font-family: \"Trebuchet MS\";","lastModifiedDate":"2025-04-07T01:07:27","isFullCredit":false},{"lineNumber":90,"author":{"gitId":"-"},"content":"    -fx-text-fill: white;","lastModifiedDate":"2016-08-08T17:32:17","isFullCredit":false},{"lineNumber":91,"author":{"gitId":"-"},"content":"    -fx-alignment: center-left;","lastModifiedDate":"2016-08-08T17:32:17","isFullCredit":false},{"lineNumber":92,"author":{"gitId":"-"},"content":"    -fx-opacity: 1;","lastModifiedDate":"2016-08-08T17:32:17","isFullCredit":false},{"lineNumber":93,"author":{"gitId":"-"},"content":"}","lastModifiedDate":"2016-08-08T17:32:17","isFullCredit":false},{"lineNumber":94,"author":{"gitId":"-"},"content":"","lastModifiedDate":"2016-08-08T17:32:17","isFullCredit":false},{"lineNumber":95,"author":{"gitId":"-"},"content":".table-view:focused .table-row-cell:filled:focused:selected {","lastModifiedDate":"2016-08-08T17:32:17","isFullCredit":false},{"lineNumber":96,"author":{"gitId":"raw-asparagus"},"content":"    -fx-background-color: #4a6baf;","lastModifiedDate":"2025-04-07T01:07:27","isFullCredit":false},{"lineNumber":97,"author":{"gitId":"-"},"content":"}","lastModifiedDate":"2016-08-08T17:32:17","isFullCredit":false},{"lineNumber":98,"author":{"gitId":"-"},"content":"","lastModifiedDate":"2016-08-08T17:32:17","isFullCredit":false},{"lineNumber":99,"author":{"gitId":"raw-asparagus"},"content":".table-row-cell:hover {","lastModifiedDate":"2025-04-07T01:07:27","isFullCredit":false},{"lineNumber":100,"author":{"gitId":"raw-asparagus"},"content":"    -fx-background-color: #3a414f;","lastModifiedDate":"2025-04-07T01:07:27","isFullCredit":false},{"lineNumber":101,"author":{"gitId":"-"},"content":"}","lastModifiedDate":"2016-08-08T17:32:17","isFullCredit":false},{"lineNumber":102,"author":{"gitId":"-"},"content":"","lastModifiedDate":"2016-08-08T17:32:17","isFullCredit":false},{"lineNumber":103,"author":{"gitId":"-"},"content":".list-view {","lastModifiedDate":"2017-03-02T13:32:55","isFullCredit":false},{"lineNumber":104,"author":{"gitId":"-"},"content":"    -fx-background-insets: 0;","lastModifiedDate":"2017-03-02T13:32:55","isFullCredit":false},{"lineNumber":105,"author":{"gitId":"-"},"content":"    -fx-padding: 0;","lastModifiedDate":"2017-03-02T13:32:55","isFullCredit":false},{"lineNumber":106,"author":{"gitId":"raw-asparagus"},"content":"    -fx-background-color: #2b2b2b;","lastModifiedDate":"2025-04-07T01:07:27","isFullCredit":false},{"lineNumber":107,"author":{"gitId":"-"},"content":"}","lastModifiedDate":"2017-03-02T13:32:55","isFullCredit":false},{"lineNumber":108,"author":{"gitId":"-"},"content":"","lastModifiedDate":"2017-03-02T13:32:55","isFullCredit":false},{"lineNumber":109,"author":{"gitId":"-"},"content":".list-cell {","lastModifiedDate":"2016-08-08T17:32:17","isFullCredit":false},{"lineNumber":110,"author":{"gitId":"-"},"content":"    -fx-label-padding: 0 0 0 0;","lastModifiedDate":"2016-08-08T17:32:17","isFullCredit":false},{"lineNumber":111,"author":{"gitId":"-"},"content":"    -fx-graphic-text-gap: 0;","lastModifiedDate":"2016-08-08T17:32:17","isFullCredit":false},{"lineNumber":112,"author":{"gitId":"raw-asparagus"},"content":"    -fx-padding: 6 0 6 0;","lastModifiedDate":"2025-04-07T01:07:27","isFullCredit":false},{"lineNumber":113,"author":{"gitId":"-"},"content":"}","lastModifiedDate":"2016-08-08T17:32:17","isFullCredit":false},{"lineNumber":114,"author":{"gitId":"-"},"content":"","lastModifiedDate":"2016-08-08T17:32:17","isFullCredit":false},{"lineNumber":115,"author":{"gitId":"-"},"content":".list-cell:filled:even {","lastModifiedDate":"2017-03-02T13:32:55","isFullCredit":false},{"lineNumber":116,"author":{"gitId":"raw-asparagus"},"content":"    -fx-background-color: transparent;","lastModifiedDate":"2025-04-07T01:07:27","isFullCredit":false},{"lineNumber":117,"author":{"gitId":"-"},"content":"}","lastModifiedDate":"2017-03-02T13:32:55","isFullCredit":false},{"lineNumber":118,"author":{"gitId":"-"},"content":"","lastModifiedDate":"2017-03-02T13:32:55","isFullCredit":false},{"lineNumber":119,"author":{"gitId":"-"},"content":".list-cell:filled:odd {","lastModifiedDate":"2017-03-02T13:32:55","isFullCredit":false},{"lineNumber":120,"author":{"gitId":"raw-asparagus"},"content":"    -fx-background-color: transparent;","lastModifiedDate":"2025-04-07T01:07:27","isFullCredit":false},{"lineNumber":121,"author":{"gitId":"-"},"content":"}","lastModifiedDate":"2017-03-02T13:32:55","isFullCredit":false},{"lineNumber":122,"author":{"gitId":"-"},"content":"","lastModifiedDate":"2017-03-02T13:32:55","isFullCredit":false},{"lineNumber":123,"author":{"gitId":"raw-asparagus"},"content":".list-view {","lastModifiedDate":"2025-04-07T01:07:27","isFullCredit":false},{"lineNumber":124,"author":{"gitId":"raw-asparagus"},"content":"    -fx-background-insets: 0;","lastModifiedDate":"2025-04-07T01:07:27","isFullCredit":false},{"lineNumber":125,"author":{"gitId":"raw-asparagus"},"content":"    -fx-padding: 0;","lastModifiedDate":"2025-04-07T01:07:27","isFullCredit":false},{"lineNumber":126,"author":{"gitId":"raw-asparagus"},"content":"    -fx-background-color: #2b2b2b;","lastModifiedDate":"2025-04-07T01:07:27","isFullCredit":false},{"lineNumber":127,"author":{"gitId":"raw-asparagus"},"content":"}","lastModifiedDate":"2025-04-07T01:07:27","isFullCredit":false},{"lineNumber":128,"author":{"gitId":"raw-asparagus"},"content":"","lastModifiedDate":"2025-04-07T01:07:27","isFullCredit":false},{"lineNumber":129,"author":{"gitId":"raw-asparagus"},"content":".list-cell:filled:even #cardPane {","lastModifiedDate":"2025-04-07T01:07:27","isFullCredit":false},{"lineNumber":130,"author":{"gitId":"raw-asparagus"},"content":"    -fx-background-color: #323435;","lastModifiedDate":"2025-04-07T01:07:27","isFullCredit":false},{"lineNumber":131,"author":{"gitId":"raw-asparagus"},"content":"    -fx-background-radius: 4px;","lastModifiedDate":"2025-04-07T01:07:27","isFullCredit":false},{"lineNumber":132,"author":{"gitId":"-"},"content":"}","lastModifiedDate":"2017-03-02T13:32:55","isFullCredit":false},{"lineNumber":133,"author":{"gitId":"-"},"content":"","lastModifiedDate":"2017-03-02T13:32:55","isFullCredit":false},{"lineNumber":134,"author":{"gitId":"raw-asparagus"},"content":".list-cell:filled:odd #cardPane {","lastModifiedDate":"2025-04-07T01:07:27","isFullCredit":false},{"lineNumber":135,"author":{"gitId":"raw-asparagus"},"content":"    -fx-background-color: #383a3c;","lastModifiedDate":"2025-04-07T01:07:27","isFullCredit":false},{"lineNumber":136,"author":{"gitId":"raw-asparagus"},"content":"    -fx-background-radius: 4px;","lastModifiedDate":"2025-04-07T01:07:27","isFullCredit":false},{"lineNumber":137,"author":{"gitId":"raw-asparagus"},"content":"}","lastModifiedDate":"2025-04-07T01:07:27","isFullCredit":false},{"lineNumber":138,"author":{"gitId":"raw-asparagus"},"content":"","lastModifiedDate":"2025-04-07T01:07:27","isFullCredit":false},{"lineNumber":139,"author":{"gitId":"raw-asparagus"},"content":".list-cell:filled:hover {","lastModifiedDate":"2025-04-07T01:07:27","isFullCredit":false},{"lineNumber":140,"author":{"gitId":"raw-asparagus"},"content":"    -fx-background-color: transparent;","lastModifiedDate":"2025-04-07T01:07:27","isFullCredit":false},{"lineNumber":141,"author":{"gitId":"raw-asparagus"},"content":"    -fx-transition: none;","lastModifiedDate":"2025-04-07T01:07:27","isFullCredit":false},{"lineNumber":142,"author":{"gitId":"raw-asparagus"},"content":"}","lastModifiedDate":"2025-04-07T01:07:27","isFullCredit":false},{"lineNumber":143,"author":{"gitId":"raw-asparagus"},"content":"","lastModifiedDate":"2025-04-07T01:07:27","isFullCredit":false},{"lineNumber":144,"author":{"gitId":"raw-asparagus"},"content":".list-cell:hover #cardPane {","lastModifiedDate":"2025-04-07T01:07:27","isFullCredit":false},{"lineNumber":145,"author":{"gitId":"raw-asparagus"},"content":"    -fx-background-color: #3e4550;","lastModifiedDate":"2025-04-07T01:07:27","isFullCredit":false},{"lineNumber":146,"author":{"gitId":"raw-asparagus"},"content":"    -fx-transition: background-color 0.1s ease-in-out;","lastModifiedDate":"2025-04-07T01:07:27","isFullCredit":false},{"lineNumber":147,"author":{"gitId":"raw-asparagus"},"content":"    -fx-background-radius: 4px;","lastModifiedDate":"2025-04-07T01:07:27","isFullCredit":false},{"lineNumber":148,"author":{"gitId":"-"},"content":"}","lastModifiedDate":"2025-04-07T01:07:27","isFullCredit":false},{"lineNumber":149,"author":{"gitId":"-"},"content":"","lastModifiedDate":"2025-04-07T01:07:27","isFullCredit":false},{"lineNumber":150,"author":{"gitId":"raw-asparagus"},"content":".list-cell:filled:selected:hover #cardPane {","lastModifiedDate":"2025-04-07T01:07:27","isFullCredit":false},{"lineNumber":151,"author":{"gitId":"raw-asparagus"},"content":"    -fx-background-color: #3a4a6a;","lastModifiedDate":"2025-04-07T01:07:27","isFullCredit":false},{"lineNumber":152,"author":{"gitId":"raw-asparagus"},"content":"    -fx-border-color: #5a89b5;","lastModifiedDate":"2025-04-07T01:07:27","isFullCredit":false},{"lineNumber":153,"author":{"gitId":"-"},"content":"    -fx-border-width: 1;","lastModifiedDate":"2017-03-02T13:32:55","isFullCredit":false},{"lineNumber":154,"author":{"gitId":"raw-asparagus"},"content":"    -fx-background-radius: 4px;","lastModifiedDate":"2025-04-07T01:07:27","isFullCredit":false},{"lineNumber":155,"author":{"gitId":"raw-asparagus"},"content":"    -fx-border-radius: 4px;","lastModifiedDate":"2025-04-07T01:07:27","isFullCredit":false},{"lineNumber":156,"author":{"gitId":"raw-asparagus"},"content":"}","lastModifiedDate":"2025-04-07T01:07:27","isFullCredit":false},{"lineNumber":157,"author":{"gitId":"raw-asparagus"},"content":"","lastModifiedDate":"2025-04-07T01:07:27","isFullCredit":false},{"lineNumber":158,"author":{"gitId":"raw-asparagus"},"content":".list-cell:filled:selected {","lastModifiedDate":"2025-04-07T01:07:27","isFullCredit":false},{"lineNumber":159,"author":{"gitId":"raw-asparagus"},"content":"    -fx-background-color: #3a4a6a;","lastModifiedDate":"2025-04-07T01:07:27","isFullCredit":false},{"lineNumber":160,"author":{"gitId":"raw-asparagus"},"content":"    -fx-transition: background-color 0.2s ease-in-out;","lastModifiedDate":"2025-04-07T01:07:27","isFullCredit":false},{"lineNumber":161,"author":{"gitId":"-"},"content":"}","lastModifiedDate":"2017-03-02T13:32:55","isFullCredit":false},{"lineNumber":162,"author":{"gitId":"-"},"content":"","lastModifiedDate":"2017-03-02T13:32:55","isFullCredit":false},{"lineNumber":163,"author":{"gitId":"-"},"content":".list-cell .label {","lastModifiedDate":"2016-08-08T17:32:17","isFullCredit":false},{"lineNumber":164,"author":{"gitId":"raw-asparagus"},"content":"    -fx-text-fill: #e0e0e0;","lastModifiedDate":"2025-04-07T01:07:27","isFullCredit":false},{"lineNumber":165,"author":{"gitId":"raw-asparagus"},"content":"}","lastModifiedDate":"2025-04-07T01:07:27","isFullCredit":false},{"lineNumber":166,"author":{"gitId":"raw-asparagus"},"content":"","lastModifiedDate":"2025-04-07T01:07:27","isFullCredit":false},{"lineNumber":167,"author":{"gitId":"raw-asparagus"},"content":"#cardPane {","lastModifiedDate":"2025-04-07T01:07:27","isFullCredit":false},{"lineNumber":168,"author":{"gitId":"raw-asparagus"},"content":"    -fx-background-color: #323435;","lastModifiedDate":"2025-04-07T01:07:27","isFullCredit":false},{"lineNumber":169,"author":{"gitId":"raw-asparagus"},"content":"    -fx-border-color: #4d4d4d;","lastModifiedDate":"2025-04-07T01:07:27","isFullCredit":false},{"lineNumber":170,"author":{"gitId":"raw-asparagus"},"content":"    -fx-border-width: 1;","lastModifiedDate":"2025-04-07T01:07:27","isFullCredit":false},{"lineNumber":171,"author":{"gitId":"raw-asparagus"},"content":"    -fx-border-radius: 6px;","lastModifiedDate":"2025-04-07T01:07:27","isFullCredit":false},{"lineNumber":172,"author":{"gitId":"raw-asparagus"},"content":"    -fx-background-radius: 6px;","lastModifiedDate":"2025-04-07T01:07:27","isFullCredit":false},{"lineNumber":173,"author":{"gitId":"raw-asparagus"},"content":"    -fx-effect: dropshadow(gaussian, rgba(0, 0, 0, 0.3), 8, 0, 0, 2);","lastModifiedDate":"2025-04-07T01:07:27","isFullCredit":false},{"lineNumber":174,"author":{"gitId":"raw-asparagus"},"content":"}","lastModifiedDate":"2025-04-07T01:07:27","isFullCredit":false},{"lineNumber":175,"author":{"gitId":"raw-asparagus"},"content":"","lastModifiedDate":"2025-04-07T01:07:27","isFullCredit":false},{"lineNumber":176,"author":{"gitId":"raw-asparagus"},"content":"#cardPane:hover {","lastModifiedDate":"2025-04-07T01:07:27","isFullCredit":false},{"lineNumber":177,"author":{"gitId":"raw-asparagus"},"content":"    -fx-border-color: #5a89b5;","lastModifiedDate":"2025-04-07T01:07:27","isFullCredit":false},{"lineNumber":178,"author":{"gitId":"raw-asparagus"},"content":"    -fx-effect: dropshadow(gaussian, rgba(0, 0, 0, 0.4), 10, 0, 0, 3);","lastModifiedDate":"2025-04-07T01:07:27","isFullCredit":false},{"lineNumber":179,"author":{"gitId":"raw-asparagus"},"content":"    -fx-transition: border-color 0.15s, effect 0.15s;","lastModifiedDate":"2025-04-07T01:07:27","isFullCredit":false},{"lineNumber":180,"author":{"gitId":"-"},"content":"}","lastModifiedDate":"2016-08-08T17:32:17","isFullCredit":false},{"lineNumber":181,"author":{"gitId":"-"},"content":"","lastModifiedDate":"2016-08-08T17:32:17","isFullCredit":false},{"lineNumber":182,"author":{"gitId":"-"},"content":".cell_big_label {","lastModifiedDate":"2016-08-08T17:32:17","isFullCredit":false},{"lineNumber":183,"author":{"gitId":"raw-asparagus"},"content":"    -fx-font-family: \"Trebuchet MS\";","lastModifiedDate":"2025-04-07T01:07:27","isFullCredit":false},{"lineNumber":184,"author":{"gitId":"-"},"content":"    -fx-font-size: 16px;","lastModifiedDate":"2016-08-08T17:32:17","isFullCredit":false},{"lineNumber":185,"author":{"gitId":"raw-asparagus"},"content":"    -fx-text-fill: #f0f0f0;","lastModifiedDate":"2025-04-07T01:07:27","isFullCredit":false},{"lineNumber":186,"author":{"gitId":"-"},"content":"}","lastModifiedDate":"2016-08-08T17:32:17","isFullCredit":false},{"lineNumber":187,"author":{"gitId":"-"},"content":"","lastModifiedDate":"2016-08-08T17:32:17","isFullCredit":false},{"lineNumber":188,"author":{"gitId":"-"},"content":".cell_small_label {","lastModifiedDate":"2016-08-08T17:32:17","isFullCredit":false},{"lineNumber":189,"author":{"gitId":"raw-asparagus"},"content":"    -fx-font-family: \"Trebuchet MS\";","lastModifiedDate":"2025-04-07T01:07:27","isFullCredit":false},{"lineNumber":190,"author":{"gitId":"-"},"content":"    -fx-font-size: 13px;","lastModifiedDate":"2017-03-02T13:32:55","isFullCredit":false},{"lineNumber":191,"author":{"gitId":"raw-asparagus"},"content":"    -fx-text-fill: #d0d0d0;","lastModifiedDate":"2025-04-07T01:07:27","isFullCredit":false},{"lineNumber":192,"author":{"gitId":"-"},"content":"}","lastModifiedDate":"2016-08-08T17:32:17","isFullCredit":false},{"lineNumber":193,"author":{"gitId":"-"},"content":"","lastModifiedDate":"2016-08-08T17:32:17","isFullCredit":false},{"lineNumber":194,"author":{"gitId":"-"},"content":".stack-pane {","lastModifiedDate":"2018-04-01T03:13:00","isFullCredit":false},{"lineNumber":195,"author":{"gitId":"raw-asparagus"},"content":"    -fx-background-color: #2b2b2b;","lastModifiedDate":"2025-04-07T01:07:27","isFullCredit":false},{"lineNumber":196,"author":{"gitId":"-"},"content":"}","lastModifiedDate":"2016-08-08T17:32:17","isFullCredit":false},{"lineNumber":197,"author":{"gitId":"-"},"content":"","lastModifiedDate":"2016-08-08T17:32:17","isFullCredit":false},{"lineNumber":198,"author":{"gitId":"-"},"content":".pane-with-border {","lastModifiedDate":"2017-05-15T12:33:54","isFullCredit":false},{"lineNumber":199,"author":{"gitId":"raw-asparagus"},"content":"    -fx-background-color: #2b2b2b;","lastModifiedDate":"2025-04-07T01:07:27","isFullCredit":false},{"lineNumber":200,"author":{"gitId":"-"},"content":"}","lastModifiedDate":"2017-05-09T09:46:56","isFullCredit":false},{"lineNumber":201,"author":{"gitId":"-"},"content":"","lastModifiedDate":"2017-05-09T09:46:56","isFullCredit":false},{"lineNumber":202,"author":{"gitId":"-"},"content":".result-display {","lastModifiedDate":"2016-09-14T22:14:25","isFullCredit":false},{"lineNumber":203,"author":{"gitId":"raw-asparagus"},"content":"    -fx-background-color: #2b2b2b;","lastModifiedDate":"2025-04-07T01:07:27","isFullCredit":false},{"lineNumber":204,"author":{"gitId":"raw-asparagus"},"content":"    -fx-font-family: \"Courier New\";","lastModifiedDate":"2025-04-07T01:07:27","isFullCredit":false},{"lineNumber":205,"author":{"gitId":"-"},"content":"    -fx-font-size: 13pt;","lastModifiedDate":"2017-03-02T13:32:55","isFullCredit":false},{"lineNumber":206,"author":{"gitId":"raw-asparagus"},"content":"    -fx-text-fill: #e0e0e0;","lastModifiedDate":"2025-04-07T01:07:27","isFullCredit":false},{"lineNumber":207,"author":{"gitId":"raw-asparagus"},"content":"    -fx-border-color: #4d4d4d;","lastModifiedDate":"2025-04-07T01:07:27","isFullCredit":false},{"lineNumber":208,"author":{"gitId":"raw-asparagus"},"content":"    -fx-border-width: 1px;","lastModifiedDate":"2025-04-07T01:07:27","isFullCredit":false},{"lineNumber":209,"author":{"gitId":"raw-asparagus"},"content":"    -fx-border-radius: 4px;","lastModifiedDate":"2025-04-07T01:07:27","isFullCredit":false},{"lineNumber":210,"author":{"gitId":"raw-asparagus"},"content":"    -fx-background-radius: 4px;","lastModifiedDate":"2025-04-07T01:07:27","isFullCredit":false},{"lineNumber":211,"author":{"gitId":"raw-asparagus"},"content":"    -fx-effect: dropshadow(three-pass-box, rgba(0,0,0,0.6), 5, 0, 0, 1);","lastModifiedDate":"2025-04-07T01:07:27","isFullCredit":false},{"lineNumber":212,"author":{"gitId":"-"},"content":"}","lastModifiedDate":"2016-09-14T22:14:25","isFullCredit":false},{"lineNumber":213,"author":{"gitId":"-"},"content":"","lastModifiedDate":"2016-09-14T22:14:25","isFullCredit":false},{"lineNumber":214,"author":{"gitId":"-"},"content":".result-display .label {","lastModifiedDate":"2016-09-14T22:14:25","isFullCredit":false},{"lineNumber":215,"author":{"gitId":"raw-asparagus"},"content":"    -fx-text-fill: #e0e0e0 !important;","lastModifiedDate":"2025-04-07T01:07:27","isFullCredit":false},{"lineNumber":216,"author":{"gitId":"-"},"content":"}","lastModifiedDate":"2016-08-08T17:32:17","isFullCredit":false},{"lineNumber":217,"author":{"gitId":"-"},"content":"","lastModifiedDate":"2016-08-08T17:32:17","isFullCredit":false},{"lineNumber":218,"author":{"gitId":"raw-asparagus"},"content":".result-display:disabled {","lastModifiedDate":"2025-04-07T01:07:27","isFullCredit":false},{"lineNumber":219,"author":{"gitId":"raw-asparagus"},"content":"    -fx-background-color: #2b2b2b;","lastModifiedDate":"2025-04-07T01:07:27","isFullCredit":false},{"lineNumber":220,"author":{"gitId":"raw-asparagus"},"content":"    -fx-opacity: 1.0;","lastModifiedDate":"2025-04-07T01:07:27","isFullCredit":false},{"lineNumber":221,"author":{"gitId":"raw-asparagus"},"content":"    -fx-text-fill: #e0e0e0;","lastModifiedDate":"2025-04-07T01:07:27","isFullCredit":false},{"lineNumber":222,"author":{"gitId":"raw-asparagus"},"content":"    -fx-border-radius: 0;","lastModifiedDate":"2025-04-07T01:07:27","isFullCredit":false},{"lineNumber":223,"author":{"gitId":"raw-asparagus"},"content":"    -fx-background-radius: 0;","lastModifiedDate":"2025-04-07T01:07:27","isFullCredit":false},{"lineNumber":224,"author":{"gitId":"-"},"content":"}","lastModifiedDate":"2016-08-08T17:32:17","isFullCredit":false},{"lineNumber":225,"author":{"gitId":"-"},"content":"","lastModifiedDate":"2016-08-08T17:32:17","isFullCredit":false},{"lineNumber":226,"author":{"gitId":"raw-asparagus"},"content":".result-display .content {","lastModifiedDate":"2025-04-07T01:07:27","isFullCredit":false},{"lineNumber":227,"author":{"gitId":"raw-asparagus"},"content":"    -fx-background-color: #2b2b2b;","lastModifiedDate":"2025-04-07T01:07:27","isFullCredit":false},{"lineNumber":228,"author":{"gitId":"raw-asparagus"},"content":"    -fx-border-radius: 0;","lastModifiedDate":"2025-04-07T01:07:27","isFullCredit":false},{"lineNumber":229,"author":{"gitId":"raw-asparagus"},"content":"    -fx-background-radius: 0;","lastModifiedDate":"2025-04-07T01:07:27","isFullCredit":false},{"lineNumber":230,"author":{"gitId":"-"},"content":"}","lastModifiedDate":"2016-08-08T17:32:17","isFullCredit":false},{"lineNumber":231,"author":{"gitId":"-"},"content":"","lastModifiedDate":"2016-08-08T17:32:17","isFullCredit":false},{"lineNumber":232,"author":{"gitId":"raw-asparagus"},"content":".grid-pane {","lastModifiedDate":"2025-04-07T01:07:27","isFullCredit":false},{"lineNumber":233,"author":{"gitId":"raw-asparagus"},"content":"    -fx-background-color: #2b2b2b;","lastModifiedDate":"2025-04-07T01:07:27","isFullCredit":false},{"lineNumber":234,"author":{"gitId":"raw-asparagus"},"content":"    -fx-border-color: #3c3c3c;","lastModifiedDate":"2025-04-07T01:07:27","isFullCredit":false},{"lineNumber":235,"author":{"gitId":"raw-asparagus"},"content":"    -fx-border-width: 1px;","lastModifiedDate":"2025-04-07T01:07:27","isFullCredit":false},{"lineNumber":236,"author":{"gitId":"-"},"content":"}","lastModifiedDate":"2016-08-08T17:32:17","isFullCredit":false},{"lineNumber":237,"author":{"gitId":"-"},"content":"","lastModifiedDate":"2016-08-08T17:32:17","isFullCredit":false},{"lineNumber":238,"author":{"gitId":"raw-asparagus"},"content":".grid-pane .stack-pane {","lastModifiedDate":"2025-04-07T01:07:27","isFullCredit":false},{"lineNumber":239,"author":{"gitId":"raw-asparagus"},"content":"    -fx-background-color: #2b2b2b;","lastModifiedDate":"2025-04-07T01:07:27","isFullCredit":false},{"lineNumber":240,"author":{"gitId":"-"},"content":"}","lastModifiedDate":"2016-08-08T17:32:17","isFullCredit":false},{"lineNumber":241,"author":{"gitId":"-"},"content":"","lastModifiedDate":"2016-08-08T17:32:17","isFullCredit":false},{"lineNumber":242,"author":{"gitId":"-"},"content":".button {","lastModifiedDate":"2016-08-08T17:32:17","isFullCredit":false},{"lineNumber":243,"author":{"gitId":"raw-asparagus"},"content":"    -fx-padding: 6 24 6 24;","lastModifiedDate":"2025-04-07T01:07:27","isFullCredit":false},{"lineNumber":244,"author":{"gitId":"raw-asparagus"},"content":"    -fx-border-color: #5a5a5a;","lastModifiedDate":"2025-04-07T01:07:27","isFullCredit":false},{"lineNumber":245,"author":{"gitId":"raw-asparagus"},"content":"    -fx-border-width: 1;","lastModifiedDate":"2025-04-07T01:07:27","isFullCredit":false},{"lineNumber":246,"author":{"gitId":"raw-asparagus"},"content":"    -fx-background-radius: 4px;","lastModifiedDate":"2025-04-07T01:07:27","isFullCredit":false},{"lineNumber":247,"author":{"gitId":"raw-asparagus"},"content":"    -fx-border-radius: 4px;","lastModifiedDate":"2025-04-07T01:07:27","isFullCredit":false},{"lineNumber":248,"author":{"gitId":"raw-asparagus"},"content":"    -fx-background-color: #2b2b2b;","lastModifiedDate":"2025-04-07T01:07:27","isFullCredit":false},{"lineNumber":249,"author":{"gitId":"raw-asparagus"},"content":"    -fx-font-family: \"Trebuchet MS\";","lastModifiedDate":"2025-04-07T01:07:27","isFullCredit":false},{"lineNumber":250,"author":{"gitId":"raw-asparagus"},"content":"    -fx-font-size: 12pt;","lastModifiedDate":"2025-04-07T01:07:27","isFullCredit":false},{"lineNumber":251,"author":{"gitId":"raw-asparagus"},"content":"    -fx-text-fill: #e0e0e0;","lastModifiedDate":"2025-04-07T01:07:27","isFullCredit":false},{"lineNumber":252,"author":{"gitId":"-"},"content":"    -fx-background-insets: 0 0 0 0, 0, 1, 2;","lastModifiedDate":"2016-08-08T17:32:17","isFullCredit":false},{"lineNumber":253,"author":{"gitId":"raw-asparagus"},"content":"    -fx-transition: background-color 0.15s ease-in-out;","lastModifiedDate":"2025-04-07T01:07:27","isFullCredit":false},{"lineNumber":254,"author":{"gitId":"-"},"content":"}","lastModifiedDate":"2016-08-08T17:32:17","isFullCredit":false},{"lineNumber":255,"author":{"gitId":"-"},"content":"","lastModifiedDate":"2016-08-08T17:32:17","isFullCredit":false},{"lineNumber":256,"author":{"gitId":"-"},"content":".button:hover {","lastModifiedDate":"2025-04-03T16:23:41","isFullCredit":false},{"lineNumber":257,"author":{"gitId":"raw-asparagus"},"content":"    -fx-background-color: #424242;","lastModifiedDate":"2025-04-07T01:07:27","isFullCredit":false},{"lineNumber":258,"author":{"gitId":"raw-asparagus"},"content":"    -fx-cursor: hand;","lastModifiedDate":"2025-04-07T01:07:27","isFullCredit":false},{"lineNumber":259,"author":{"gitId":"-"},"content":"}","lastModifiedDate":"2016-08-08T17:32:17","isFullCredit":false},{"lineNumber":260,"author":{"gitId":"-"},"content":"","lastModifiedDate":"2016-08-08T17:32:17","isFullCredit":false},{"lineNumber":261,"author":{"gitId":"raw-asparagus"},"content":".button:pressed {","lastModifiedDate":"2025-04-07T01:07:27","isFullCredit":false},{"lineNumber":262,"author":{"gitId":"raw-asparagus"},"content":"    -fx-background-color: #2a2a2a;","lastModifiedDate":"2025-04-07T01:07:27","isFullCredit":false},{"lineNumber":263,"author":{"gitId":"-"},"content":"}","lastModifiedDate":"2016-08-08T17:32:17","isFullCredit":false},{"lineNumber":264,"author":{"gitId":"-"},"content":"","lastModifiedDate":"2016-08-08T17:32:17","isFullCredit":false},{"lineNumber":265,"author":{"gitId":"raw-asparagus"},"content":".button:default {","lastModifiedDate":"2025-04-07T01:07:27","isFullCredit":false},{"lineNumber":266,"author":{"gitId":"raw-asparagus"},"content":"    -fx-background-color: #4a6baf;","lastModifiedDate":"2025-04-07T01:07:27","isFullCredit":false},{"lineNumber":267,"author":{"gitId":"-"},"content":"    -fx-text-fill: white;","lastModifiedDate":"2016-08-08T17:32:17","isFullCredit":false},{"lineNumber":268,"author":{"gitId":"raw-asparagus"},"content":"    -fx-border-color: #627ebf;","lastModifiedDate":"2025-04-07T01:07:27","isFullCredit":false},{"lineNumber":269,"author":{"gitId":"-"},"content":"}","lastModifiedDate":"2016-08-08T17:32:17","isFullCredit":false},{"lineNumber":270,"author":{"gitId":"-"},"content":"","lastModifiedDate":"2016-08-08T17:32:17","isFullCredit":false},{"lineNumber":271,"author":{"gitId":"raw-asparagus"},"content":".button:default:hover {","lastModifiedDate":"2025-04-07T01:07:27","isFullCredit":false},{"lineNumber":272,"author":{"gitId":"raw-asparagus"},"content":"    -fx-background-color: #5677c0;","lastModifiedDate":"2025-04-07T01:07:27","isFullCredit":false},{"lineNumber":273,"author":{"gitId":"-"},"content":"}","lastModifiedDate":"2017-03-02T13:32:55","isFullCredit":false},{"lineNumber":274,"author":{"gitId":"-"},"content":"","lastModifiedDate":"2017-03-02T13:32:55","isFullCredit":false},{"lineNumber":275,"author":{"gitId":"raw-asparagus"},"content":".button:default:pressed {","lastModifiedDate":"2025-04-07T01:07:27","isFullCredit":false},{"lineNumber":276,"author":{"gitId":"raw-asparagus"},"content":"    -fx-background-color: #3d5b9e;","lastModifiedDate":"2025-04-07T01:07:27","isFullCredit":false},{"lineNumber":277,"author":{"gitId":"-"},"content":"}","lastModifiedDate":"2016-08-15T21:08:56","isFullCredit":false},{"lineNumber":278,"author":{"gitId":"-"},"content":"","lastModifiedDate":"2016-08-15T21:08:56","isFullCredit":false},{"lineNumber":279,"author":{"gitId":"raw-asparagus"},"content":".active-button {","lastModifiedDate":"2025-04-07T01:07:27","isFullCredit":false},{"lineNumber":280,"author":{"gitId":"raw-asparagus"},"content":"    -fx-background-color: #5a89b5;","lastModifiedDate":"2025-04-07T01:07:27","isFullCredit":false},{"lineNumber":281,"author":{"gitId":"raw-asparagus"},"content":"    -fx-text-fill: white;","lastModifiedDate":"2025-04-07T01:07:27","isFullCredit":false},{"lineNumber":282,"author":{"gitId":"raw-asparagus"},"content":"    -fx-font-weight: bold;","lastModifiedDate":"2025-04-07T01:07:27","isFullCredit":false},{"lineNumber":283,"author":{"gitId":"-"},"content":"}","lastModifiedDate":"2016-08-18T01:07:59","isFullCredit":false},{"lineNumber":284,"author":{"gitId":"-"},"content":"","lastModifiedDate":"2016-08-18T01:07:59","isFullCredit":false},{"lineNumber":285,"author":{"gitId":"raw-asparagus"},"content":"#tags {","lastModifiedDate":"2025-04-07T01:07:27","isFullCredit":false},{"lineNumber":286,"author":{"gitId":"raw-asparagus"},"content":"    -fx-hgap: 5px;","lastModifiedDate":"2025-04-07T01:07:27","isFullCredit":false},{"lineNumber":287,"author":{"gitId":"raw-asparagus"},"content":"    -fx-vgap: 3px;","lastModifiedDate":"2025-04-07T01:07:27","isFullCredit":false},{"lineNumber":288,"author":{"gitId":"raw-asparagus"},"content":"    -fx-padding: 2px;","lastModifiedDate":"2025-04-07T01:07:27","isFullCredit":false},{"lineNumber":289,"author":{"gitId":"-"},"content":"}","lastModifiedDate":"2016-08-15T23:45:39","isFullCredit":false},{"lineNumber":290,"author":{"gitId":"-"},"content":"","lastModifiedDate":"2016-08-15T23:45:39","isFullCredit":false},{"lineNumber":291,"author":{"gitId":"raw-asparagus"},"content":"#tags .label {","lastModifiedDate":"2025-04-07T01:07:27","isFullCredit":false},{"lineNumber":292,"author":{"gitId":"raw-asparagus"},"content":"    -fx-background-color: #1f77b4;","lastModifiedDate":"2025-04-07T01:07:27","isFullCredit":false},{"lineNumber":293,"author":{"gitId":"raw-asparagus"},"content":"    -fx-text-fill: white;","lastModifiedDate":"2025-04-07T01:07:27","isFullCredit":false},{"lineNumber":294,"author":{"gitId":"raw-asparagus"},"content":"    -fx-padding: 4 8 4 8;","lastModifiedDate":"2025-04-07T01:07:27","isFullCredit":false},{"lineNumber":295,"author":{"gitId":"raw-asparagus"},"content":"    -fx-background-radius: 12px;","lastModifiedDate":"2025-04-07T01:07:27","isFullCredit":false},{"lineNumber":296,"author":{"gitId":"raw-asparagus"},"content":"    -fx-font-size: 11px;","lastModifiedDate":"2025-04-07T01:07:27","isFullCredit":false},{"lineNumber":297,"author":{"gitId":"raw-asparagus"},"content":"    -fx-font-family: \"Trebuchet MS\";","lastModifiedDate":"2025-04-07T01:07:27","isFullCredit":false},{"lineNumber":298,"author":{"gitId":"raw-asparagus"},"content":"    -fx-margin: 2 4 2 4;","lastModifiedDate":"2025-04-07T01:07:27","isFullCredit":false},{"lineNumber":299,"author":{"gitId":"-"},"content":"}","lastModifiedDate":"2016-08-18T01:07:59","isFullCredit":false},{"lineNumber":300,"author":{"gitId":"-"},"content":"","lastModifiedDate":"2016-08-18T01:07:59","isFullCredit":false},{"lineNumber":301,"author":{"gitId":"raw-asparagus"},"content":".tags-container {","lastModifiedDate":"2025-04-07T01:07:27","isFullCredit":false},{"lineNumber":302,"author":{"gitId":"raw-asparagus"},"content":"    -fx-hgap: 5px;","lastModifiedDate":"2025-04-07T01:07:27","isFullCredit":false},{"lineNumber":303,"author":{"gitId":"raw-asparagus"},"content":"    -fx-vgap: 3px;","lastModifiedDate":"2025-04-07T01:07:27","isFullCredit":false},{"lineNumber":304,"author":{"gitId":"raw-asparagus"},"content":"    -fx-padding: 2px;","lastModifiedDate":"2025-04-07T01:07:27","isFullCredit":false},{"lineNumber":305,"author":{"gitId":"-"},"content":"}","lastModifiedDate":"2016-08-08T17:32:17","isFullCredit":false},{"lineNumber":306,"author":{"gitId":"-"},"content":"","lastModifiedDate":"2016-08-08T17:32:17","isFullCredit":false},{"lineNumber":307,"author":{"gitId":"raw-asparagus"},"content":"#contacts {","lastModifiedDate":"2025-04-07T01:07:27","isFullCredit":false},{"lineNumber":308,"author":{"gitId":"raw-asparagus"},"content":"    -fx-hgap: 5px;","lastModifiedDate":"2025-04-07T01:07:27","isFullCredit":false},{"lineNumber":309,"author":{"gitId":"raw-asparagus"},"content":"    -fx-vgap: 3px;","lastModifiedDate":"2025-04-07T01:07:27","isFullCredit":false},{"lineNumber":310,"author":{"gitId":"raw-asparagus"},"content":"    -fx-padding: 2px;","lastModifiedDate":"2025-04-07T01:07:27","isFullCredit":false},{"lineNumber":311,"author":{"gitId":"-"},"content":"}","lastModifiedDate":"2016-08-08T17:32:17","isFullCredit":false},{"lineNumber":312,"author":{"gitId":"-"},"content":"","lastModifiedDate":"2016-08-08T17:32:17","isFullCredit":false},{"lineNumber":313,"author":{"gitId":"raw-asparagus"},"content":"#contacts .label {","lastModifiedDate":"2025-04-07T01:07:27","isFullCredit":false},{"lineNumber":314,"author":{"gitId":"raw-asparagus"},"content":"    -fx-background-color: #ff7f0e;","lastModifiedDate":"2025-04-07T01:07:27","isFullCredit":false},{"lineNumber":315,"author":{"gitId":"-"},"content":"    -fx-text-fill: white;","lastModifiedDate":"2017-03-02T13:32:55","isFullCredit":false},{"lineNumber":316,"author":{"gitId":"raw-asparagus"},"content":"    -fx-padding: 4 8 4 8;","lastModifiedDate":"2025-04-07T01:07:27","isFullCredit":false},{"lineNumber":317,"author":{"gitId":"raw-asparagus"},"content":"    -fx-background-radius: 12px;","lastModifiedDate":"2025-04-07T01:07:27","isFullCredit":false},{"lineNumber":318,"author":{"gitId":"raw-asparagus"},"content":"    -fx-font-size: 11px;","lastModifiedDate":"2025-04-07T01:07:27","isFullCredit":false},{"lineNumber":319,"author":{"gitId":"raw-asparagus"},"content":"    -fx-font-family: \"Trebuchet MS\";","lastModifiedDate":"2025-04-07T01:07:27","isFullCredit":false},{"lineNumber":320,"author":{"gitId":"raw-asparagus"},"content":"    -fx-margin: 2 4 2 4;","lastModifiedDate":"2025-04-07T01:07:27","isFullCredit":false},{"lineNumber":321,"author":{"gitId":"-"},"content":"}","lastModifiedDate":"2017-03-02T13:32:55","isFullCredit":false},{"lineNumber":322,"author":{"gitId":"-"},"content":"","lastModifiedDate":"2017-03-02T13:32:55","isFullCredit":false},{"lineNumber":323,"author":{"gitId":"raw-asparagus"},"content":".contacts-container {","lastModifiedDate":"2025-04-07T01:07:27","isFullCredit":false},{"lineNumber":324,"author":{"gitId":"raw-asparagus"},"content":"    -fx-hgap: 5px;","lastModifiedDate":"2025-04-07T01:07:27","isFullCredit":false},{"lineNumber":325,"author":{"gitId":"raw-asparagus"},"content":"    -fx-vgap: 3px;","lastModifiedDate":"2025-04-07T01:07:27","isFullCredit":false},{"lineNumber":326,"author":{"gitId":"raw-asparagus"},"content":"    -fx-padding: 2px;","lastModifiedDate":"2025-04-07T01:07:27","isFullCredit":false},{"lineNumber":327,"author":{"gitId":"-"},"content":"}","lastModifiedDate":"2017-03-02T13:32:55","isFullCredit":false},{"lineNumber":328,"author":{"gitId":"-"},"content":"","lastModifiedDate":"2017-03-02T13:32:55","isFullCredit":false},{"lineNumber":329,"author":{"gitId":"raw-asparagus"},"content":".icon {","lastModifiedDate":"2025-04-07T01:07:27","isFullCredit":false},{"lineNumber":330,"author":{"gitId":"raw-asparagus"},"content":"    -fx-opacity: 0.85;","lastModifiedDate":"2025-04-07T01:07:27","isFullCredit":false},{"lineNumber":331,"author":{"gitId":"-"},"content":"}","lastModifiedDate":"2016-12-18T16:29:19","isFullCredit":false},{"lineNumber":332,"author":{"gitId":"-"},"content":"","lastModifiedDate":"2016-12-18T16:29:19","isFullCredit":false},{"lineNumber":333,"author":{"gitId":"raw-asparagus"},"content":".icon:hover {","lastModifiedDate":"2025-04-07T01:07:27","isFullCredit":false},{"lineNumber":334,"author":{"gitId":"raw-asparagus"},"content":"    -fx-opacity: 1.0;","lastModifiedDate":"2025-04-07T01:07:27","isFullCredit":false},{"lineNumber":335,"author":{"gitId":"-"},"content":"}","lastModifiedDate":"2016-12-18T16:29:19","isFullCredit":false},{"lineNumber":336,"author":{"gitId":"-"},"content":"","lastModifiedDate":"2025-03-27T20:26:46","isFullCredit":false},{"lineNumber":337,"author":{"gitId":"raw-asparagus"},"content":".scroll-bar {","lastModifiedDate":"2025-04-07T01:07:27","isFullCredit":false},{"lineNumber":338,"author":{"gitId":"raw-asparagus"},"content":"    -fx-background-color: derive(#1d1d1d, 20%);","lastModifiedDate":"2025-04-07T01:07:27","isFullCredit":false},{"lineNumber":339,"author":{"gitId":"-"},"content":"}","lastModifiedDate":"2025-04-02T21:10:52","isFullCredit":false},{"lineNumber":340,"author":{"gitId":"-"},"content":"","lastModifiedDate":"2025-04-02T21:10:52","isFullCredit":false},{"lineNumber":341,"author":{"gitId":"raw-asparagus"},"content":".scroll-bar .thumb {","lastModifiedDate":"2025-04-07T01:07:27","isFullCredit":false},{"lineNumber":342,"author":{"gitId":"raw-asparagus"},"content":"    -fx-background-color: derive(#1d1d1d, 50%);","lastModifiedDate":"2025-04-07T01:07:27","isFullCredit":false},{"lineNumber":343,"author":{"gitId":"raw-asparagus"},"content":"    -fx-background-insets: 3;","lastModifiedDate":"2025-04-07T01:07:27","isFullCredit":false},{"lineNumber":344,"author":{"gitId":"-"},"content":"}","lastModifiedDate":"2025-04-02T21:10:52","isFullCredit":false},{"lineNumber":345,"author":{"gitId":"-"},"content":"","lastModifiedDate":"2025-04-02T21:10:52","isFullCredit":false},{"lineNumber":346,"author":{"gitId":"raw-asparagus"},"content":".scroll-bar .increment-button, .scroll-bar .decrement-button {","lastModifiedDate":"2025-04-07T01:07:27","isFullCredit":false},{"lineNumber":347,"author":{"gitId":"raw-asparagus"},"content":"    -fx-background-color: transparent;","lastModifiedDate":"2025-04-07T01:07:27","isFullCredit":false},{"lineNumber":348,"author":{"gitId":"raw-asparagus"},"content":"    -fx-padding: 0 0 0 0;","lastModifiedDate":"2025-04-07T01:07:27","isFullCredit":false},{"lineNumber":349,"author":{"gitId":"-"},"content":"}","lastModifiedDate":"2025-03-27T20:26:46","isFullCredit":false},{"lineNumber":350,"author":{"gitId":"-"},"content":"","lastModifiedDate":"2025-03-27T20:26:46","isFullCredit":false},{"lineNumber":351,"author":{"gitId":"raw-asparagus"},"content":".scroll-bar .increment-arrow, .scroll-bar .decrement-arrow {","lastModifiedDate":"2025-04-07T01:07:27","isFullCredit":false},{"lineNumber":352,"author":{"gitId":"raw-asparagus"},"content":"    -fx-shape: \" \";","lastModifiedDate":"2025-04-07T01:07:27","isFullCredit":false},{"lineNumber":353,"author":{"gitId":"-"},"content":"}","lastModifiedDate":"2025-03-27T20:26:46","isFullCredit":false},{"lineNumber":354,"author":{"gitId":"-"},"content":"","lastModifiedDate":"2025-03-27T20:26:46","isFullCredit":false},{"lineNumber":355,"author":{"gitId":"raw-asparagus"},"content":".scroll-bar:vertical .increment-arrow, .scroll-bar:vertical .decrement-arrow {","lastModifiedDate":"2025-04-07T01:07:27","isFullCredit":false},{"lineNumber":356,"author":{"gitId":"raw-asparagus"},"content":"    -fx-padding: 1 8 1 8;","lastModifiedDate":"2025-04-07T01:07:27","isFullCredit":false},{"lineNumber":357,"author":{"gitId":"-"},"content":"}","lastModifiedDate":"2025-03-27T20:26:46","isFullCredit":false},{"lineNumber":358,"author":{"gitId":"-"},"content":"","lastModifiedDate":"2025-03-27T20:26:46","isFullCredit":false},{"lineNumber":359,"author":{"gitId":"raw-asparagus"},"content":".scroll-bar:horizontal .increment-arrow, .scroll-bar:horizontal .decrement-arrow {","lastModifiedDate":"2025-04-07T01:07:27","isFullCredit":false},{"lineNumber":360,"author":{"gitId":"raw-asparagus"},"content":"    -fx-padding: 8 1 8 1;","lastModifiedDate":"2025-04-07T01:07:27","isFullCredit":false},{"lineNumber":361,"author":{"gitId":"-"},"content":"}","lastModifiedDate":"2025-03-27T20:26:46","isFullCredit":false}],"authorContributionMap":{"raw-asparagus":198,"-":163}},{"path":"src/main/resources/view/EventListCard.fxml","fileType":"functional-code","lines":[{"lineNumber":1,"author":{"gitId":"-"},"content":"\u003c?xml version\u003d\"1.0\" encoding\u003d\"UTF-8\"?\u003e","lastModifiedDate":"2025-03-14T01:20:50","isFullCredit":false},{"lineNumber":2,"author":{"gitId":"-"},"content":"","lastModifiedDate":"2025-03-14T01:20:50","isFullCredit":false},{"lineNumber":3,"author":{"gitId":"-"},"content":"\u003c?import javafx.geometry.Insets?\u003e","lastModifiedDate":"2025-03-14T01:20:50","isFullCredit":false},{"lineNumber":4,"author":{"gitId":"-"},"content":"\u003c?import javafx.scene.control.Label?\u003e","lastModifiedDate":"2025-03-14T01:20:50","isFullCredit":false},{"lineNumber":5,"author":{"gitId":"raw-asparagus"},"content":"\u003c?import javafx.scene.image.ImageView?\u003e","lastModifiedDate":"2025-04-07T01:07:27","isFullCredit":false},{"lineNumber":6,"author":{"gitId":"-"},"content":"\u003c?import javafx.scene.layout.ColumnConstraints?\u003e","lastModifiedDate":"2025-03-14T01:20:50","isFullCredit":false},{"lineNumber":7,"author":{"gitId":"-"},"content":"\u003c?import javafx.scene.layout.FlowPane?\u003e","lastModifiedDate":"2025-03-14T01:20:50","isFullCredit":false},{"lineNumber":8,"author":{"gitId":"-"},"content":"\u003c?import javafx.scene.layout.GridPane?\u003e","lastModifiedDate":"2025-03-14T01:20:50","isFullCredit":false},{"lineNumber":9,"author":{"gitId":"-"},"content":"\u003c?import javafx.scene.layout.HBox?\u003e","lastModifiedDate":"2025-03-14T01:20:50","isFullCredit":false},{"lineNumber":10,"author":{"gitId":"-"},"content":"\u003c?import javafx.scene.layout.Region?\u003e","lastModifiedDate":"2025-03-14T01:20:50","isFullCredit":false},{"lineNumber":11,"author":{"gitId":"-"},"content":"\u003c?import javafx.scene.layout.VBox?\u003e","lastModifiedDate":"2025-03-14T01:20:50","isFullCredit":false},{"lineNumber":12,"author":{"gitId":"-"},"content":"\u003cHBox id\u003d\"cardPane\" fx:id\u003d\"cardPane\" xmlns\u003d\"http://javafx.com/javafx/17\" xmlns:fx\u003d\"http://javafx.com/fxml/1\"\u003e","lastModifiedDate":"2025-03-14T01:20:50","isFullCredit":false},{"lineNumber":13,"author":{"gitId":"-"},"content":"  \u003cGridPane HBox.hgrow\u003d\"ALWAYS\"\u003e","lastModifiedDate":"2025-03-14T01:20:50","isFullCredit":false},{"lineNumber":14,"author":{"gitId":"-"},"content":"    \u003ccolumnConstraints\u003e","lastModifiedDate":"2025-03-14T01:20:50","isFullCredit":false},{"lineNumber":15,"author":{"gitId":"-"},"content":"      \u003cColumnConstraints hgrow\u003d\"SOMETIMES\" minWidth\u003d\"10\" prefWidth\u003d\"150\" /\u003e","lastModifiedDate":"2025-03-14T01:20:50","isFullCredit":false},{"lineNumber":16,"author":{"gitId":"-"},"content":"    \u003c/columnConstraints\u003e","lastModifiedDate":"2025-03-14T01:20:50","isFullCredit":false},{"lineNumber":17,"author":{"gitId":"raw-asparagus"},"content":"    \u003cVBox alignment\u003d\"CENTER_LEFT\" minHeight\u003d\"70\" GridPane.columnIndex\u003d\"0\" GridPane.vgrow\u003d\"ALWAYS\"\u003e","lastModifiedDate":"2025-04-07T01:07:27","isFullCredit":false},{"lineNumber":18,"author":{"gitId":"-"},"content":"      \u003cpadding\u003e","lastModifiedDate":"2025-03-14T01:20:50","isFullCredit":false},{"lineNumber":19,"author":{"gitId":"raw-asparagus"},"content":"        \u003cInsets top\u003d\"12\" right\u003d\"12\" bottom\u003d\"12\" left\u003d\"16\" /\u003e","lastModifiedDate":"2025-04-07T01:07:27","isFullCredit":false},{"lineNumber":20,"author":{"gitId":"-"},"content":"      \u003c/padding\u003e","lastModifiedDate":"2025-03-14T01:20:50","isFullCredit":false},{"lineNumber":21,"author":{"gitId":"raw-asparagus"},"content":"      \u003cHBox spacing\u003d\"4\" alignment\u003d\"CENTER_LEFT\"\u003e","lastModifiedDate":"2025-04-07T01:07:27","isFullCredit":false},{"lineNumber":22,"author":{"gitId":"-"},"content":"        \u003cLabel fx:id\u003d\"id\" styleClass\u003d\"cell_big_label\"\u003e","lastModifiedDate":"2025-03-14T01:20:50","isFullCredit":false},{"lineNumber":23,"author":{"gitId":"-"},"content":"          \u003cminWidth\u003e","lastModifiedDate":"2025-03-14T01:20:50","isFullCredit":false},{"lineNumber":24,"author":{"gitId":"-"},"content":"            \u003cRegion fx:constant\u003d\"USE_PREF_SIZE\" /\u003e","lastModifiedDate":"2025-03-14T01:20:50","isFullCredit":false},{"lineNumber":25,"author":{"gitId":"-"},"content":"          \u003c/minWidth\u003e","lastModifiedDate":"2025-03-14T01:20:50","isFullCredit":false},{"lineNumber":26,"author":{"gitId":"-"},"content":"        \u003c/Label\u003e","lastModifiedDate":"2025-03-14T01:20:50","isFullCredit":false},{"lineNumber":27,"author":{"gitId":"-"},"content":"        \u003cLabel fx:id\u003d\"name\" text\u003d\"\\$first\" styleClass\u003d\"cell_big_label\" wrapText\u003d\"true\" maxWidth\u003d\"450\" /\u003e","lastModifiedDate":"2025-04-03T18:39:34","isFullCredit":false},{"lineNumber":28,"author":{"gitId":"-"},"content":"      \u003c/HBox\u003e","lastModifiedDate":"2025-03-14T01:20:50","isFullCredit":false},{"lineNumber":29,"author":{"gitId":"raw-asparagus"},"content":"      \u003cFlowPane fx:id\u003d\"tags\" styleClass\u003d\"tags-container\" prefWrapLength\u003d\"450\"\u003e","lastModifiedDate":"2025-04-07T01:07:27","isFullCredit":false},{"lineNumber":30,"author":{"gitId":"raw-asparagus"},"content":"        \u003cpadding\u003e","lastModifiedDate":"2025-04-07T01:07:27","isFullCredit":false},{"lineNumber":31,"author":{"gitId":"raw-asparagus"},"content":"          \u003cInsets top\u003d\"5\" bottom\u003d\"5\" /\u003e","lastModifiedDate":"2025-04-07T01:07:27","isFullCredit":false},{"lineNumber":32,"author":{"gitId":"raw-asparagus"},"content":"        \u003c/padding\u003e","lastModifiedDate":"2025-04-07T01:07:27","isFullCredit":false},{"lineNumber":33,"author":{"gitId":"raw-asparagus"},"content":"      \u003c/FlowPane\u003e","lastModifiedDate":"2025-04-07T01:07:27","isFullCredit":false},{"lineNumber":34,"author":{"gitId":"raw-asparagus"},"content":"      \u003cHBox spacing\u003d\"8\" alignment\u003d\"CENTER_LEFT\"\u003e","lastModifiedDate":"2025-04-07T01:07:27","isFullCredit":false},{"lineNumber":35,"author":{"gitId":"raw-asparagus"},"content":"        \u003cImageView fitHeight\u003d\"16\" fitWidth\u003d\"16\" preserveRatio\u003d\"true\" styleClass\u003d\"icon\" /\u003e","lastModifiedDate":"2025-04-07T01:07:27","isFullCredit":false},{"lineNumber":36,"author":{"gitId":"-"},"content":"        \u003cLabel fx:id\u003d\"startTime\" styleClass\u003d\"cell_small_label\" text\u003d\"\\$startTime\" wrapText\u003d\"true\" maxWidth\u003d\"450\" /\u003e","lastModifiedDate":"2025-04-03T18:39:34","isFullCredit":false},{"lineNumber":37,"author":{"gitId":"raw-asparagus"},"content":"      \u003c/HBox\u003e","lastModifiedDate":"2025-04-07T01:07:27","isFullCredit":false},{"lineNumber":38,"author":{"gitId":"raw-asparagus"},"content":"      \u003cHBox spacing\u003d\"8\" alignment\u003d\"CENTER_LEFT\"\u003e","lastModifiedDate":"2025-04-07T01:07:27","isFullCredit":false},{"lineNumber":39,"author":{"gitId":"raw-asparagus"},"content":"        \u003cImageView fitHeight\u003d\"16\" fitWidth\u003d\"16\" preserveRatio\u003d\"true\" styleClass\u003d\"icon\" /\u003e","lastModifiedDate":"2025-04-07T01:07:27","isFullCredit":false},{"lineNumber":40,"author":{"gitId":"-"},"content":"        \u003cLabel fx:id\u003d\"endTime\" styleClass\u003d\"cell_small_label\" text\u003d\"\\$endTime\" wrapText\u003d\"true\" maxWidth\u003d\"450\" /\u003e","lastModifiedDate":"2025-04-03T18:39:34","isFullCredit":false},{"lineNumber":41,"author":{"gitId":"raw-asparagus"},"content":"      \u003c/HBox\u003e","lastModifiedDate":"2025-04-07T01:07:27","isFullCredit":false},{"lineNumber":42,"author":{"gitId":"raw-asparagus"},"content":"      \u003cHBox spacing\u003d\"8\" alignment\u003d\"CENTER_LEFT\"\u003e","lastModifiedDate":"2025-04-07T01:07:27","isFullCredit":false},{"lineNumber":43,"author":{"gitId":"raw-asparagus"},"content":"        \u003cImageView fitHeight\u003d\"16\" fitWidth\u003d\"16\" preserveRatio\u003d\"true\" styleClass\u003d\"icon\" /\u003e","lastModifiedDate":"2025-04-07T01:07:27","isFullCredit":false},{"lineNumber":44,"author":{"gitId":"-"},"content":"        \u003cLabel fx:id\u003d\"eventLocation\" styleClass\u003d\"cell_small_label\" text\u003d\"\\$eventLocation\" wrapText\u003d\"true\" maxWidth\u003d\"450\" /\u003e","lastModifiedDate":"2025-04-03T18:39:34","isFullCredit":false},{"lineNumber":45,"author":{"gitId":"raw-asparagus"},"content":"      \u003c/HBox\u003e","lastModifiedDate":"2025-04-07T01:07:27","isFullCredit":false},{"lineNumber":46,"author":{"gitId":"-"},"content":"    \u003c/VBox\u003e","lastModifiedDate":"2025-03-14T01:20:50","isFullCredit":false},{"lineNumber":47,"author":{"gitId":"-"},"content":"  \u003c/GridPane\u003e","lastModifiedDate":"2025-03-14T01:20:50","isFullCredit":false},{"lineNumber":48,"author":{"gitId":"-"},"content":"\u003c/HBox\u003e","lastModifiedDate":"2025-03-14T01:20:50","isFullCredit":false}],"authorContributionMap":{"raw-asparagus":18,"-":30}},{"path":"src/main/resources/view/Extensions.css","fileType":"functional-code","lines":[{"lineNumber":1,"author":{"gitId":"-"},"content":"","lastModifiedDate":"2016-08-08T17:32:17","isFullCredit":false},{"lineNumber":2,"author":{"gitId":"-"},"content":".error {","lastModifiedDate":"2016-08-08T17:32:17","isFullCredit":false},{"lineNumber":3,"author":{"gitId":"-"},"content":"    -fx-text-fill: #d06651 !important; /* The error class should always override the default text-fill style */","lastModifiedDate":"2017-03-02T13:32:55","isFullCredit":false},{"lineNumber":4,"author":{"gitId":"-"},"content":"}","lastModifiedDate":"2016-08-08T17:32:17","isFullCredit":false},{"lineNumber":5,"author":{"gitId":"-"},"content":"","lastModifiedDate":"2016-08-08T17:32:17","isFullCredit":false},{"lineNumber":6,"author":{"gitId":"-"},"content":".list-cell:empty {","lastModifiedDate":"2017-02-23T16:06:29","isFullCredit":false},{"lineNumber":7,"author":{"gitId":"-"},"content":"    /* Empty cells will not have alternating colours */","lastModifiedDate":"2017-02-23T16:06:29","isFullCredit":false},{"lineNumber":8,"author":{"gitId":"raw-asparagus"},"content":"    -fx-background: #2b2b2b;","lastModifiedDate":"2025-04-07T01:07:27","isFullCredit":false},{"lineNumber":9,"author":{"gitId":"-"},"content":"}","lastModifiedDate":"2017-02-23T16:06:29","isFullCredit":false},{"lineNumber":10,"author":{"gitId":"-"},"content":"","lastModifiedDate":"2016-08-08T17:32:17","isFullCredit":false},{"lineNumber":11,"author":{"gitId":"-"},"content":".tag-selector {","lastModifiedDate":"2016-08-08T17:32:17","isFullCredit":false},{"lineNumber":12,"author":{"gitId":"-"},"content":"    -fx-border-width: 1;","lastModifiedDate":"2016-08-08T17:32:17","isFullCredit":false},{"lineNumber":13,"author":{"gitId":"-"},"content":"    -fx-border-color: white;","lastModifiedDate":"2016-08-08T17:32:17","isFullCredit":false},{"lineNumber":14,"author":{"gitId":"-"},"content":"    -fx-border-radius: 3;","lastModifiedDate":"2016-08-08T17:32:17","isFullCredit":false},{"lineNumber":15,"author":{"gitId":"-"},"content":"    -fx-background-radius: 3;","lastModifiedDate":"2016-08-08T17:32:17","isFullCredit":false},{"lineNumber":16,"author":{"gitId":"-"},"content":"}","lastModifiedDate":"2016-08-08T17:32:17","isFullCredit":false},{"lineNumber":17,"author":{"gitId":"-"},"content":"","lastModifiedDate":"2016-08-08T17:32:17","isFullCredit":false},{"lineNumber":18,"author":{"gitId":"-"},"content":".tooltip-text {","lastModifiedDate":"2016-08-08T17:32:17","isFullCredit":false},{"lineNumber":19,"author":{"gitId":"-"},"content":"    -fx-text-fill: white;","lastModifiedDate":"2016-08-08T17:32:17","isFullCredit":false},{"lineNumber":20,"author":{"gitId":"-"},"content":"}","lastModifiedDate":"2016-08-08T17:32:17","isFullCredit":false}],"authorContributionMap":{"raw-asparagus":1,"-":19}},{"path":"src/main/resources/view/MainWindow.fxml","fileType":"functional-code","lines":[{"lineNumber":1,"author":{"gitId":"-"},"content":"\u003c?xml version\u003d\"1.0\" encoding\u003d\"UTF-8\"?\u003e","lastModifiedDate":"2016-08-08T17:32:17","isFullCredit":false},{"lineNumber":2,"author":{"gitId":"-"},"content":"","lastModifiedDate":"2016-08-08T17:32:17","isFullCredit":false},{"lineNumber":3,"author":{"gitId":"-"},"content":"\u003c?import java.net.URL?\u003e","lastModifiedDate":"2016-08-26T23:48:23","isFullCredit":false},{"lineNumber":4,"author":{"gitId":"-"},"content":"\u003c?import javafx.geometry.Insets?\u003e","lastModifiedDate":"2017-03-25T11:15:26","isFullCredit":false},{"lineNumber":5,"author":{"gitId":"-"},"content":"\u003c?import javafx.scene.control.Button?\u003e","lastModifiedDate":"2025-03-31T10:02:37","isFullCredit":false},{"lineNumber":6,"author":{"gitId":"-"},"content":"\u003c?import javafx.scene.image.Image?\u003e","lastModifiedDate":"2017-11-29T19:46:02","isFullCredit":false},{"lineNumber":7,"author":{"gitId":"-"},"content":"\u003c?import javafx.scene.image.ImageView?\u003e","lastModifiedDate":"2025-03-31T10:02:37","isFullCredit":false},{"lineNumber":8,"author":{"gitId":"-"},"content":"\u003c?import javafx.scene.layout.HBox?\u003e","lastModifiedDate":"2025-03-31T10:02:37","isFullCredit":false},{"lineNumber":9,"author":{"gitId":"-"},"content":"\u003c?import javafx.scene.layout.StackPane?\u003e","lastModifiedDate":"2017-05-09T09:30:40","isFullCredit":false},{"lineNumber":10,"author":{"gitId":"-"},"content":"\u003c?import javafx.scene.layout.VBox?\u003e","lastModifiedDate":"2017-03-25T11:15:26","isFullCredit":false},{"lineNumber":11,"author":{"gitId":"-"},"content":"\u003c?import javafx.scene.Scene?\u003e","lastModifiedDate":"2025-03-16T10:16:17","isFullCredit":false},{"lineNumber":12,"author":{"gitId":"-"},"content":"\u003c?import javafx.stage.Stage?\u003e","lastModifiedDate":"2025-03-16T10:16:17","isFullCredit":false},{"lineNumber":13,"author":{"gitId":"-"},"content":"\u003cfx:root type\u003d\"javafx.stage.Stage\" xmlns\u003d\"http://javafx.com/javafx/17\" xmlns:fx\u003d\"http://javafx.com/fxml/1\"","lastModifiedDate":"2023-07-27T07:45:49","isFullCredit":false},{"lineNumber":14,"author":{"gitId":"raw-asparagus"},"content":"         title\u003d\"Tutor Connect\" minWidth\u003d\"800\" minHeight\u003d\"600\" onCloseRequest\u003d\"#handleExit\"\u003e","lastModifiedDate":"2025-04-07T01:17:22","isFullCredit":false},{"lineNumber":15,"author":{"gitId":"-"},"content":"  \u003cicons\u003e","lastModifiedDate":"2017-11-29T19:46:02","isFullCredit":false},{"lineNumber":16,"author":{"gitId":"-"},"content":"    \u003cImage url\u003d\"@/images/address_book_32.png\" /\u003e","lastModifiedDate":"2017-11-29T19:46:02","isFullCredit":false},{"lineNumber":17,"author":{"gitId":"-"},"content":"  \u003c/icons\u003e","lastModifiedDate":"2017-11-29T19:46:02","isFullCredit":false},{"lineNumber":18,"author":{"gitId":"-"},"content":"  \u003cscene\u003e","lastModifiedDate":"2017-11-29T19:26:40","isFullCredit":false},{"lineNumber":19,"author":{"gitId":"-"},"content":"    \u003cScene\u003e","lastModifiedDate":"2017-11-29T19:26:40","isFullCredit":false},{"lineNumber":20,"author":{"gitId":"-"},"content":"      \u003cstylesheets\u003e","lastModifiedDate":"2016-08-08T17:32:17","isFullCredit":false},{"lineNumber":21,"author":{"gitId":"-"},"content":"        \u003cURL value\u003d\"@DarkTheme.css\" /\u003e","lastModifiedDate":"2016-08-20T13:36:48","isFullCredit":false},{"lineNumber":22,"author":{"gitId":"-"},"content":"        \u003cURL value\u003d\"@Extensions.css\" /\u003e","lastModifiedDate":"2016-08-08T17:32:17","isFullCredit":false},{"lineNumber":23,"author":{"gitId":"-"},"content":"      \u003c/stylesheets\u003e","lastModifiedDate":"2016-08-08T17:32:17","isFullCredit":false},{"lineNumber":24,"author":{"gitId":"-"},"content":"","lastModifiedDate":"2017-03-25T11:52:12","isFullCredit":false},{"lineNumber":25,"author":{"gitId":"-"},"content":"      \u003cVBox\u003e","lastModifiedDate":"2017-11-29T19:26:40","isFullCredit":false},{"lineNumber":26,"author":{"gitId":"-"},"content":"","lastModifiedDate":"2017-03-25T11:52:12","isFullCredit":false},{"lineNumber":27,"author":{"gitId":"-"},"content":"        \u003cHBox VBox.vgrow\u003d\"ALWAYS\"\u003e","lastModifiedDate":"2025-03-27T20:26:46","isFullCredit":false},{"lineNumber":28,"author":{"gitId":"-"},"content":"          \u003cVBox HBox.hgrow\u003d\"ALWAYS\" prefWidth\u003d\"500\"\u003e","lastModifiedDate":"2025-04-03T21:42:57","isFullCredit":false},{"lineNumber":29,"author":{"gitId":"-"},"content":"            \u003cStackPane fx:id\u003d\"commandBoxPlaceholder\" VBox.vgrow\u003d\"NEVER\" styleClass\u003d\"pane-with-border\"\u003e","lastModifiedDate":"2025-03-27T20:26:46","isFullCredit":false},{"lineNumber":30,"author":{"gitId":"-"},"content":"              \u003cpadding\u003e","lastModifiedDate":"2016-09-14T22:14:25","isFullCredit":false},{"lineNumber":31,"author":{"gitId":"-"},"content":"                \u003cInsets top\u003d\"5\" right\u003d\"10\" bottom\u003d\"5\" left\u003d\"10\" /\u003e","lastModifiedDate":"2017-03-27T17:40:03","isFullCredit":false},{"lineNumber":32,"author":{"gitId":"-"},"content":"              \u003c/padding\u003e","lastModifiedDate":"2016-09-14T22:14:25","isFullCredit":false},{"lineNumber":33,"author":{"gitId":"-"},"content":"            \u003c/StackPane\u003e","lastModifiedDate":"2017-05-09T09:46:56","isFullCredit":false},{"lineNumber":34,"author":{"gitId":"-"},"content":"","lastModifiedDate":"2017-03-25T11:52:12","isFullCredit":false},{"lineNumber":35,"author":{"gitId":"-"},"content":"            \u003cStackPane fx:id\u003d\"resultDisplayPlaceholder\" prefHeight\u003d\"400\" VBox.vgrow\u003d\"NEVER\" styleClass\u003d\"pane-with-border\"\u003e","lastModifiedDate":"2025-04-03T21:42:57","isFullCredit":false},{"lineNumber":36,"author":{"gitId":"-"},"content":"              \u003cpadding\u003e","lastModifiedDate":"2025-04-03T16:06:30","isFullCredit":false},{"lineNumber":37,"author":{"gitId":"-"},"content":"                \u003cInsets top\u003d\"5\" right\u003d\"10\" bottom\u003d\"5\" left\u003d\"10\" /\u003e","lastModifiedDate":"2025-04-03T16:06:30","isFullCredit":false},{"lineNumber":38,"author":{"gitId":"-"},"content":"              \u003c/padding\u003e","lastModifiedDate":"2025-04-03T16:06:30","isFullCredit":false},{"lineNumber":39,"author":{"gitId":"-"},"content":"            \u003c/StackPane\u003e","lastModifiedDate":"2025-04-03T16:06:30","isFullCredit":false},{"lineNumber":40,"author":{"gitId":"-"},"content":"","lastModifiedDate":"2025-04-03T16:06:30","isFullCredit":false},{"lineNumber":41,"author":{"gitId":"-"},"content":"            \u003cHBox alignment\u003d\"CENTER\" spacing\u003d\"10\" styleClass\u003d\"pane-with-border\"\u003e","lastModifiedDate":"2025-03-27T20:26:46","isFullCredit":false},{"lineNumber":42,"author":{"gitId":"-"},"content":"              \u003cpadding\u003e","lastModifiedDate":"2025-03-12T22:03:20","isFullCredit":false},{"lineNumber":43,"author":{"gitId":"-"},"content":"                \u003cInsets top\u003d\"10\" right\u003d\"10\" bottom\u003d\"10\" left\u003d\"10\" /\u003e","lastModifiedDate":"2025-03-12T22:03:20","isFullCredit":false},{"lineNumber":44,"author":{"gitId":"-"},"content":"              \u003c/padding\u003e","lastModifiedDate":"2025-03-12T22:03:20","isFullCredit":false},{"lineNumber":45,"author":{"gitId":"-"},"content":"              \u003cButton fx:id\u003d\"eventButton\" text\u003d\"Event\" onAction\u003d\"#handleEventButton\" styleClass\u003d\"toggle-button\" /\u003e","lastModifiedDate":"2025-03-27T20:26:46","isFullCredit":false},{"lineNumber":46,"author":{"gitId":"-"},"content":"              \u003cButton fx:id\u003d\"todoButton\" text\u003d\"Todo\" onAction\u003d\"#handleTodoButton\" styleClass\u003d\"toggle-button\" /\u003e","lastModifiedDate":"2025-03-27T20:26:46","isFullCredit":false},{"lineNumber":47,"author":{"gitId":"-"},"content":"              \u003cButton fx:id\u003d\"resetButton\" onAction\u003d\"#handleResetButton\" styleClass\u003d\"toggle-button\"\u003e","lastModifiedDate":"2025-03-27T21:33:46","isFullCredit":false},{"lineNumber":48,"author":{"gitId":"-"},"content":"                \u003cgraphic\u003e","lastModifiedDate":"2025-03-27T21:33:46","isFullCredit":false},{"lineNumber":49,"author":{"gitId":"-"},"content":"                  \u003cImageView fitHeight\u003d\"20\" fitWidth\u003d\"20\" preserveRatio\u003d\"true\"\u003e","lastModifiedDate":"2025-03-27T21:33:46","isFullCredit":false},{"lineNumber":50,"author":{"gitId":"-"},"content":"                    \u003cImage url\u003d\"@/images/reset.png\" /\u003e","lastModifiedDate":"2025-03-27T21:33:46","isFullCredit":false},{"lineNumber":51,"author":{"gitId":"-"},"content":"                  \u003c/ImageView\u003e","lastModifiedDate":"2025-03-27T21:33:46","isFullCredit":false},{"lineNumber":52,"author":{"gitId":"-"},"content":"                \u003c/graphic\u003e","lastModifiedDate":"2025-03-27T21:33:46","isFullCredit":false},{"lineNumber":53,"author":{"gitId":"-"},"content":"              \u003c/Button\u003e","lastModifiedDate":"2025-03-27T21:33:46","isFullCredit":false},{"lineNumber":54,"author":{"gitId":"-"},"content":"            \u003c/HBox\u003e","lastModifiedDate":"2025-03-27T20:26:46","isFullCredit":false},{"lineNumber":55,"author":{"gitId":"-"},"content":"","lastModifiedDate":"2025-03-12T22:03:20","isFullCredit":false},{"lineNumber":56,"author":{"gitId":"-"},"content":"            \u003cStackPane fx:id\u003d\"listPanelPlaceholder\" VBox.vgrow\u003d\"ALWAYS\" styleClass\u003d\"pane-with-border\"\u003e","lastModifiedDate":"2025-04-03T17:35:18","isFullCredit":false},{"lineNumber":57,"author":{"gitId":"-"},"content":"              \u003cpadding\u003e","lastModifiedDate":"2025-04-03T17:35:18","isFullCredit":false},{"lineNumber":58,"author":{"gitId":"-"},"content":"                \u003cInsets top\u003d\"5\" right\u003d\"10\" bottom\u003d\"5\" left\u003d\"10\" /\u003e","lastModifiedDate":"2025-04-03T17:35:18","isFullCredit":false},{"lineNumber":59,"author":{"gitId":"-"},"content":"              \u003c/padding\u003e","lastModifiedDate":"2025-04-03T17:35:18","isFullCredit":false},{"lineNumber":60,"author":{"gitId":"-"},"content":"            \u003c/StackPane\u003e","lastModifiedDate":"2025-04-03T17:35:18","isFullCredit":false},{"lineNumber":61,"author":{"gitId":"-"},"content":"          \u003c/VBox\u003e","lastModifiedDate":"2025-04-03T17:35:18","isFullCredit":false},{"lineNumber":62,"author":{"gitId":"-"},"content":"","lastModifiedDate":"2025-04-03T17:35:18","isFullCredit":false},{"lineNumber":63,"author":{"gitId":"-"},"content":"          \u003cVBox HBox.hgrow\u003d\"ALWAYS\" prefWidth\u003d\"500\"\u003e","lastModifiedDate":"2025-04-03T17:35:18","isFullCredit":false},{"lineNumber":64,"author":{"gitId":"-"},"content":"            \u003cStackPane fx:id\u003d\"contactListPanelPlaceholder\" VBox.vgrow\u003d\"ALWAYS\" styleClass\u003d\"pane-with-border\"\u003e","lastModifiedDate":"2025-04-03T16:06:30","isFullCredit":false},{"lineNumber":65,"author":{"gitId":"-"},"content":"              \u003cpadding\u003e","lastModifiedDate":"2025-03-14T01:20:50","isFullCredit":false},{"lineNumber":66,"author":{"gitId":"-"},"content":"                \u003cInsets top\u003d\"5\" right\u003d\"10\" bottom\u003d\"5\" left\u003d\"10\" /\u003e","lastModifiedDate":"2025-03-27T20:26:46","isFullCredit":false},{"lineNumber":67,"author":{"gitId":"-"},"content":"              \u003c/padding\u003e","lastModifiedDate":"2025-03-14T01:20:50","isFullCredit":false},{"lineNumber":68,"author":{"gitId":"-"},"content":"            \u003c/StackPane\u003e","lastModifiedDate":"2025-03-27T20:26:46","isFullCredit":false},{"lineNumber":69,"author":{"gitId":"-"},"content":"          \u003c/VBox\u003e","lastModifiedDate":"2025-03-14T01:20:50","isFullCredit":false},{"lineNumber":70,"author":{"gitId":"-"},"content":"        \u003c/HBox\u003e","lastModifiedDate":"2025-03-27T20:26:46","isFullCredit":false},{"lineNumber":71,"author":{"gitId":"-"},"content":"      \u003c/VBox\u003e","lastModifiedDate":"2016-08-08T17:32:17","isFullCredit":false},{"lineNumber":72,"author":{"gitId":"-"},"content":"    \u003c/Scene\u003e","lastModifiedDate":"2017-11-29T19:26:40","isFullCredit":false},{"lineNumber":73,"author":{"gitId":"-"},"content":"  \u003c/scene\u003e","lastModifiedDate":"2017-11-29T19:26:40","isFullCredit":false},{"lineNumber":74,"author":{"gitId":"-"},"content":"\u003c/fx:root\u003e","lastModifiedDate":"2017-11-29T19:26:40","isFullCredit":false}],"authorContributionMap":{"raw-asparagus":1,"-":73}},{"path":"src/main/resources/view/TodoListCard.fxml","fileType":"functional-code","lines":[{"lineNumber":1,"author":{"gitId":"-"},"content":"\u003c?xml version\u003d\"1.0\" encoding\u003d\"UTF-8\"?\u003e","lastModifiedDate":"2025-03-12T22:03:20","isFullCredit":false},{"lineNumber":2,"author":{"gitId":"-"},"content":"","lastModifiedDate":"2025-03-12T22:03:20","isFullCredit":false},{"lineNumber":3,"author":{"gitId":"-"},"content":"\u003c?import javafx.geometry.Insets?\u003e","lastModifiedDate":"2025-03-12T22:03:20","isFullCredit":false},{"lineNumber":4,"author":{"gitId":"-"},"content":"\u003c?import javafx.scene.control.Label?\u003e","lastModifiedDate":"2025-03-12T22:03:20","isFullCredit":false},{"lineNumber":5,"author":{"gitId":"-"},"content":"\u003c?import javafx.scene.layout.ColumnConstraints?\u003e","lastModifiedDate":"2025-03-12T22:03:20","isFullCredit":false},{"lineNumber":6,"author":{"gitId":"-"},"content":"\u003c?import javafx.scene.layout.FlowPane?\u003e","lastModifiedDate":"2025-03-31T10:02:37","isFullCredit":false},{"lineNumber":7,"author":{"gitId":"-"},"content":"\u003c?import javafx.scene.layout.GridPane?\u003e","lastModifiedDate":"2025-03-12T22:03:20","isFullCredit":false},{"lineNumber":8,"author":{"gitId":"-"},"content":"\u003c?import javafx.scene.layout.HBox?\u003e","lastModifiedDate":"2025-03-12T22:03:20","isFullCredit":false},{"lineNumber":9,"author":{"gitId":"-"},"content":"\u003c?import javafx.scene.layout.Region?\u003e","lastModifiedDate":"2025-03-12T22:03:20","isFullCredit":false},{"lineNumber":10,"author":{"gitId":"-"},"content":"\u003c?import javafx.scene.layout.VBox?\u003e","lastModifiedDate":"2025-03-12T22:03:20","isFullCredit":false},{"lineNumber":11,"author":{"gitId":"raw-asparagus"},"content":"\u003c?import javafx.scene.image.ImageView?\u003e","lastModifiedDate":"2025-04-07T01:07:27","isFullCredit":false},{"lineNumber":12,"author":{"gitId":"-"},"content":"\u003cHBox id\u003d\"cardPane\" fx:id\u003d\"cardPane\" xmlns\u003d\"http://javafx.com/javafx/17\" xmlns:fx\u003d\"http://javafx.com/fxml/1\"\u003e","lastModifiedDate":"2025-03-12T22:03:20","isFullCredit":false},{"lineNumber":13,"author":{"gitId":"-"},"content":"    \u003cGridPane HBox.hgrow\u003d\"ALWAYS\"\u003e","lastModifiedDate":"2025-03-12T22:03:20","isFullCredit":false},{"lineNumber":14,"author":{"gitId":"-"},"content":"        \u003ccolumnConstraints\u003e","lastModifiedDate":"2025-03-12T22:03:20","isFullCredit":false},{"lineNumber":15,"author":{"gitId":"-"},"content":"            \u003cColumnConstraints hgrow\u003d\"SOMETIMES\" minWidth\u003d\"10\" prefWidth\u003d\"150\" /\u003e","lastModifiedDate":"2025-03-12T22:03:20","isFullCredit":false},{"lineNumber":16,"author":{"gitId":"-"},"content":"        \u003c/columnConstraints\u003e","lastModifiedDate":"2025-03-12T22:03:20","isFullCredit":false},{"lineNumber":17,"author":{"gitId":"raw-asparagus"},"content":"        \u003cVBox alignment\u003d\"CENTER_LEFT\" minHeight\u003d\"70\" GridPane.columnIndex\u003d\"0\" GridPane.vgrow\u003d\"ALWAYS\"\u003e","lastModifiedDate":"2025-04-07T01:07:27","isFullCredit":false},{"lineNumber":18,"author":{"gitId":"-"},"content":"            \u003cpadding\u003e","lastModifiedDate":"2025-03-12T22:03:20","isFullCredit":false},{"lineNumber":19,"author":{"gitId":"raw-asparagus"},"content":"                \u003cInsets top\u003d\"12\" right\u003d\"12\" bottom\u003d\"12\" left\u003d\"16\" /\u003e","lastModifiedDate":"2025-04-07T01:07:27","isFullCredit":false},{"lineNumber":20,"author":{"gitId":"-"},"content":"            \u003c/padding\u003e","lastModifiedDate":"2025-03-12T22:03:20","isFullCredit":false},{"lineNumber":21,"author":{"gitId":"raw-asparagus"},"content":"            \u003cHBox spacing\u003d\"4\" alignment\u003d\"CENTER_LEFT\"\u003e","lastModifiedDate":"2025-04-07T01:07:27","isFullCredit":false},{"lineNumber":22,"author":{"gitId":"-"},"content":"                \u003cLabel fx:id\u003d\"id\" styleClass\u003d\"cell_big_label\"\u003e","lastModifiedDate":"2025-03-12T22:03:20","isFullCredit":false},{"lineNumber":23,"author":{"gitId":"-"},"content":"                    \u003cminWidth\u003e","lastModifiedDate":"2025-03-12T22:03:20","isFullCredit":false},{"lineNumber":24,"author":{"gitId":"-"},"content":"                        \u003cRegion fx:constant\u003d\"USE_PREF_SIZE\" /\u003e","lastModifiedDate":"2025-03-12T22:03:20","isFullCredit":false},{"lineNumber":25,"author":{"gitId":"-"},"content":"                    \u003c/minWidth\u003e","lastModifiedDate":"2025-03-12T22:03:20","isFullCredit":false},{"lineNumber":26,"author":{"gitId":"-"},"content":"                \u003c/Label\u003e","lastModifiedDate":"2025-03-12T22:03:20","isFullCredit":false},{"lineNumber":27,"author":{"gitId":"-"},"content":"                \u003cLabel fx:id\u003d\"name\" text\u003d\"\\$first\" styleClass\u003d\"cell_big_label\" wrapText\u003d\"true\" maxWidth\u003d\"450\" /\u003e","lastModifiedDate":"2025-04-03T18:39:34","isFullCredit":false},{"lineNumber":28,"author":{"gitId":"raw-asparagus"},"content":"                \u003cRegion HBox.hgrow\u003d\"ALWAYS\" /\u003e","lastModifiedDate":"2025-04-07T01:07:27","isFullCredit":false},{"lineNumber":29,"author":{"gitId":"raw-asparagus"},"content":"                \u003cLabel fx:id\u003d\"todoStatus\" styleClass\u003d\"status-indicator\" text\u003d\"\\$todoStatus\" wrapText\u003d\"true\" /\u003e","lastModifiedDate":"2025-04-07T01:07:27","isFullCredit":false},{"lineNumber":30,"author":{"gitId":"-"},"content":"            \u003c/HBox\u003e","lastModifiedDate":"2025-03-12T22:03:20","isFullCredit":false},{"lineNumber":31,"author":{"gitId":"raw-asparagus"},"content":"            \u003cFlowPane fx:id\u003d\"tags\" styleClass\u003d\"tags-container\" prefWrapLength\u003d\"450\"\u003e","lastModifiedDate":"2025-04-07T01:07:27","isFullCredit":false},{"lineNumber":32,"author":{"gitId":"raw-asparagus"},"content":"                \u003cpadding\u003e","lastModifiedDate":"2025-04-07T01:07:27","isFullCredit":false},{"lineNumber":33,"author":{"gitId":"raw-asparagus"},"content":"                    \u003cInsets top\u003d\"5\" bottom\u003d\"5\" /\u003e","lastModifiedDate":"2025-04-07T01:07:27","isFullCredit":false},{"lineNumber":34,"author":{"gitId":"raw-asparagus"},"content":"                \u003c/padding\u003e","lastModifiedDate":"2025-04-07T01:07:27","isFullCredit":false},{"lineNumber":35,"author":{"gitId":"raw-asparagus"},"content":"            \u003c/FlowPane\u003e","lastModifiedDate":"2025-04-07T01:07:27","isFullCredit":false},{"lineNumber":36,"author":{"gitId":"raw-asparagus"},"content":"            \u003cFlowPane fx:id\u003d\"contacts\" styleClass\u003d\"contacts-container\" prefWrapLength\u003d\"450\"\u003e","lastModifiedDate":"2025-04-07T01:07:27","isFullCredit":false},{"lineNumber":37,"author":{"gitId":"raw-asparagus"},"content":"                \u003cpadding\u003e","lastModifiedDate":"2025-04-07T01:07:27","isFullCredit":false},{"lineNumber":38,"author":{"gitId":"raw-asparagus"},"content":"                    \u003cInsets top\u003d\"5\" bottom\u003d\"5\" /\u003e","lastModifiedDate":"2025-04-07T01:07:27","isFullCredit":false},{"lineNumber":39,"author":{"gitId":"raw-asparagus"},"content":"                \u003c/padding\u003e","lastModifiedDate":"2025-04-07T01:07:27","isFullCredit":false},{"lineNumber":40,"author":{"gitId":"raw-asparagus"},"content":"            \u003c/FlowPane\u003e","lastModifiedDate":"2025-04-07T01:07:27","isFullCredit":false},{"lineNumber":41,"author":{"gitId":"raw-asparagus"},"content":"            \u003cHBox spacing\u003d\"8\" alignment\u003d\"CENTER_LEFT\"\u003e","lastModifiedDate":"2025-04-07T01:07:27","isFullCredit":false},{"lineNumber":42,"author":{"gitId":"raw-asparagus"},"content":"                \u003cImageView fitHeight\u003d\"16\" fitWidth\u003d\"16\" preserveRatio\u003d\"true\" styleClass\u003d\"icon\" /\u003e","lastModifiedDate":"2025-04-07T01:07:27","isFullCredit":false},{"lineNumber":43,"author":{"gitId":"-"},"content":"                \u003cLabel fx:id\u003d\"deadline\" styleClass\u003d\"cell_small_label\" text\u003d\"\\$deadline\" wrapText\u003d\"true\" maxWidth\u003d\"450\" /\u003e","lastModifiedDate":"2025-04-03T18:39:34","isFullCredit":false},{"lineNumber":44,"author":{"gitId":"raw-asparagus"},"content":"            \u003c/HBox\u003e","lastModifiedDate":"2025-04-07T01:07:27","isFullCredit":false},{"lineNumber":45,"author":{"gitId":"raw-asparagus"},"content":"            \u003cHBox spacing\u003d\"8\" alignment\u003d\"CENTER_LEFT\"\u003e","lastModifiedDate":"2025-04-07T01:07:27","isFullCredit":false},{"lineNumber":46,"author":{"gitId":"raw-asparagus"},"content":"                \u003cImageView fitHeight\u003d\"16\" fitWidth\u003d\"16\" preserveRatio\u003d\"true\" styleClass\u003d\"icon\" /\u003e","lastModifiedDate":"2025-04-07T01:07:27","isFullCredit":false},{"lineNumber":47,"author":{"gitId":"-"},"content":"                \u003cLabel fx:id\u003d\"todoLocation\" styleClass\u003d\"cell_small_label\" text\u003d\"\\$todoLocation\" wrapText\u003d\"true\" maxWidth\u003d\"450\" /\u003e","lastModifiedDate":"2025-04-03T18:39:34","isFullCredit":false},{"lineNumber":48,"author":{"gitId":"-"},"content":"            \u003c/HBox\u003e","lastModifiedDate":"2025-04-07T01:07:27","isFullCredit":false},{"lineNumber":49,"author":{"gitId":"-"},"content":"        \u003c/VBox\u003e","lastModifiedDate":"2025-03-12T22:03:20","isFullCredit":false},{"lineNumber":50,"author":{"gitId":"-"},"content":"    \u003c/GridPane\u003e","lastModifiedDate":"2025-03-12T22:03:20","isFullCredit":false},{"lineNumber":51,"author":{"gitId":"-"},"content":"\u003c/HBox\u003e","lastModifiedDate":"2025-03-12T22:03:20","isFullCredit":false}],"authorContributionMap":{"raw-asparagus":21,"-":30}}]
