{"authorDailyContributionsMap":{"wj200":[],"davidfoo07":[{"date":"2025-04-06","commitResults":[{"hash":"7d43cd82a769ef153e7d883249613c8824eccd22","isMergeCommit":false,"messageTitle":"Solved issue #156","messageBody":"","fileTypesAndContributionMap":{"docs":{"insertions":6,"deletions":0}}}]}],"chen-xiangrui":[],"chenxy12345":[],"wyongqiing":[]},"authorFileTypeContributionMap":{"wj200":{"docs":0,"functional-code":0,"test-code":0},"davidfoo07":{"docs":6,"functional-code":0,"test-code":0},"chen-xiangrui":{"docs":0,"functional-code":0,"test-code":0},"chenxy12345":{"docs":0,"functional-code":0,"test-code":0},"wyongqiing":{"docs":0,"functional-code":0,"test-code":0}},"authorContributionVariance":{"wj200":0.0,"davidfoo07":9.0,"chen-xiangrui":0.0,"chenxy12345":0.0,"wyongqiing":0.0},"authorDisplayNameMap":{"wj200":"CS2103T-F14-2 BOO .. JUN","davidfoo07":"CS2103T-F14-2 FOO ..UANG","chen-xiangrui":"CS2103T-F14-2 CHEN..GRUI","chenxy12345":"CS2103T-F14-2 CHEN..GYUN","wyongqiing":"CS2103T-F14-2 WOO ..QING"}}
