[{"path":"src/main/java/seedu/address/logic/commands/AddCommand.java","fileType":"functional-code","lines":[{"lineNumber":1,"author":{"gitId":"-"},"content":"package seedu.address.logic.commands;","lastModifiedDate":"2016-09-22T18:39:27","isFullCredit":false},{"lineNumber":2,"author":{"gitId":"-"},"content":"","lastModifiedDate":"2016-08-24T16:57:46","isFullCredit":false},{"lineNumber":3,"author":{"gitId":"-"},"content":"import static java.util.Objects.requireNonNull;","lastModifiedDate":"2017-05-15T13:51:14","isFullCredit":false},{"lineNumber":4,"author":{"gitId":"-"},"content":"import static seedu.address.logic.parser.CliSyntax.PREFIX_EMAIL;","lastModifiedDate":"2025-03-16T21:14:14","isFullCredit":false},{"lineNumber":5,"author":{"gitId":"-"},"content":"import static seedu.address.logic.parser.CliSyntax.PREFIX_MOD;","lastModifiedDate":"2025-03-16T21:14:14","isFullCredit":false},{"lineNumber":6,"author":{"gitId":"-"},"content":"import static seedu.address.logic.parser.CliSyntax.PREFIX_NAME;","lastModifiedDate":"2025-03-16T21:14:14","isFullCredit":false},{"lineNumber":7,"author":{"gitId":"-"},"content":"import static seedu.address.logic.parser.CliSyntax.PREFIX_TAG;","lastModifiedDate":"2025-03-28T23:50:59","isFullCredit":false},{"lineNumber":8,"author":{"gitId":"-"},"content":"import static seedu.address.logic.parser.CliSyntax.PREFIX_TELEGRAM;","lastModifiedDate":"2025-03-16T21:14:14","isFullCredit":false},{"lineNumber":9,"author":{"gitId":"-"},"content":"","lastModifiedDate":"2017-05-09T19:54:18","isFullCredit":false},{"lineNumber":10,"author":{"gitId":"-"},"content":"import seedu.address.commons.util.ToStringBuilder;","lastModifiedDate":"2025-03-17T13:57:02","isFullCredit":false},{"lineNumber":11,"author":{"gitId":"-"},"content":"import seedu.address.logic.Messages;","lastModifiedDate":"2023-07-13T13:29:39","isFullCredit":false},{"lineNumber":12,"author":{"gitId":"-"},"content":"import seedu.address.logic.commands.exceptions.CommandException;","lastModifiedDate":"2017-02-05T20:14:09","isFullCredit":false},{"lineNumber":13,"author":{"gitId":"-"},"content":"import seedu.address.model.Model;","lastModifiedDate":"2018-08-08T18:44:59","isFullCredit":false},{"lineNumber":14,"author":{"gitId":"-"},"content":"import seedu.address.model.person.Person;","lastModifiedDate":"2017-01-18T12:42:59","isFullCredit":false},{"lineNumber":15,"author":{"gitId":"-"},"content":"","lastModifiedDate":"2025-03-16T20:57:30","isFullCredit":false},{"lineNumber":16,"author":{"gitId":"-"},"content":"/**","lastModifiedDate":"2016-08-24T16:57:46","isFullCredit":false},{"lineNumber":17,"author":{"gitId":"-"},"content":" * Adds a person to ConnectS.","lastModifiedDate":"2025-03-18T23:06:20","isFullCredit":false},{"lineNumber":18,"author":{"gitId":"-"},"content":" */","lastModifiedDate":"2016-08-24T16:57:46","isFullCredit":false},{"lineNumber":19,"author":{"gitId":"-"},"content":"public class AddCommand extends Command {","lastModifiedDate":"2018-04-19T19:04:53","isFullCredit":false},{"lineNumber":20,"author":{"gitId":"-"},"content":"","lastModifiedDate":"2016-08-24T16:57:46","isFullCredit":false},{"lineNumber":21,"author":{"gitId":"-"},"content":"    public static final String COMMAND_WORD \u003d \"add\";","lastModifiedDate":"2016-08-24T16:57:46","isFullCredit":false},{"lineNumber":22,"author":{"gitId":"-"},"content":"","lastModifiedDate":"2016-08-24T16:57:46","isFullCredit":false},{"lineNumber":23,"author":{"gitId":"-"},"content":"    public static final String MESSAGE_USAGE \u003d COMMAND_WORD + \": Adds a person to ConnectS.\\n\"","lastModifiedDate":"2025-03-18T23:06:20","isFullCredit":false},{"lineNumber":24,"author":{"gitId":"-"},"content":"            + \"Parameters: \"","lastModifiedDate":"2017-06-06T10:27:33","isFullCredit":false},{"lineNumber":25,"author":{"gitId":"-"},"content":"            + PREFIX_NAME + \"NAME \"","lastModifiedDate":"2017-06-06T10:27:33","isFullCredit":false},{"lineNumber":26,"author":{"gitId":"-"},"content":"            + PREFIX_TELEGRAM + \"TELEGRAM_HANDLE \"","lastModifiedDate":"2025-04-03T20:13:15","isFullCredit":false},{"lineNumber":27,"author":{"gitId":"-"},"content":"            + PREFIX_EMAIL + \"EMAIL \"","lastModifiedDate":"2025-03-18T22:17:04","isFullCredit":false},{"lineNumber":28,"author":{"gitId":"-"},"content":"            + PREFIX_MOD + \"MODULE-TUTORIAL_GROUP... \"","lastModifiedDate":"2025-04-03T20:13:15","isFullCredit":false},{"lineNumber":29,"author":{"gitId":"-"},"content":"            + \"[\" + PREFIX_TAG + \"TAG]...\\n\"","lastModifiedDate":"2025-03-28T23:50:59","isFullCredit":false},{"lineNumber":30,"author":{"gitId":"-"},"content":"            + \"Example: \" + COMMAND_WORD + \" \"","lastModifiedDate":"2017-06-06T10:27:33","isFullCredit":false},{"lineNumber":31,"author":{"gitId":"-"},"content":"            + PREFIX_NAME + \"John Doe \"","lastModifiedDate":"2017-06-06T10:27:33","isFullCredit":false},{"lineNumber":32,"author":{"gitId":"-"},"content":"            + PREFIX_TELEGRAM + \"@johndoe123 \"","lastModifiedDate":"2025-03-16T19:50:33","isFullCredit":false},{"lineNumber":33,"author":{"gitId":"-"},"content":"            + PREFIX_EMAIL + \"johnd@example.com \"","lastModifiedDate":"2025-03-18T22:17:04","isFullCredit":false},{"lineNumber":34,"author":{"gitId":"-"},"content":"            + PREFIX_MOD + \"CS2103T-T21 \"","lastModifiedDate":"2025-03-16T19:50:33","isFullCredit":false},{"lineNumber":35,"author":{"gitId":"-"},"content":"            + PREFIX_MOD + \"CS2109S-T05 \"","lastModifiedDate":"2025-03-28T23:50:59","isFullCredit":false},{"lineNumber":36,"author":{"gitId":"-"},"content":"            + PREFIX_TAG + \"struggling \"","lastModifiedDate":"2025-04-03T14:46:09","isFullCredit":false},{"lineNumber":37,"author":{"gitId":"-"},"content":"            + PREFIX_TAG + \"exchangestudent\";","lastModifiedDate":"2025-04-03T14:46:09","isFullCredit":false},{"lineNumber":38,"author":{"gitId":"-"},"content":"","lastModifiedDate":"2016-08-24T16:57:46","isFullCredit":false},{"lineNumber":39,"author":{"gitId":"-"},"content":"    public static final String MESSAGE_SUCCESS \u003d \"New person added: %1$s\";","lastModifiedDate":"2016-08-24T16:57:46","isFullCredit":false},{"lineNumber":40,"author":{"gitId":"KimHan01"},"content":"    public static final String MESSAGE_DUPLICATE_PERSON \u003d \"A person with the same name, email or telegram handle \"","lastModifiedDate":"2025-04-07T12:28:59","isFullCredit":false},{"lineNumber":41,"author":{"gitId":"KimHan01"},"content":"            + \"already exists in ConnectS\";","lastModifiedDate":"2025-04-07T12:28:59","isFullCredit":false},{"lineNumber":42,"author":{"gitId":"-"},"content":"","lastModifiedDate":"2016-08-24T16:57:46","isFullCredit":false},{"lineNumber":43,"author":{"gitId":"-"},"content":"    private final Person toAdd;","lastModifiedDate":"2016-08-24T16:57:46","isFullCredit":false},{"lineNumber":44,"author":{"gitId":"-"},"content":"","lastModifiedDate":"2016-08-24T16:57:46","isFullCredit":false},{"lineNumber":45,"author":{"gitId":"-"},"content":"    /**","lastModifiedDate":"2016-09-21T15:19:55","isFullCredit":false},{"lineNumber":46,"author":{"gitId":"-"},"content":"     * Creates an AddCommand to add the specified {@code Person}","lastModifiedDate":"2018-01-10T12:03:56","isFullCredit":false},{"lineNumber":47,"author":{"gitId":"-"},"content":"     */","lastModifiedDate":"2016-09-21T15:19:55","isFullCredit":false},{"lineNumber":48,"author":{"gitId":"-"},"content":"    public AddCommand(Person person) {","lastModifiedDate":"2018-01-10T12:03:56","isFullCredit":false},{"lineNumber":49,"author":{"gitId":"-"},"content":"        requireNonNull(person);","lastModifiedDate":"2018-01-10T12:11:55","isFullCredit":false},{"lineNumber":50,"author":{"gitId":"-"},"content":"        toAdd \u003d person;","lastModifiedDate":"2018-01-10T12:11:55","isFullCredit":false},{"lineNumber":51,"author":{"gitId":"-"},"content":"    }","lastModifiedDate":"2016-09-21T15:19:55","isFullCredit":false},{"lineNumber":52,"author":{"gitId":"-"},"content":"","lastModifiedDate":"2016-09-21T15:19:55","isFullCredit":false},{"lineNumber":53,"author":{"gitId":"-"},"content":"    @Override","lastModifiedDate":"2016-08-24T16:57:46","isFullCredit":false},{"lineNumber":54,"author":{"gitId":"-"},"content":"    public CommandResult execute(Model model) throws CommandException {","lastModifiedDate":"2019-01-25T22:47:04","isFullCredit":false},{"lineNumber":55,"author":{"gitId":"-"},"content":"        requireNonNull(model);","lastModifiedDate":"2017-05-15T13:51:14","isFullCredit":false},{"lineNumber":56,"author":{"gitId":"-"},"content":"","lastModifiedDate":"2018-08-07T22:39:15","isFullCredit":false},{"lineNumber":57,"author":{"gitId":"-"},"content":"        if (model.hasPerson(toAdd)) {","lastModifiedDate":"2018-08-07T22:39:15","isFullCredit":false},{"lineNumber":58,"author":{"gitId":"-"},"content":"            throw new CommandException(MESSAGE_DUPLICATE_PERSON);","lastModifiedDate":"2018-08-07T22:39:15","isFullCredit":false},{"lineNumber":59,"author":{"gitId":"-"},"content":"        }","lastModifiedDate":"2018-08-07T22:39:15","isFullCredit":false},{"lineNumber":60,"author":{"gitId":"-"},"content":"","lastModifiedDate":"2018-08-07T22:39:15","isFullCredit":false},{"lineNumber":61,"author":{"gitId":"-"},"content":"        if (!model.isViewAll()) {","lastModifiedDate":"2025-03-29T10:18:50","isFullCredit":false},{"lineNumber":62,"author":{"gitId":"-"},"content":"            String moduleName \u003d toAdd.getModTutGroups().iterator().next().getModule().getName();","lastModifiedDate":"2025-03-29T10:18:50","isFullCredit":false},{"lineNumber":63,"author":{"gitId":"-"},"content":"            String tutorialName \u003d toAdd.getModTutGroups().iterator().next().getTutorial().getName();","lastModifiedDate":"2025-03-29T10:18:50","isFullCredit":false},{"lineNumber":64,"author":{"gitId":"-"},"content":"            model.setSelectedTabs(moduleName, tutorialName);","lastModifiedDate":"2025-03-29T10:18:50","isFullCredit":false},{"lineNumber":65,"author":{"gitId":"-"},"content":"        }","lastModifiedDate":"2025-03-29T10:18:50","isFullCredit":false},{"lineNumber":66,"author":{"gitId":"-"},"content":"","lastModifiedDate":"2025-03-29T10:18:50","isFullCredit":false},{"lineNumber":67,"author":{"gitId":"-"},"content":"        model.addPerson(toAdd);","lastModifiedDate":"2016-09-25T18:28:55","isFullCredit":false},{"lineNumber":68,"author":{"gitId":"-"},"content":"        return new CommandResult(String.format(MESSAGE_SUCCESS, Messages.format(toAdd)));","lastModifiedDate":"2019-02-23T22:27:27","isFullCredit":false},{"lineNumber":69,"author":{"gitId":"-"},"content":"    }","lastModifiedDate":"2016-08-24T16:57:46","isFullCredit":false},{"lineNumber":70,"author":{"gitId":"-"},"content":"","lastModifiedDate":"2016-08-24T16:57:46","isFullCredit":false},{"lineNumber":71,"author":{"gitId":"-"},"content":"    @Override","lastModifiedDate":"2017-06-22T11:15:04","isFullCredit":false},{"lineNumber":72,"author":{"gitId":"-"},"content":"    public boolean equals(Object other) {","lastModifiedDate":"2017-06-22T11:15:04","isFullCredit":false},{"lineNumber":73,"author":{"gitId":"-"},"content":"        if (other \u003d\u003d this) {","lastModifiedDate":"2023-07-13T08:40:04","isFullCredit":false},{"lineNumber":74,"author":{"gitId":"-"},"content":"            return true;","lastModifiedDate":"2023-07-13T08:40:04","isFullCredit":false},{"lineNumber":75,"author":{"gitId":"-"},"content":"        }","lastModifiedDate":"2023-07-13T08:40:04","isFullCredit":false},{"lineNumber":76,"author":{"gitId":"-"},"content":"","lastModifiedDate":"2023-07-13T08:40:04","isFullCredit":false},{"lineNumber":77,"author":{"gitId":"-"},"content":"        // instanceof handles nulls","lastModifiedDate":"2023-07-13T08:40:04","isFullCredit":false},{"lineNumber":78,"author":{"gitId":"-"},"content":"        if (!(other instanceof AddCommand)) {","lastModifiedDate":"2023-07-13T08:40:04","isFullCredit":false},{"lineNumber":79,"author":{"gitId":"-"},"content":"            return false;","lastModifiedDate":"2023-07-13T08:40:04","isFullCredit":false},{"lineNumber":80,"author":{"gitId":"-"},"content":"        }","lastModifiedDate":"2023-07-13T08:40:04","isFullCredit":false},{"lineNumber":81,"author":{"gitId":"-"},"content":"","lastModifiedDate":"2023-07-13T08:40:04","isFullCredit":false},{"lineNumber":82,"author":{"gitId":"-"},"content":"        AddCommand otherAddCommand \u003d (AddCommand) other;","lastModifiedDate":"2023-07-13T08:40:04","isFullCredit":false},{"lineNumber":83,"author":{"gitId":"-"},"content":"        return toAdd.equals(otherAddCommand.toAdd);","lastModifiedDate":"2023-07-13T08:40:04","isFullCredit":false},{"lineNumber":84,"author":{"gitId":"-"},"content":"    }","lastModifiedDate":"2017-06-22T11:15:04","isFullCredit":false},{"lineNumber":85,"author":{"gitId":"-"},"content":"","lastModifiedDate":"2019-02-23T22:59:46","isFullCredit":false},{"lineNumber":86,"author":{"gitId":"-"},"content":"    @Override","lastModifiedDate":"2019-02-23T22:59:46","isFullCredit":false},{"lineNumber":87,"author":{"gitId":"-"},"content":"    public String toString() {","lastModifiedDate":"2019-02-23T22:59:46","isFullCredit":false},{"lineNumber":88,"author":{"gitId":"-"},"content":"        return new ToStringBuilder(this)","lastModifiedDate":"2019-02-23T22:59:46","isFullCredit":false},{"lineNumber":89,"author":{"gitId":"-"},"content":"                .add(\"toAdd\", toAdd)","lastModifiedDate":"2019-02-23T22:59:46","isFullCredit":false},{"lineNumber":90,"author":{"gitId":"-"},"content":"                .toString();","lastModifiedDate":"2019-02-23T22:59:46","isFullCredit":false},{"lineNumber":91,"author":{"gitId":"-"},"content":"    }","lastModifiedDate":"2019-02-23T22:59:46","isFullCredit":false},{"lineNumber":92,"author":{"gitId":"-"},"content":"}","lastModifiedDate":"2016-08-24T16:57:46","isFullCredit":false}],"authorContributionMap":{"KimHan01":2,"-":90}},{"path":"src/main/java/seedu/address/logic/commands/DeleteModTutCommand.java","fileType":"functional-code","lines":[{"lineNumber":1,"author":{"gitId":"-"},"content":"package seedu.address.logic.commands;","lastModifiedDate":"2025-04-01T22:13:21","isFullCredit":false},{"lineNumber":2,"author":{"gitId":"-"},"content":"","lastModifiedDate":"2025-04-01T22:13:21","isFullCredit":false},{"lineNumber":3,"author":{"gitId":"-"},"content":"import static java.util.Objects.requireNonNull;","lastModifiedDate":"2025-04-01T22:13:21","isFullCredit":false},{"lineNumber":4,"author":{"gitId":"jordon0802"},"content":"import static seedu.address.logic.Messages.MESSAGE_INVALID_MODULE_TUTORIAL_GROUP;","lastModifiedDate":"2025-04-06T19:19:53","isFullCredit":false},{"lineNumber":5,"author":{"gitId":"-"},"content":"","lastModifiedDate":"2025-04-01T22:13:21","isFullCredit":false},{"lineNumber":6,"author":{"gitId":"-"},"content":"import seedu.address.logic.commands.exceptions.CommandException;","lastModifiedDate":"2025-04-01T22:13:21","isFullCredit":false},{"lineNumber":7,"author":{"gitId":"-"},"content":"import seedu.address.model.Model;","lastModifiedDate":"2025-04-01T22:13:21","isFullCredit":false},{"lineNumber":8,"author":{"gitId":"-"},"content":"import seedu.address.model.person.ModTutGroup;","lastModifiedDate":"2025-04-01T22:13:21","isFullCredit":false},{"lineNumber":9,"author":{"gitId":"-"},"content":"","lastModifiedDate":"2025-04-01T22:13:21","isFullCredit":false},{"lineNumber":10,"author":{"gitId":"-"},"content":"/**","lastModifiedDate":"2025-04-01T22:30:49","isFullCredit":false},{"lineNumber":11,"author":{"gitId":"-"},"content":" * Deletes a tutorial group from all persons in the address book.","lastModifiedDate":"2025-04-01T22:30:49","isFullCredit":false},{"lineNumber":12,"author":{"gitId":"-"},"content":" * Also deletes persons who are taking only the specified tutorial group.","lastModifiedDate":"2025-04-01T22:30:49","isFullCredit":false},{"lineNumber":13,"author":{"gitId":"-"},"content":" */","lastModifiedDate":"2025-04-01T22:30:49","isFullCredit":false},{"lineNumber":14,"author":{"gitId":"-"},"content":"public class DeleteModTutCommand extends Command {","lastModifiedDate":"2025-04-01T22:13:21","isFullCredit":false},{"lineNumber":15,"author":{"gitId":"-"},"content":"","lastModifiedDate":"2025-04-01T22:30:49","isFullCredit":false},{"lineNumber":16,"author":{"gitId":"-"},"content":"    /** Command word to trigger this command. */","lastModifiedDate":"2025-04-01T22:30:49","isFullCredit":false},{"lineNumber":17,"author":{"gitId":"-"},"content":"    public static final String COMMAND_WORD \u003d \"deleteTut\";","lastModifiedDate":"2025-04-01T22:13:21","isFullCredit":false},{"lineNumber":18,"author":{"gitId":"-"},"content":"","lastModifiedDate":"2025-04-01T22:13:21","isFullCredit":false},{"lineNumber":19,"author":{"gitId":"-"},"content":"    /** Usage instructions for this command. */","lastModifiedDate":"2025-04-01T22:30:49","isFullCredit":false},{"lineNumber":20,"author":{"gitId":"-"},"content":"    public static final String MESSAGE_USAGE \u003d COMMAND_WORD","lastModifiedDate":"2025-04-01T22:13:21","isFullCredit":false},{"lineNumber":21,"author":{"gitId":"-"},"content":"            + \": Deletes the tutorial as specified as well as contacts who only take that tutorial.\\n\"","lastModifiedDate":"2025-04-03T20:13:15","isFullCredit":false},{"lineNumber":22,"author":{"gitId":"-"},"content":"            + \"Parameters: MODULE-TUTORIAL_GROUP (Case-insensitive)\\n\"","lastModifiedDate":"2025-04-03T20:13:15","isFullCredit":false},{"lineNumber":23,"author":{"gitId":"-"},"content":"            + \"Example: \" + COMMAND_WORD + \" CS2103T-T12\";","lastModifiedDate":"2025-04-01T22:13:21","isFullCredit":false},{"lineNumber":24,"author":{"gitId":"-"},"content":"","lastModifiedDate":"2025-04-01T22:13:21","isFullCredit":false},{"lineNumber":25,"author":{"gitId":"-"},"content":"    /** Success message displayed after the tutorial is deleted. */","lastModifiedDate":"2025-04-01T22:30:49","isFullCredit":false},{"lineNumber":26,"author":{"gitId":"-"},"content":"    public static final String MESSAGE_DELETE_TUT_SUCCESS \u003d \"Tutorial Deleted: %1$s\";","lastModifiedDate":"2025-04-03T15:47:35","isFullCredit":false},{"lineNumber":27,"author":{"gitId":"-"},"content":"","lastModifiedDate":"2025-04-01T22:13:21","isFullCredit":false},{"lineNumber":28,"author":{"gitId":"jordon0802"},"content":"    private final String modTutGroupName;","lastModifiedDate":"2025-04-06T19:19:53","isFullCredit":false},{"lineNumber":29,"author":{"gitId":"-"},"content":"","lastModifiedDate":"2025-04-01T22:30:49","isFullCredit":false},{"lineNumber":30,"author":{"gitId":"-"},"content":"    /**","lastModifiedDate":"2025-04-01T22:30:49","isFullCredit":false},{"lineNumber":31,"author":{"gitId":"-"},"content":"     * Constructs a DeleteModTutCommand with the specified ModTutGroup.","lastModifiedDate":"2025-04-01T22:30:49","isFullCredit":false},{"lineNumber":32,"author":{"gitId":"-"},"content":"     *","lastModifiedDate":"2025-04-01T22:30:49","isFullCredit":false},{"lineNumber":33,"author":{"gitId":"jordon0802"},"content":"     * @param modTutGroupName The tutorial group to delete from persons.","lastModifiedDate":"2025-04-06T19:19:53","isFullCredit":false},{"lineNumber":34,"author":{"gitId":"-"},"content":"     */","lastModifiedDate":"2025-04-01T22:30:49","isFullCredit":false},{"lineNumber":35,"author":{"gitId":"jordon0802"},"content":"    public DeleteModTutCommand(String modTutGroupName) {","lastModifiedDate":"2025-04-06T19:19:53","isFullCredit":false},{"lineNumber":36,"author":{"gitId":"jordon0802"},"content":"        this.modTutGroupName \u003d modTutGroupName;","lastModifiedDate":"2025-04-06T19:19:53","isFullCredit":false},{"lineNumber":37,"author":{"gitId":"-"},"content":"    }","lastModifiedDate":"2025-04-01T22:13:21","isFullCredit":false},{"lineNumber":38,"author":{"gitId":"-"},"content":"","lastModifiedDate":"2025-04-01T22:13:21","isFullCredit":false},{"lineNumber":39,"author":{"gitId":"-"},"content":"    /**","lastModifiedDate":"2025-04-01T22:30:49","isFullCredit":false},{"lineNumber":40,"author":{"gitId":"-"},"content":"     * Executes the delete tutorial group command.","lastModifiedDate":"2025-04-01T22:30:49","isFullCredit":false},{"lineNumber":41,"author":{"gitId":"-"},"content":"     * Removes the specified tutorial group from all persons.","lastModifiedDate":"2025-04-01T22:30:49","isFullCredit":false},{"lineNumber":42,"author":{"gitId":"-"},"content":"     * Deletes any person who only has that tutorial group.","lastModifiedDate":"2025-04-01T22:30:49","isFullCredit":false},{"lineNumber":43,"author":{"gitId":"-"},"content":"     *","lastModifiedDate":"2025-04-01T22:30:49","isFullCredit":false},{"lineNumber":44,"author":{"gitId":"-"},"content":"     * @param model The model containing the address book and data.","lastModifiedDate":"2025-04-01T22:30:49","isFullCredit":false},{"lineNumber":45,"author":{"gitId":"-"},"content":"     * @return A CommandResult indicating the success of the operation.","lastModifiedDate":"2025-04-01T22:30:49","isFullCredit":false},{"lineNumber":46,"author":{"gitId":"-"},"content":"     * @throws CommandException If an error occurs during command execution.","lastModifiedDate":"2025-04-01T22:30:49","isFullCredit":false},{"lineNumber":47,"author":{"gitId":"-"},"content":"     */","lastModifiedDate":"2025-04-01T22:30:49","isFullCredit":false},{"lineNumber":48,"author":{"gitId":"-"},"content":"    @Override","lastModifiedDate":"2025-04-01T22:30:49","isFullCredit":false},{"lineNumber":49,"author":{"gitId":"-"},"content":"    public CommandResult execute(Model model) throws CommandException {","lastModifiedDate":"2025-04-01T22:13:21","isFullCredit":false},{"lineNumber":50,"author":{"gitId":"-"},"content":"        requireNonNull(model);","lastModifiedDate":"2025-04-01T22:13:21","isFullCredit":false},{"lineNumber":51,"author":{"gitId":"jordon0802"},"content":"        String moduleName \u003d modTutGroupName.split(\"-\")[0];","lastModifiedDate":"2025-04-06T19:19:53","isFullCredit":false},{"lineNumber":52,"author":{"gitId":"jordon0802"},"content":"        String tutorialName \u003d modTutGroupName.split(\"-\")[1];","lastModifiedDate":"2025-04-06T19:19:53","isFullCredit":false},{"lineNumber":53,"author":{"gitId":"jordon0802"},"content":"","lastModifiedDate":"2025-04-06T19:19:53","isFullCredit":false},{"lineNumber":54,"author":{"gitId":"jordon0802"},"content":"        if (!ModTutGroup.getModuleMap().containsKey(moduleName)) {","lastModifiedDate":"2025-04-06T19:19:53","isFullCredit":false},{"lineNumber":55,"author":{"gitId":"jordon0802"},"content":"            throw new CommandException(String.format(MESSAGE_INVALID_MODULE_TUTORIAL_GROUP, modTutGroupName));","lastModifiedDate":"2025-04-06T19:19:53","isFullCredit":false},{"lineNumber":56,"author":{"gitId":"jordon0802"},"content":"        }","lastModifiedDate":"2025-04-06T19:19:53","isFullCredit":false},{"lineNumber":57,"author":{"gitId":"jordon0802"},"content":"","lastModifiedDate":"2025-04-06T19:19:53","isFullCredit":false},{"lineNumber":58,"author":{"gitId":"jordon0802"},"content":"        if (!ModTutGroup.getModuleMap().get(moduleName).containsKey(tutorialName)) {","lastModifiedDate":"2025-04-06T19:19:53","isFullCredit":false},{"lineNumber":59,"author":{"gitId":"jordon0802"},"content":"            throw new CommandException(String.format(MESSAGE_INVALID_MODULE_TUTORIAL_GROUP, modTutGroupName));","lastModifiedDate":"2025-04-06T19:19:53","isFullCredit":false},{"lineNumber":60,"author":{"gitId":"jordon0802"},"content":"        }","lastModifiedDate":"2025-04-06T19:19:53","isFullCredit":false},{"lineNumber":61,"author":{"gitId":"jordon0802"},"content":"        model.deleteModTut(new ModTutGroup(modTutGroupName));","lastModifiedDate":"2025-04-06T19:19:53","isFullCredit":false},{"lineNumber":62,"author":{"gitId":"jordon0802"},"content":"        return new CommandResult(String.format(MESSAGE_DELETE_TUT_SUCCESS, modTutGroupName),","lastModifiedDate":"2025-04-06T19:19:53","isFullCredit":false},{"lineNumber":63,"author":{"gitId":"-"},"content":"                false, false, false);","lastModifiedDate":"2025-04-03T23:24:34","isFullCredit":false},{"lineNumber":64,"author":{"gitId":"-"},"content":"    }","lastModifiedDate":"2025-04-01T23:46:19","isFullCredit":false},{"lineNumber":65,"author":{"gitId":"-"},"content":"","lastModifiedDate":"2025-04-01T23:46:19","isFullCredit":false},{"lineNumber":66,"author":{"gitId":"-"},"content":"    @Override","lastModifiedDate":"2025-04-01T23:46:19","isFullCredit":false},{"lineNumber":67,"author":{"gitId":"-"},"content":"    public boolean equals(Object other) {","lastModifiedDate":"2025-04-01T23:46:19","isFullCredit":false},{"lineNumber":68,"author":{"gitId":"-"},"content":"        if (other \u003d\u003d this) {","lastModifiedDate":"2025-04-01T23:46:19","isFullCredit":false},{"lineNumber":69,"author":{"gitId":"-"},"content":"            return true;","lastModifiedDate":"2025-04-01T23:46:19","isFullCredit":false},{"lineNumber":70,"author":{"gitId":"-"},"content":"        }","lastModifiedDate":"2025-04-01T23:46:19","isFullCredit":false},{"lineNumber":71,"author":{"gitId":"-"},"content":"","lastModifiedDate":"2025-04-01T23:46:19","isFullCredit":false},{"lineNumber":72,"author":{"gitId":"-"},"content":"        // instanceof handles nulls","lastModifiedDate":"2025-04-01T23:46:19","isFullCredit":false},{"lineNumber":73,"author":{"gitId":"-"},"content":"        if (!(other instanceof DeleteModTutCommand)) {","lastModifiedDate":"2025-04-01T23:46:19","isFullCredit":false},{"lineNumber":74,"author":{"gitId":"-"},"content":"            return false;","lastModifiedDate":"2025-04-01T23:46:19","isFullCredit":false},{"lineNumber":75,"author":{"gitId":"-"},"content":"        }","lastModifiedDate":"2025-04-01T23:46:19","isFullCredit":false},{"lineNumber":76,"author":{"gitId":"-"},"content":"","lastModifiedDate":"2025-04-01T23:46:19","isFullCredit":false},{"lineNumber":77,"author":{"gitId":"-"},"content":"        DeleteModTutCommand otherDeleteModCommand \u003d (DeleteModTutCommand) other;","lastModifiedDate":"2025-04-01T23:46:19","isFullCredit":false},{"lineNumber":78,"author":{"gitId":"jordon0802"},"content":"        return modTutGroupName.equals(otherDeleteModCommand.modTutGroupName);","lastModifiedDate":"2025-04-06T19:19:53","isFullCredit":false},{"lineNumber":79,"author":{"gitId":"-"},"content":"    }","lastModifiedDate":"2025-04-01T22:13:21","isFullCredit":false},{"lineNumber":80,"author":{"gitId":"-"},"content":"}","lastModifiedDate":"2025-04-01T22:13:21","isFullCredit":false}],"authorContributionMap":{"jordon0802":18,"-":62}},{"path":"src/main/java/seedu/address/logic/parser/DeleteModTutCommandParser.java","fileType":"functional-code","lines":[{"lineNumber":1,"author":{"gitId":"-"},"content":"package seedu.address.logic.parser;","lastModifiedDate":"2025-04-01T22:13:21","isFullCredit":false},{"lineNumber":2,"author":{"gitId":"-"},"content":"","lastModifiedDate":"2025-04-01T22:13:21","isFullCredit":false},{"lineNumber":3,"author":{"gitId":"-"},"content":"import static java.util.Objects.requireNonNull;","lastModifiedDate":"2025-04-01T22:13:21","isFullCredit":false},{"lineNumber":4,"author":{"gitId":"-"},"content":"import static seedu.address.logic.Messages.MESSAGE_INVALID_COMMAND_FORMAT;","lastModifiedDate":"2025-04-01T22:13:21","isFullCredit":false},{"lineNumber":5,"author":{"gitId":"jordon0802"},"content":"import static seedu.address.logic.Messages.MESSAGE_INVALID_MODULE_TUTORIAL_GROUP;","lastModifiedDate":"2025-04-06T19:19:53","isFullCredit":false},{"lineNumber":6,"author":{"gitId":"-"},"content":"","lastModifiedDate":"2025-04-01T22:13:21","isFullCredit":false},{"lineNumber":7,"author":{"gitId":"-"},"content":"import seedu.address.logic.commands.DeleteModTutCommand;","lastModifiedDate":"2025-04-01T22:13:21","isFullCredit":false},{"lineNumber":8,"author":{"gitId":"-"},"content":"import seedu.address.logic.parser.exceptions.ParseException;","lastModifiedDate":"2025-04-01T22:13:21","isFullCredit":false},{"lineNumber":9,"author":{"gitId":"-"},"content":"import seedu.address.model.person.ModTutGroup;","lastModifiedDate":"2025-04-01T22:13:21","isFullCredit":false},{"lineNumber":10,"author":{"gitId":"-"},"content":"","lastModifiedDate":"2025-04-01T22:13:21","isFullCredit":false},{"lineNumber":11,"author":{"gitId":"-"},"content":"/**","lastModifiedDate":"2025-04-01T22:13:21","isFullCredit":false},{"lineNumber":12,"author":{"gitId":"-"},"content":" * Parses the given {@code String} of arguments in the context of the DeleteModTutCommand","lastModifiedDate":"2025-04-01T22:13:21","isFullCredit":false},{"lineNumber":13,"author":{"gitId":"-"},"content":" * and returns a DeleteModTutCommand object for execution.","lastModifiedDate":"2025-04-01T22:13:21","isFullCredit":false},{"lineNumber":14,"author":{"gitId":"-"},"content":" * @throws ParseException if the user input does not conform to the expected format","lastModifiedDate":"2025-04-01T22:13:21","isFullCredit":false},{"lineNumber":15,"author":{"gitId":"-"},"content":" */","lastModifiedDate":"2025-04-01T22:13:21","isFullCredit":false},{"lineNumber":16,"author":{"gitId":"-"},"content":"public class DeleteModTutCommandParser implements Parser\u003cDeleteModTutCommand\u003e {","lastModifiedDate":"2025-04-01T22:13:21","isFullCredit":false},{"lineNumber":17,"author":{"gitId":"-"},"content":"","lastModifiedDate":"2025-04-01T22:13:21","isFullCredit":false},{"lineNumber":18,"author":{"gitId":"-"},"content":"    /**","lastModifiedDate":"2025-04-01T22:13:21","isFullCredit":false},{"lineNumber":19,"author":{"gitId":"-"},"content":"     * Parses the given {@code String} of arguments in the context of the DeleteModTutCommand","lastModifiedDate":"2025-04-01T22:13:21","isFullCredit":false},{"lineNumber":20,"author":{"gitId":"-"},"content":"     * and returns a DeleteModTutCommand object for execution.","lastModifiedDate":"2025-04-01T22:13:21","isFullCredit":false},{"lineNumber":21,"author":{"gitId":"-"},"content":"     * @throws ParseException if the user input does not conform to the expected format","lastModifiedDate":"2025-04-01T22:13:21","isFullCredit":false},{"lineNumber":22,"author":{"gitId":"-"},"content":"     */","lastModifiedDate":"2025-04-01T22:13:21","isFullCredit":false},{"lineNumber":23,"author":{"gitId":"-"},"content":"    public DeleteModTutCommand parse(String args) throws ParseException {","lastModifiedDate":"2025-04-01T22:13:21","isFullCredit":false},{"lineNumber":24,"author":{"gitId":"-"},"content":"        requireNonNull(args);","lastModifiedDate":"2025-04-01T22:13:21","isFullCredit":false},{"lineNumber":25,"author":{"gitId":"-"},"content":"        String keyword \u003d args.trim();","lastModifiedDate":"2025-04-01T22:13:21","isFullCredit":false},{"lineNumber":26,"author":{"gitId":"-"},"content":"        if (keyword.isEmpty()) {","lastModifiedDate":"2025-04-01T22:13:21","isFullCredit":false},{"lineNumber":27,"author":{"gitId":"-"},"content":"            throw new ParseException(","lastModifiedDate":"2025-04-01T22:13:21","isFullCredit":false},{"lineNumber":28,"author":{"gitId":"-"},"content":"                    String.format(MESSAGE_INVALID_COMMAND_FORMAT, DeleteModTutCommand.MESSAGE_USAGE));","lastModifiedDate":"2025-04-01T22:13:21","isFullCredit":false},{"lineNumber":29,"author":{"gitId":"-"},"content":"        }","lastModifiedDate":"2025-04-01T22:13:21","isFullCredit":false},{"lineNumber":30,"author":{"gitId":"jordon0802"},"content":"","lastModifiedDate":"2025-04-06T19:19:53","isFullCredit":false},{"lineNumber":31,"author":{"gitId":"jordon0802"},"content":"        if (!ModTutGroup.isValidModTutGroup(keyword)) {","lastModifiedDate":"2025-04-06T19:19:53","isFullCredit":false},{"lineNumber":32,"author":{"gitId":"jordon0802"},"content":"            throw new ParseException(String.format(MESSAGE_INVALID_MODULE_TUTORIAL_GROUP, keyword));","lastModifiedDate":"2025-04-06T19:19:53","isFullCredit":false},{"lineNumber":33,"author":{"gitId":"jordon0802"},"content":"        }","lastModifiedDate":"2025-04-06T19:19:53","isFullCredit":false},{"lineNumber":34,"author":{"gitId":"jordon0802"},"content":"","lastModifiedDate":"2025-04-06T19:19:53","isFullCredit":false},{"lineNumber":35,"author":{"gitId":"-"},"content":"        try {","lastModifiedDate":"2025-04-01T22:13:21","isFullCredit":false},{"lineNumber":36,"author":{"gitId":"jordon0802"},"content":"            return new DeleteModTutCommand(keyword.toUpperCase());","lastModifiedDate":"2025-04-06T19:19:53","isFullCredit":false},{"lineNumber":37,"author":{"gitId":"-"},"content":"        } catch (IllegalArgumentException e) {","lastModifiedDate":"2025-04-01T22:13:21","isFullCredit":false},{"lineNumber":38,"author":{"gitId":"-"},"content":"            throw new ParseException(\"Invalid ModTutGroup format. Expected format: MODULE-TUTORIAL\", e);","lastModifiedDate":"2025-04-01T22:13:21","isFullCredit":false},{"lineNumber":39,"author":{"gitId":"-"},"content":"        }","lastModifiedDate":"2025-04-01T22:13:21","isFullCredit":false},{"lineNumber":40,"author":{"gitId":"-"},"content":"    }","lastModifiedDate":"2025-04-01T22:13:21","isFullCredit":false},{"lineNumber":41,"author":{"gitId":"-"},"content":"}","lastModifiedDate":"2025-04-01T22:13:21","isFullCredit":false}],"authorContributionMap":{"jordon0802":7,"-":34}},{"path":"src/main/java/seedu/address/model/person/ModTutGroup.java","fileType":"functional-code","lines":[{"lineNumber":1,"author":{"gitId":"-"},"content":"package seedu.address.model.person;","lastModifiedDate":"2025-03-16T19:50:33","isFullCredit":false},{"lineNumber":2,"author":{"gitId":"-"},"content":"","lastModifiedDate":"2025-03-16T19:50:33","isFullCredit":false},{"lineNumber":3,"author":{"gitId":"-"},"content":"import static java.util.Objects.requireNonNull;","lastModifiedDate":"2025-03-16T19:50:33","isFullCredit":false},{"lineNumber":4,"author":{"gitId":"-"},"content":"import static seedu.address.commons.util.AppUtil.checkArgument;","lastModifiedDate":"2025-03-16T19:50:33","isFullCredit":false},{"lineNumber":5,"author":{"gitId":"-"},"content":"","lastModifiedDate":"2025-03-16T19:50:33","isFullCredit":false},{"lineNumber":6,"author":{"gitId":"-"},"content":"import java.util.HashMap;","lastModifiedDate":"2025-03-26T00:30:20","isFullCredit":false},{"lineNumber":7,"author":{"gitId":"-"},"content":"import java.util.Map;","lastModifiedDate":"2025-03-26T00:30:20","isFullCredit":false},{"lineNumber":8,"author":{"gitId":"-"},"content":"","lastModifiedDate":"2025-03-26T00:30:20","isFullCredit":false},{"lineNumber":9,"author":{"gitId":"-"},"content":"import seedu.address.commons.util.StringUtil;","lastModifiedDate":"2025-04-02T21:20:32","isFullCredit":false},{"lineNumber":10,"author":{"gitId":"-"},"content":"","lastModifiedDate":"2025-04-02T21:20:32","isFullCredit":false},{"lineNumber":11,"author":{"gitId":"-"},"content":"","lastModifiedDate":"2025-03-16T19:50:33","isFullCredit":false},{"lineNumber":12,"author":{"gitId":"-"},"content":"/**","lastModifiedDate":"2025-03-16T19:50:33","isFullCredit":false},{"lineNumber":13,"author":{"gitId":"-"},"content":" * Represents a Person\u0027s module - tutorial group in ConnectS.","lastModifiedDate":"2025-03-18T23:06:20","isFullCredit":false},{"lineNumber":14,"author":{"gitId":"-"},"content":" * Guarantees: immutable; is valid as declared in {@link #isValidModTutGroup(String)} (String)}","lastModifiedDate":"2025-03-16T19:50:33","isFullCredit":false},{"lineNumber":15,"author":{"gitId":"-"},"content":" */","lastModifiedDate":"2025-03-16T19:50:33","isFullCredit":false},{"lineNumber":16,"author":{"gitId":"-"},"content":"public class ModTutGroup {","lastModifiedDate":"2025-03-16T19:50:33","isFullCredit":false},{"lineNumber":17,"author":{"gitId":"-"},"content":"","lastModifiedDate":"2025-03-16T19:50:33","isFullCredit":false},{"lineNumber":18,"author":{"gitId":"-"},"content":"    public static final String MESSAGE_CONSTRAINTS \u003d \"Module - Tutorial Group should only contain \"","lastModifiedDate":"2025-03-18T23:09:19","isFullCredit":false},{"lineNumber":19,"author":{"gitId":"potatodudedude"},"content":"            + \"alphanumeric characters with a dash in between, and it should not be blank.\";","lastModifiedDate":"2025-04-07T13:11:38","isFullCredit":false},{"lineNumber":20,"author":{"gitId":"-"},"content":"    private static final String VALIDATION_REGEX \u003d \"^[A-Za-z0-9]+-[A-Za-z0-9]+$\";","lastModifiedDate":"2025-03-17T14:05:51","isFullCredit":false},{"lineNumber":21,"author":{"gitId":"-"},"content":"","lastModifiedDate":"2025-03-17T13:57:02","isFullCredit":false},{"lineNumber":22,"author":{"gitId":"-"},"content":"    private static final Map\u003cString, Map\u003cString, Integer\u003e\u003e moduleMap \u003d new HashMap\u003c\u003e();","lastModifiedDate":"2025-03-26T00:30:20","isFullCredit":false},{"lineNumber":23,"author":{"gitId":"-"},"content":"","lastModifiedDate":"2025-03-26T00:30:20","isFullCredit":false},{"lineNumber":24,"author":{"gitId":"-"},"content":"    public final String modTutGroupString;","lastModifiedDate":"2025-04-03T15:47:35","isFullCredit":false},{"lineNumber":25,"author":{"gitId":"-"},"content":"","lastModifiedDate":"2025-03-26T14:08:12","isFullCredit":false},{"lineNumber":26,"author":{"gitId":"-"},"content":"    private final Module module;","lastModifiedDate":"2025-03-26T00:30:20","isFullCredit":false},{"lineNumber":27,"author":{"gitId":"-"},"content":"    private final Tutorial tutorialGroup;","lastModifiedDate":"2025-03-26T00:30:20","isFullCredit":false},{"lineNumber":28,"author":{"gitId":"-"},"content":"","lastModifiedDate":"2025-03-24T16:18:48","isFullCredit":false},{"lineNumber":29,"author":{"gitId":"-"},"content":"    /**","lastModifiedDate":"2025-03-16T19:50:33","isFullCredit":false},{"lineNumber":30,"author":{"gitId":"-"},"content":"     * Constructs a module - tutorial group with given {@code modTutGroup} transformed into uppercase.","lastModifiedDate":"2025-04-02T21:20:32","isFullCredit":false},{"lineNumber":31,"author":{"gitId":"-"},"content":"     *","lastModifiedDate":"2025-03-16T19:50:33","isFullCredit":false},{"lineNumber":32,"author":{"gitId":"-"},"content":"     * @param modTutGroup valid module - tutorial group.","lastModifiedDate":"2025-03-16T19:50:33","isFullCredit":false},{"lineNumber":33,"author":{"gitId":"-"},"content":"     */","lastModifiedDate":"2025-03-16T19:50:33","isFullCredit":false},{"lineNumber":34,"author":{"gitId":"-"},"content":"    public ModTutGroup(String modTutGroup) {","lastModifiedDate":"2025-03-16T19:50:33","isFullCredit":false},{"lineNumber":35,"author":{"gitId":"-"},"content":"        requireNonNull(modTutGroup);","lastModifiedDate":"2025-03-16T19:50:33","isFullCredit":false},{"lineNumber":36,"author":{"gitId":"-"},"content":"        checkArgument(isValidModTutGroup(modTutGroup), MESSAGE_CONSTRAINTS);","lastModifiedDate":"2025-03-16T19:50:33","isFullCredit":false},{"lineNumber":37,"author":{"gitId":"-"},"content":"        assert StringUtil.isUpperCase(modTutGroup) : \"Module - Tutorial Group should be in uppercase\";","lastModifiedDate":"2025-04-02T21:20:32","isFullCredit":false},{"lineNumber":38,"author":{"gitId":"-"},"content":"        modTutGroupString \u003d modTutGroup;","lastModifiedDate":"2025-04-03T15:47:35","isFullCredit":false},{"lineNumber":39,"author":{"gitId":"-"},"content":"","lastModifiedDate":"2025-03-26T00:30:20","isFullCredit":false},{"lineNumber":40,"author":{"gitId":"-"},"content":"        String moduleString \u003d modTutGroup.split(\"-\")[0];","lastModifiedDate":"2025-03-26T00:30:20","isFullCredit":false},{"lineNumber":41,"author":{"gitId":"-"},"content":"        String tutorialString \u003d modTutGroup.split(\"-\")[1];","lastModifiedDate":"2025-03-26T00:30:20","isFullCredit":false},{"lineNumber":42,"author":{"gitId":"-"},"content":"","lastModifiedDate":"2025-03-26T00:30:20","isFullCredit":false},{"lineNumber":43,"author":{"gitId":"-"},"content":"        module \u003d new Module(moduleString);","lastModifiedDate":"2025-03-26T00:30:20","isFullCredit":false},{"lineNumber":44,"author":{"gitId":"-"},"content":"        tutorialGroup \u003d new Tutorial(tutorialString);","lastModifiedDate":"2025-03-26T00:30:20","isFullCredit":false},{"lineNumber":45,"author":{"gitId":"-"},"content":"","lastModifiedDate":"2025-03-26T00:30:20","isFullCredit":false},{"lineNumber":46,"author":{"gitId":"-"},"content":"        Map\u003cString, Integer\u003e tutorialMap;","lastModifiedDate":"2025-03-26T00:30:20","isFullCredit":false},{"lineNumber":47,"author":{"gitId":"-"},"content":"        if (!moduleMap.containsKey(moduleString)) {","lastModifiedDate":"2025-03-26T00:30:20","isFullCredit":false},{"lineNumber":48,"author":{"gitId":"-"},"content":"            tutorialMap \u003d new HashMap\u003c\u003e();","lastModifiedDate":"2025-03-26T00:30:20","isFullCredit":false},{"lineNumber":49,"author":{"gitId":"-"},"content":"            tutorialMap.put(tutorialString, 1);","lastModifiedDate":"2025-03-26T00:30:20","isFullCredit":false},{"lineNumber":50,"author":{"gitId":"-"},"content":"        } else {","lastModifiedDate":"2025-03-26T00:30:20","isFullCredit":false},{"lineNumber":51,"author":{"gitId":"-"},"content":"            tutorialMap \u003d moduleMap.get(moduleString);","lastModifiedDate":"2025-03-26T00:30:20","isFullCredit":false},{"lineNumber":52,"author":{"gitId":"-"},"content":"            if (moduleMap.get(moduleString).containsKey(tutorialString)) {","lastModifiedDate":"2025-03-26T00:30:20","isFullCredit":false},{"lineNumber":53,"author":{"gitId":"-"},"content":"                int count \u003d moduleMap.get(moduleString).get(tutorialString);","lastModifiedDate":"2025-03-26T00:30:20","isFullCredit":false},{"lineNumber":54,"author":{"gitId":"-"},"content":"                tutorialMap.put(tutorialString, count + 1);","lastModifiedDate":"2025-03-26T00:30:20","isFullCredit":false},{"lineNumber":55,"author":{"gitId":"-"},"content":"            } else {","lastModifiedDate":"2025-03-26T00:30:20","isFullCredit":false},{"lineNumber":56,"author":{"gitId":"-"},"content":"                tutorialMap.put(tutorialString, 1);","lastModifiedDate":"2025-03-26T00:30:20","isFullCredit":false},{"lineNumber":57,"author":{"gitId":"-"},"content":"            }","lastModifiedDate":"2025-03-26T00:30:20","isFullCredit":false},{"lineNumber":58,"author":{"gitId":"-"},"content":"        }","lastModifiedDate":"2025-03-26T00:30:20","isFullCredit":false},{"lineNumber":59,"author":{"gitId":"-"},"content":"        moduleMap.put(moduleString, tutorialMap);","lastModifiedDate":"2025-03-26T00:30:20","isFullCredit":false},{"lineNumber":60,"author":{"gitId":"-"},"content":"    }","lastModifiedDate":"2025-03-26T00:30:20","isFullCredit":false},{"lineNumber":61,"author":{"gitId":"-"},"content":"","lastModifiedDate":"2025-03-26T00:30:20","isFullCredit":false},{"lineNumber":62,"author":{"gitId":"-"},"content":"    /**","lastModifiedDate":"2025-04-03T16:01:48","isFullCredit":false},{"lineNumber":63,"author":{"gitId":"-"},"content":"     * Deletes {@code module} from the {@code moduleMap}.","lastModifiedDate":"2025-04-03T16:01:48","isFullCredit":false},{"lineNumber":64,"author":{"gitId":"-"},"content":"     * @param moduleName name of the module to be removed","lastModifiedDate":"2025-04-03T16:01:48","isFullCredit":false},{"lineNumber":65,"author":{"gitId":"-"},"content":"     */","lastModifiedDate":"2025-04-03T16:01:48","isFullCredit":false},{"lineNumber":66,"author":{"gitId":"-"},"content":"    public static void deleteModule(String moduleName) {","lastModifiedDate":"2025-04-03T15:47:35","isFullCredit":false},{"lineNumber":67,"author":{"gitId":"-"},"content":"        moduleMap.remove(moduleName);","lastModifiedDate":"2025-04-03T15:47:35","isFullCredit":false},{"lineNumber":68,"author":{"gitId":"-"},"content":"    }","lastModifiedDate":"2025-04-03T15:47:35","isFullCredit":false},{"lineNumber":69,"author":{"gitId":"-"},"content":"","lastModifiedDate":"2025-04-03T15:47:35","isFullCredit":false},{"lineNumber":70,"author":{"gitId":"-"},"content":"    /**","lastModifiedDate":"2025-04-03T16:01:48","isFullCredit":false},{"lineNumber":71,"author":{"gitId":"-"},"content":"     * Deletes {@code tutorial} from the {@code moduleMap}.","lastModifiedDate":"2025-04-03T16:01:48","isFullCredit":false},{"lineNumber":72,"author":{"gitId":"-"},"content":"     * @param modTutGroup name of the tutorial to be removed","lastModifiedDate":"2025-04-03T16:01:48","isFullCredit":false},{"lineNumber":73,"author":{"gitId":"-"},"content":"     */","lastModifiedDate":"2025-04-03T16:01:48","isFullCredit":false},{"lineNumber":74,"author":{"gitId":"-"},"content":"    public static void deleteTutorial(String modTutGroup) {","lastModifiedDate":"2025-04-03T15:47:35","isFullCredit":false},{"lineNumber":75,"author":{"gitId":"-"},"content":"        requireNonNull(modTutGroup);","lastModifiedDate":"2025-04-03T15:47:35","isFullCredit":false},{"lineNumber":76,"author":{"gitId":"-"},"content":"        checkArgument(isValidModTutGroup(modTutGroup), MESSAGE_CONSTRAINTS);","lastModifiedDate":"2025-04-03T15:47:35","isFullCredit":false},{"lineNumber":77,"author":{"gitId":"-"},"content":"        assert StringUtil.isUpperCase(modTutGroup) : \"Module - Tutorial Group should be in uppercase\";","lastModifiedDate":"2025-04-03T15:47:35","isFullCredit":false},{"lineNumber":78,"author":{"gitId":"-"},"content":"","lastModifiedDate":"2025-04-03T15:47:35","isFullCredit":false},{"lineNumber":79,"author":{"gitId":"-"},"content":"        String moduleString \u003d modTutGroup.split(\"-\")[0];","lastModifiedDate":"2025-04-03T15:47:35","isFullCredit":false},{"lineNumber":80,"author":{"gitId":"-"},"content":"        String tutorialString \u003d modTutGroup.split(\"-\")[1];","lastModifiedDate":"2025-04-03T15:47:35","isFullCredit":false},{"lineNumber":81,"author":{"gitId":"-"},"content":"","lastModifiedDate":"2025-04-03T15:47:35","isFullCredit":false},{"lineNumber":82,"author":{"gitId":"-"},"content":"        if (moduleMap.containsKey(moduleString)) {","lastModifiedDate":"2025-04-03T15:47:35","isFullCredit":false},{"lineNumber":83,"author":{"gitId":"-"},"content":"            moduleMap.get(moduleString).remove(tutorialString);","lastModifiedDate":"2025-04-03T15:47:35","isFullCredit":false},{"lineNumber":84,"author":{"gitId":"jordon0802"},"content":"            if (moduleMap.get(moduleString).isEmpty()) {","lastModifiedDate":"2025-04-06T19:19:53","isFullCredit":false},{"lineNumber":85,"author":{"gitId":"jordon0802"},"content":"                moduleMap.remove(moduleString);","lastModifiedDate":"2025-04-06T19:19:53","isFullCredit":false},{"lineNumber":86,"author":{"gitId":"jordon0802"},"content":"            }","lastModifiedDate":"2025-04-06T19:19:53","isFullCredit":false},{"lineNumber":87,"author":{"gitId":"-"},"content":"        }","lastModifiedDate":"2025-04-03T15:47:35","isFullCredit":false},{"lineNumber":88,"author":{"gitId":"-"},"content":"    }","lastModifiedDate":"2025-04-03T15:47:35","isFullCredit":false},{"lineNumber":89,"author":{"gitId":"-"},"content":"","lastModifiedDate":"2025-04-03T15:47:35","isFullCredit":false},{"lineNumber":90,"author":{"gitId":"-"},"content":"    /**","lastModifiedDate":"2025-04-03T16:01:48","isFullCredit":false},{"lineNumber":91,"author":{"gitId":"-"},"content":"     * Decrements the count or removes the {@code tutorial} from the {@code moduleMap}. If the {@code tutorial} removed","lastModifiedDate":"2025-04-03T16:01:48","isFullCredit":false},{"lineNumber":92,"author":{"gitId":"-"},"content":"     * is the last {@code tutorial} in the {@code module}, the {@code module} will be removed from the {@code moduleMap}","lastModifiedDate":"2025-04-03T16:01:48","isFullCredit":false},{"lineNumber":93,"author":{"gitId":"-"},"content":"     * as well.","lastModifiedDate":"2025-04-03T16:01:48","isFullCredit":false},{"lineNumber":94,"author":{"gitId":"-"},"content":"     * @param modTutGroup name of the tutorial to be decremented/removed","lastModifiedDate":"2025-04-03T16:01:48","isFullCredit":false},{"lineNumber":95,"author":{"gitId":"-"},"content":"     */","lastModifiedDate":"2025-04-03T16:01:48","isFullCredit":false},{"lineNumber":96,"author":{"gitId":"-"},"content":"    public static void decreaseTutorialCount(String modTutGroup) {","lastModifiedDate":"2025-04-03T15:47:35","isFullCredit":false},{"lineNumber":97,"author":{"gitId":"-"},"content":"        requireNonNull(modTutGroup);","lastModifiedDate":"2025-04-03T15:47:35","isFullCredit":false},{"lineNumber":98,"author":{"gitId":"-"},"content":"        checkArgument(isValidModTutGroup(modTutGroup), MESSAGE_CONSTRAINTS);","lastModifiedDate":"2025-04-03T15:47:35","isFullCredit":false},{"lineNumber":99,"author":{"gitId":"-"},"content":"        assert StringUtil.isUpperCase(modTutGroup) : \"Module - Tutorial Group should be in uppercase\";","lastModifiedDate":"2025-04-03T15:47:35","isFullCredit":false},{"lineNumber":100,"author":{"gitId":"-"},"content":"","lastModifiedDate":"2025-04-03T15:47:35","isFullCredit":false},{"lineNumber":101,"author":{"gitId":"-"},"content":"        String moduleString \u003d modTutGroup.split(\"-\")[0];","lastModifiedDate":"2025-04-03T15:47:35","isFullCredit":false},{"lineNumber":102,"author":{"gitId":"-"},"content":"        String tutorialString \u003d modTutGroup.split(\"-\")[1];","lastModifiedDate":"2025-04-03T15:47:35","isFullCredit":false},{"lineNumber":103,"author":{"gitId":"-"},"content":"","lastModifiedDate":"2025-04-03T15:47:35","isFullCredit":false},{"lineNumber":104,"author":{"gitId":"-"},"content":"        if (moduleMap.containsKey(moduleString)) {","lastModifiedDate":"2025-04-03T15:47:35","isFullCredit":false},{"lineNumber":105,"author":{"gitId":"-"},"content":"            Map\u003cString, Integer\u003e tutorialMap \u003d moduleMap.get(moduleString);","lastModifiedDate":"2025-04-03T15:47:35","isFullCredit":false},{"lineNumber":106,"author":{"gitId":"-"},"content":"            if (moduleMap.get(moduleString).containsKey(tutorialString)) {","lastModifiedDate":"2025-04-03T15:47:35","isFullCredit":false},{"lineNumber":107,"author":{"gitId":"-"},"content":"                int count \u003d moduleMap.get(moduleString).get(tutorialString);","lastModifiedDate":"2025-04-03T15:47:35","isFullCredit":false},{"lineNumber":108,"author":{"gitId":"-"},"content":"                if (count \u003c\u003d 1) {","lastModifiedDate":"2025-04-03T15:47:35","isFullCredit":false},{"lineNumber":109,"author":{"gitId":"-"},"content":"                    tutorialMap.remove(tutorialString);","lastModifiedDate":"2025-04-03T15:47:35","isFullCredit":false},{"lineNumber":110,"author":{"gitId":"-"},"content":"                    if (tutorialMap.isEmpty()) {","lastModifiedDate":"2025-04-03T15:47:35","isFullCredit":false},{"lineNumber":111,"author":{"gitId":"-"},"content":"                        moduleMap.remove(moduleString);","lastModifiedDate":"2025-04-03T15:47:35","isFullCredit":false},{"lineNumber":112,"author":{"gitId":"-"},"content":"                    }","lastModifiedDate":"2025-04-03T15:47:35","isFullCredit":false},{"lineNumber":113,"author":{"gitId":"-"},"content":"                } else {","lastModifiedDate":"2025-04-03T15:47:35","isFullCredit":false},{"lineNumber":114,"author":{"gitId":"-"},"content":"                    tutorialMap.put(tutorialString, count - 1);","lastModifiedDate":"2025-04-03T15:47:35","isFullCredit":false},{"lineNumber":115,"author":{"gitId":"-"},"content":"                }","lastModifiedDate":"2025-04-03T15:47:35","isFullCredit":false},{"lineNumber":116,"author":{"gitId":"-"},"content":"            }","lastModifiedDate":"2025-04-03T15:47:35","isFullCredit":false},{"lineNumber":117,"author":{"gitId":"-"},"content":"        }","lastModifiedDate":"2025-04-03T15:47:35","isFullCredit":false},{"lineNumber":118,"author":{"gitId":"-"},"content":"    }","lastModifiedDate":"2025-04-03T15:47:35","isFullCredit":false},{"lineNumber":119,"author":{"gitId":"-"},"content":"","lastModifiedDate":"2025-04-03T15:47:35","isFullCredit":false},{"lineNumber":120,"author":{"gitId":"-"},"content":"    public static Map\u003cString, Map\u003cString, Integer\u003e\u003e getModuleMap() {","lastModifiedDate":"2025-03-26T00:30:20","isFullCredit":false},{"lineNumber":121,"author":{"gitId":"-"},"content":"        return moduleMap;","lastModifiedDate":"2025-03-26T00:30:20","isFullCredit":false},{"lineNumber":122,"author":{"gitId":"-"},"content":"    }","lastModifiedDate":"2025-03-26T00:30:20","isFullCredit":false},{"lineNumber":123,"author":{"gitId":"-"},"content":"","lastModifiedDate":"2025-03-26T00:30:20","isFullCredit":false},{"lineNumber":124,"author":{"gitId":"-"},"content":"    public Module getModule() {","lastModifiedDate":"2025-03-26T00:30:20","isFullCredit":false},{"lineNumber":125,"author":{"gitId":"-"},"content":"        return module;","lastModifiedDate":"2025-03-26T00:30:20","isFullCredit":false},{"lineNumber":126,"author":{"gitId":"-"},"content":"    }","lastModifiedDate":"2025-03-26T00:30:20","isFullCredit":false},{"lineNumber":127,"author":{"gitId":"-"},"content":"","lastModifiedDate":"2025-03-26T00:30:20","isFullCredit":false},{"lineNumber":128,"author":{"gitId":"-"},"content":"    public Tutorial getTutorial() {","lastModifiedDate":"2025-03-26T00:30:20","isFullCredit":false},{"lineNumber":129,"author":{"gitId":"-"},"content":"        return tutorialGroup;","lastModifiedDate":"2025-03-26T00:30:20","isFullCredit":false},{"lineNumber":130,"author":{"gitId":"-"},"content":"    }","lastModifiedDate":"2025-03-16T19:50:33","isFullCredit":false},{"lineNumber":131,"author":{"gitId":"-"},"content":"","lastModifiedDate":"2025-03-16T19:50:33","isFullCredit":false},{"lineNumber":132,"author":{"gitId":"-"},"content":"    /**","lastModifiedDate":"2025-03-16T19:50:33","isFullCredit":false},{"lineNumber":133,"author":{"gitId":"-"},"content":"     * Returns if a given string is a valid module - tutorial group.","lastModifiedDate":"2025-03-16T19:50:33","isFullCredit":false},{"lineNumber":134,"author":{"gitId":"-"},"content":"     */","lastModifiedDate":"2025-03-16T19:50:33","isFullCredit":false},{"lineNumber":135,"author":{"gitId":"-"},"content":"    public static boolean isValidModTutGroup(String test) {","lastModifiedDate":"2025-03-16T19:50:33","isFullCredit":false},{"lineNumber":136,"author":{"gitId":"-"},"content":"        return test.matches(VALIDATION_REGEX);","lastModifiedDate":"2025-03-16T19:50:33","isFullCredit":false},{"lineNumber":137,"author":{"gitId":"-"},"content":"    }","lastModifiedDate":"2025-03-16T19:50:33","isFullCredit":false},{"lineNumber":138,"author":{"gitId":"-"},"content":"","lastModifiedDate":"2025-03-16T19:50:33","isFullCredit":false},{"lineNumber":139,"author":{"gitId":"-"},"content":"    @Override","lastModifiedDate":"2025-03-16T19:50:33","isFullCredit":false},{"lineNumber":140,"author":{"gitId":"-"},"content":"    public String toString() {","lastModifiedDate":"2025-03-16T19:50:33","isFullCredit":false},{"lineNumber":141,"author":{"gitId":"-"},"content":"        return modTutGroupString;","lastModifiedDate":"2025-04-03T15:47:35","isFullCredit":false},{"lineNumber":142,"author":{"gitId":"-"},"content":"    }","lastModifiedDate":"2025-03-16T19:50:33","isFullCredit":false},{"lineNumber":143,"author":{"gitId":"-"},"content":"","lastModifiedDate":"2025-03-16T19:50:33","isFullCredit":false},{"lineNumber":144,"author":{"gitId":"-"},"content":"    @Override","lastModifiedDate":"2025-03-16T19:50:33","isFullCredit":false},{"lineNumber":145,"author":{"gitId":"-"},"content":"    public boolean equals(Object other) {","lastModifiedDate":"2025-03-16T19:50:33","isFullCredit":false},{"lineNumber":146,"author":{"gitId":"-"},"content":"        if (other \u003d\u003d this) {","lastModifiedDate":"2025-03-16T19:50:33","isFullCredit":false},{"lineNumber":147,"author":{"gitId":"-"},"content":"            return true;","lastModifiedDate":"2025-03-16T19:50:33","isFullCredit":false},{"lineNumber":148,"author":{"gitId":"-"},"content":"        }","lastModifiedDate":"2025-03-16T19:50:33","isFullCredit":false},{"lineNumber":149,"author":{"gitId":"-"},"content":"","lastModifiedDate":"2025-03-16T19:50:33","isFullCredit":false},{"lineNumber":150,"author":{"gitId":"-"},"content":"        // instanceof handles nulls","lastModifiedDate":"2025-03-16T19:50:33","isFullCredit":false},{"lineNumber":151,"author":{"gitId":"-"},"content":"        if (!(other instanceof ModTutGroup)) {","lastModifiedDate":"2025-03-16T19:50:33","isFullCredit":false},{"lineNumber":152,"author":{"gitId":"-"},"content":"            return false;","lastModifiedDate":"2025-03-16T19:50:33","isFullCredit":false},{"lineNumber":153,"author":{"gitId":"-"},"content":"        }","lastModifiedDate":"2025-03-16T19:50:33","isFullCredit":false},{"lineNumber":154,"author":{"gitId":"-"},"content":"","lastModifiedDate":"2025-03-16T19:50:33","isFullCredit":false},{"lineNumber":155,"author":{"gitId":"-"},"content":"        ModTutGroup otherModTutGroup \u003d (ModTutGroup) other;","lastModifiedDate":"2025-03-16T19:50:33","isFullCredit":false},{"lineNumber":156,"author":{"gitId":"-"},"content":"        return this.module.equals(otherModTutGroup.getModule())","lastModifiedDate":"2025-04-01T22:30:49","isFullCredit":false},{"lineNumber":157,"author":{"gitId":"-"},"content":"                \u0026\u0026 this.tutorialGroup.equals(otherModTutGroup.getTutorial());","lastModifiedDate":"2025-04-01T22:30:49","isFullCredit":false},{"lineNumber":158,"author":{"gitId":"-"},"content":"    }","lastModifiedDate":"2025-03-16T19:50:33","isFullCredit":false},{"lineNumber":159,"author":{"gitId":"-"},"content":"","lastModifiedDate":"2025-03-16T19:50:33","isFullCredit":false},{"lineNumber":160,"author":{"gitId":"-"},"content":"    @Override","lastModifiedDate":"2025-03-16T19:50:33","isFullCredit":false},{"lineNumber":161,"author":{"gitId":"-"},"content":"    public int hashCode() {","lastModifiedDate":"2025-03-16T19:50:33","isFullCredit":false},{"lineNumber":162,"author":{"gitId":"-"},"content":"        return modTutGroupString.hashCode();","lastModifiedDate":"2025-04-03T15:47:35","isFullCredit":false},{"lineNumber":163,"author":{"gitId":"-"},"content":"    }","lastModifiedDate":"2025-03-16T19:50:33","isFullCredit":false},{"lineNumber":164,"author":{"gitId":"-"},"content":"","lastModifiedDate":"2025-03-16T19:55:42","isFullCredit":false},{"lineNumber":165,"author":{"gitId":"-"},"content":"}","lastModifiedDate":"2025-03-16T19:50:33","isFullCredit":false}],"authorContributionMap":{"potatodudedude":1,"jordon0802":3,"-":161}},{"path":"src/test/java/seedu/address/logic/commands/DeleteModTutCommandTest.java","fileType":"test-code","lines":[{"lineNumber":1,"author":{"gitId":"-"},"content":"package seedu.address.logic.commands;","lastModifiedDate":"2025-04-01T23:46:19","isFullCredit":false},{"lineNumber":2,"author":{"gitId":"-"},"content":"","lastModifiedDate":"2025-04-01T23:46:19","isFullCredit":false},{"lineNumber":3,"author":{"gitId":"-"},"content":"import static org.junit.jupiter.api.Assertions.assertFalse;","lastModifiedDate":"2025-04-01T23:46:19","isFullCredit":false},{"lineNumber":4,"author":{"gitId":"jordon0802"},"content":"import static org.junit.jupiter.api.Assertions.assertThrows;","lastModifiedDate":"2025-04-06T19:19:53","isFullCredit":false},{"lineNumber":5,"author":{"gitId":"-"},"content":"import static org.junit.jupiter.api.Assertions.assertTrue;","lastModifiedDate":"2025-04-01T23:46:19","isFullCredit":false},{"lineNumber":6,"author":{"gitId":"-"},"content":"import static seedu.address.logic.commands.CommandTestUtil.VALID_MODTUT_AMY;","lastModifiedDate":"2025-04-01T23:46:19","isFullCredit":false},{"lineNumber":7,"author":{"gitId":"-"},"content":"import static seedu.address.logic.commands.CommandTestUtil.VALID_MODTUT_BOB;","lastModifiedDate":"2025-04-01T23:46:19","isFullCredit":false},{"lineNumber":8,"author":{"gitId":"-"},"content":"import static seedu.address.testutil.TypicalPersons.getSortedTypicalAddressBook;","lastModifiedDate":"2025-04-02T00:03:44","isFullCredit":false},{"lineNumber":9,"author":{"gitId":"-"},"content":"","lastModifiedDate":"2025-04-01T23:46:19","isFullCredit":false},{"lineNumber":10,"author":{"gitId":"-"},"content":"import org.junit.jupiter.api.Test;","lastModifiedDate":"2025-04-02T00:06:36","isFullCredit":false},{"lineNumber":11,"author":{"gitId":"-"},"content":"","lastModifiedDate":"2025-04-02T00:06:36","isFullCredit":false},{"lineNumber":12,"author":{"gitId":"jordon0802"},"content":"import seedu.address.logic.commands.exceptions.CommandException;","lastModifiedDate":"2025-04-06T19:19:53","isFullCredit":false},{"lineNumber":13,"author":{"gitId":"-"},"content":"import seedu.address.model.Model;","lastModifiedDate":"2025-04-02T00:06:36","isFullCredit":false},{"lineNumber":14,"author":{"gitId":"-"},"content":"import seedu.address.model.ModelManager;","lastModifiedDate":"2025-04-02T00:06:36","isFullCredit":false},{"lineNumber":15,"author":{"gitId":"-"},"content":"import seedu.address.model.UserPrefs;","lastModifiedDate":"2025-04-02T00:06:36","isFullCredit":false},{"lineNumber":16,"author":{"gitId":"-"},"content":"","lastModifiedDate":"2025-04-02T00:06:36","isFullCredit":false},{"lineNumber":17,"author":{"gitId":"-"},"content":"","lastModifiedDate":"2025-04-02T00:06:36","isFullCredit":false},{"lineNumber":18,"author":{"gitId":"-"},"content":"public class DeleteModTutCommandTest {","lastModifiedDate":"2025-04-01T23:46:19","isFullCredit":false},{"lineNumber":19,"author":{"gitId":"-"},"content":"    private Model model \u003d new ModelManager(getSortedTypicalAddressBook(), new UserPrefs());","lastModifiedDate":"2025-04-02T00:03:44","isFullCredit":false},{"lineNumber":20,"author":{"gitId":"-"},"content":"","lastModifiedDate":"2025-04-01T23:46:19","isFullCredit":false},{"lineNumber":21,"author":{"gitId":"-"},"content":"    @Test","lastModifiedDate":"2025-04-01T23:46:19","isFullCredit":false},{"lineNumber":22,"author":{"gitId":"jordon0802"},"content":"    public void execute_invalidModTut_throwsCommandException() {","lastModifiedDate":"2025-04-06T19:19:53","isFullCredit":false},{"lineNumber":23,"author":{"gitId":"jordon0802"},"content":"        String nonExistentModTutGroup \u003d \"Invalid-TutGroup\";","lastModifiedDate":"2025-04-06T19:19:53","isFullCredit":false},{"lineNumber":24,"author":{"gitId":"-"},"content":"","lastModifiedDate":"2025-04-01T23:46:19","isFullCredit":false},{"lineNumber":25,"author":{"gitId":"jordon0802"},"content":"        DeleteModTutCommand deleteModTutCommand \u003d new DeleteModTutCommand(nonExistentModTutGroup);","lastModifiedDate":"2025-04-06T19:19:53","isFullCredit":false},{"lineNumber":26,"author":{"gitId":"-"},"content":"","lastModifiedDate":"2025-04-01T23:46:19","isFullCredit":false},{"lineNumber":27,"author":{"gitId":"jordon0802"},"content":"        assertThrows(CommandException.class, () -\u003e deleteModTutCommand.execute(model));","lastModifiedDate":"2025-04-06T19:19:53","isFullCredit":false},{"lineNumber":28,"author":{"gitId":"-"},"content":"    }","lastModifiedDate":"2025-04-01T23:46:19","isFullCredit":false},{"lineNumber":29,"author":{"gitId":"-"},"content":"","lastModifiedDate":"2025-04-01T23:46:19","isFullCredit":false},{"lineNumber":30,"author":{"gitId":"-"},"content":"    @Test","lastModifiedDate":"2025-04-01T23:46:19","isFullCredit":false},{"lineNumber":31,"author":{"gitId":"-"},"content":"    public void equals() {","lastModifiedDate":"2025-04-01T23:46:19","isFullCredit":false},{"lineNumber":32,"author":{"gitId":"jordon0802"},"content":"        DeleteModTutCommand deleteModTutFirstCommand \u003d new DeleteModTutCommand(VALID_MODTUT_AMY);","lastModifiedDate":"2025-04-06T19:19:53","isFullCredit":false},{"lineNumber":33,"author":{"gitId":"jordon0802"},"content":"        DeleteModTutCommand deleteModTutSecondCommand \u003d new DeleteModTutCommand(VALID_MODTUT_BOB);","lastModifiedDate":"2025-04-06T19:19:53","isFullCredit":false},{"lineNumber":34,"author":{"gitId":"-"},"content":"        //same object -\u003e returns true","lastModifiedDate":"2025-04-01T23:46:19","isFullCredit":false},{"lineNumber":35,"author":{"gitId":"-"},"content":"        assertTrue(deleteModTutFirstCommand.equals(deleteModTutFirstCommand));","lastModifiedDate":"2025-04-01T23:46:19","isFullCredit":false},{"lineNumber":36,"author":{"gitId":"-"},"content":"","lastModifiedDate":"2025-04-01T23:46:19","isFullCredit":false},{"lineNumber":37,"author":{"gitId":"-"},"content":"        //same values -\u003e returns true","lastModifiedDate":"2025-04-01T23:46:19","isFullCredit":false},{"lineNumber":38,"author":{"gitId":"jordon0802"},"content":"        DeleteModTutCommand deleteModTutFirstCommandCopy \u003d new DeleteModTutCommand(VALID_MODTUT_AMY);","lastModifiedDate":"2025-04-06T19:19:53","isFullCredit":false},{"lineNumber":39,"author":{"gitId":"-"},"content":"        assertTrue(deleteModTutFirstCommand.equals(deleteModTutFirstCommandCopy));","lastModifiedDate":"2025-04-01T23:46:19","isFullCredit":false},{"lineNumber":40,"author":{"gitId":"-"},"content":"","lastModifiedDate":"2025-04-01T23:46:19","isFullCredit":false},{"lineNumber":41,"author":{"gitId":"-"},"content":"","lastModifiedDate":"2025-04-01T23:46:19","isFullCredit":false},{"lineNumber":42,"author":{"gitId":"-"},"content":"        //different types -\u003e returns false","lastModifiedDate":"2025-04-01T23:46:19","isFullCredit":false},{"lineNumber":43,"author":{"gitId":"-"},"content":"        assertFalse(deleteModTutFirstCommand.equals(1));","lastModifiedDate":"2025-04-01T23:46:19","isFullCredit":false},{"lineNumber":44,"author":{"gitId":"-"},"content":"","lastModifiedDate":"2025-04-01T23:46:19","isFullCredit":false},{"lineNumber":45,"author":{"gitId":"-"},"content":"        //null -\u003e returns false","lastModifiedDate":"2025-04-01T23:46:19","isFullCredit":false},{"lineNumber":46,"author":{"gitId":"-"},"content":"        assertFalse(deleteModTutFirstCommand.equals(null));","lastModifiedDate":"2025-04-01T23:46:19","isFullCredit":false},{"lineNumber":47,"author":{"gitId":"-"},"content":"","lastModifiedDate":"2025-04-01T23:46:19","isFullCredit":false},{"lineNumber":48,"author":{"gitId":"-"},"content":"        //different person -\u003e returns false","lastModifiedDate":"2025-04-01T23:46:19","isFullCredit":false},{"lineNumber":49,"author":{"gitId":"-"},"content":"        assertFalse(deleteModTutFirstCommand.equals(deleteModTutSecondCommand));","lastModifiedDate":"2025-04-01T23:46:19","isFullCredit":false},{"lineNumber":50,"author":{"gitId":"-"},"content":"    }","lastModifiedDate":"2025-04-01T23:46:19","isFullCredit":false},{"lineNumber":51,"author":{"gitId":"-"},"content":"}","lastModifiedDate":"2025-04-01T23:46:19","isFullCredit":false}],"authorContributionMap":{"jordon0802":9,"-":42}},{"path":"src/test/java/seedu/address/logic/parser/AddressBookParserTest.java","fileType":"test-code","lines":[{"lineNumber":1,"author":{"gitId":"-"},"content":"package seedu.address.logic.parser;","lastModifiedDate":"2025-03-19T20:16:42","isFullCredit":false},{"lineNumber":2,"author":{"gitId":"-"},"content":"","lastModifiedDate":"2025-03-19T20:16:42","isFullCredit":false},{"lineNumber":3,"author":{"gitId":"-"},"content":"import static org.junit.jupiter.api.Assertions.assertEquals;","lastModifiedDate":"2025-03-19T20:16:42","isFullCredit":false},{"lineNumber":4,"author":{"gitId":"-"},"content":"import static org.junit.jupiter.api.Assertions.assertTrue;","lastModifiedDate":"2025-03-19T20:16:42","isFullCredit":false},{"lineNumber":5,"author":{"gitId":"-"},"content":"import static seedu.address.logic.Messages.MESSAGE_INVALID_COMMAND_FORMAT;","lastModifiedDate":"2025-03-19T20:16:42","isFullCredit":false},{"lineNumber":6,"author":{"gitId":"-"},"content":"import static seedu.address.logic.Messages.MESSAGE_UNKNOWN_COMMAND;","lastModifiedDate":"2025-03-19T20:16:42","isFullCredit":false},{"lineNumber":7,"author":{"gitId":"-"},"content":"import static seedu.address.testutil.Assert.assertThrows;","lastModifiedDate":"2025-03-19T20:16:42","isFullCredit":false},{"lineNumber":8,"author":{"gitId":"-"},"content":"import static seedu.address.testutil.TypicalIndexes.INDEX_FIRST_PERSON;","lastModifiedDate":"2025-03-19T20:16:42","isFullCredit":false},{"lineNumber":9,"author":{"gitId":"-"},"content":"","lastModifiedDate":"2025-03-19T20:16:42","isFullCredit":false},{"lineNumber":10,"author":{"gitId":"-"},"content":"import java.util.Arrays;","lastModifiedDate":"2025-03-19T20:16:42","isFullCredit":false},{"lineNumber":11,"author":{"gitId":"-"},"content":"import java.util.List;","lastModifiedDate":"2025-03-19T20:16:42","isFullCredit":false},{"lineNumber":12,"author":{"gitId":"-"},"content":"import java.util.stream.Collectors;","lastModifiedDate":"2025-03-19T20:16:42","isFullCredit":false},{"lineNumber":13,"author":{"gitId":"-"},"content":"","lastModifiedDate":"2025-03-19T20:16:42","isFullCredit":false},{"lineNumber":14,"author":{"gitId":"-"},"content":"import org.junit.jupiter.api.Test;","lastModifiedDate":"2025-03-19T20:16:42","isFullCredit":false},{"lineNumber":15,"author":{"gitId":"-"},"content":"","lastModifiedDate":"2025-03-19T20:16:42","isFullCredit":false},{"lineNumber":16,"author":{"gitId":"-"},"content":"import seedu.address.logic.commands.AddCommand;","lastModifiedDate":"2025-03-19T20:16:42","isFullCredit":false},{"lineNumber":17,"author":{"gitId":"-"},"content":"import seedu.address.logic.commands.ClearCommand;","lastModifiedDate":"2025-03-19T20:16:42","isFullCredit":false},{"lineNumber":18,"author":{"gitId":"-"},"content":"import seedu.address.logic.commands.DeleteCommand;","lastModifiedDate":"2025-03-19T20:16:42","isFullCredit":false},{"lineNumber":19,"author":{"gitId":"-"},"content":"import seedu.address.logic.commands.DeleteModCommand;","lastModifiedDate":"2025-04-03T21:33:22","isFullCredit":false},{"lineNumber":20,"author":{"gitId":"-"},"content":"import seedu.address.logic.commands.DeleteModTutCommand;","lastModifiedDate":"2025-04-03T21:33:22","isFullCredit":false},{"lineNumber":21,"author":{"gitId":"-"},"content":"import seedu.address.logic.commands.EditCommand;","lastModifiedDate":"2025-03-19T20:16:42","isFullCredit":false},{"lineNumber":22,"author":{"gitId":"-"},"content":"import seedu.address.logic.commands.EditCommand.EditPersonDescriptor;","lastModifiedDate":"2025-03-19T20:16:42","isFullCredit":false},{"lineNumber":23,"author":{"gitId":"-"},"content":"import seedu.address.logic.commands.ExitCommand;","lastModifiedDate":"2025-03-19T20:16:42","isFullCredit":false},{"lineNumber":24,"author":{"gitId":"-"},"content":"import seedu.address.logic.commands.FindCommand;","lastModifiedDate":"2025-03-19T20:16:42","isFullCredit":false},{"lineNumber":25,"author":{"gitId":"-"},"content":"import seedu.address.logic.commands.HelpCommand;","lastModifiedDate":"2025-03-19T20:16:42","isFullCredit":false},{"lineNumber":26,"author":{"gitId":"-"},"content":"import seedu.address.logic.commands.ListCommand;","lastModifiedDate":"2025-03-19T20:16:42","isFullCredit":false},{"lineNumber":27,"author":{"gitId":"-"},"content":"import seedu.address.logic.commands.SortCommand;","lastModifiedDate":"2025-03-25T22:28:56","isFullCredit":false},{"lineNumber":28,"author":{"gitId":"-"},"content":"import seedu.address.logic.parser.exceptions.ParseException;","lastModifiedDate":"2025-03-19T20:16:42","isFullCredit":false},{"lineNumber":29,"author":{"gitId":"-"},"content":"import seedu.address.model.person.Module;","lastModifiedDate":"2025-04-03T21:33:22","isFullCredit":false},{"lineNumber":30,"author":{"gitId":"-"},"content":"import seedu.address.model.person.Person;","lastModifiedDate":"2025-03-25T23:24:44","isFullCredit":false},{"lineNumber":31,"author":{"gitId":"-"},"content":"import seedu.address.model.person.predicates.EmailContainsKeywordsPredicate;","lastModifiedDate":"2025-03-25T23:19:28","isFullCredit":false},{"lineNumber":32,"author":{"gitId":"-"},"content":"import seedu.address.model.person.predicates.FieldContainsKeywordsPredicate;","lastModifiedDate":"2025-03-26T17:40:58","isFullCredit":false},{"lineNumber":33,"author":{"gitId":"-"},"content":"import seedu.address.model.person.predicates.NameContainsKeywordsPredicate;","lastModifiedDate":"2025-03-25T22:40:25","isFullCredit":false},{"lineNumber":34,"author":{"gitId":"-"},"content":"import seedu.address.model.person.predicates.TelegramHandleContainsKeywordsPredicate;","lastModifiedDate":"2025-03-25T23:19:28","isFullCredit":false},{"lineNumber":35,"author":{"gitId":"-"},"content":"import seedu.address.testutil.EditPersonDescriptorBuilder;","lastModifiedDate":"2025-03-19T20:16:42","isFullCredit":false},{"lineNumber":36,"author":{"gitId":"-"},"content":"import seedu.address.testutil.PersonBuilder;","lastModifiedDate":"2025-03-19T20:16:42","isFullCredit":false},{"lineNumber":37,"author":{"gitId":"-"},"content":"import seedu.address.testutil.PersonUtil;","lastModifiedDate":"2025-03-19T20:16:42","isFullCredit":false},{"lineNumber":38,"author":{"gitId":"-"},"content":"","lastModifiedDate":"2025-03-19T20:16:42","isFullCredit":false},{"lineNumber":39,"author":{"gitId":"-"},"content":"public class AddressBookParserTest {","lastModifiedDate":"2025-03-19T20:16:42","isFullCredit":false},{"lineNumber":40,"author":{"gitId":"-"},"content":"","lastModifiedDate":"2025-03-19T20:16:42","isFullCredit":false},{"lineNumber":41,"author":{"gitId":"-"},"content":"    private final AddressBookParser parser \u003d new AddressBookParser();","lastModifiedDate":"2025-03-19T20:16:42","isFullCredit":false},{"lineNumber":42,"author":{"gitId":"-"},"content":"","lastModifiedDate":"2025-03-19T20:16:42","isFullCredit":false},{"lineNumber":43,"author":{"gitId":"-"},"content":"    @Test","lastModifiedDate":"2025-03-19T20:16:42","isFullCredit":false},{"lineNumber":44,"author":{"gitId":"-"},"content":"    public void parseCommand_add() throws Exception {","lastModifiedDate":"2025-03-19T20:16:42","isFullCredit":false},{"lineNumber":45,"author":{"gitId":"-"},"content":"        Person person \u003d new PersonBuilder().build();","lastModifiedDate":"2025-03-19T20:16:42","isFullCredit":false},{"lineNumber":46,"author":{"gitId":"-"},"content":"        AddCommand command \u003d (AddCommand) parser.parseCommand(PersonUtil.getAddCommand(person));","lastModifiedDate":"2025-03-19T20:16:42","isFullCredit":false},{"lineNumber":47,"author":{"gitId":"-"},"content":"        assertEquals(new AddCommand(person), command);","lastModifiedDate":"2025-03-19T20:16:42","isFullCredit":false},{"lineNumber":48,"author":{"gitId":"-"},"content":"    }","lastModifiedDate":"2025-03-19T20:16:42","isFullCredit":false},{"lineNumber":49,"author":{"gitId":"-"},"content":"","lastModifiedDate":"2025-03-19T20:16:42","isFullCredit":false},{"lineNumber":50,"author":{"gitId":"-"},"content":"    @Test","lastModifiedDate":"2025-03-19T20:16:42","isFullCredit":false},{"lineNumber":51,"author":{"gitId":"-"},"content":"    public void parseCommand_clear() throws Exception {","lastModifiedDate":"2025-03-19T20:16:42","isFullCredit":false},{"lineNumber":52,"author":{"gitId":"-"},"content":"        assertTrue(parser.parseCommand(ClearCommand.COMMAND_WORD) instanceof ClearCommand);","lastModifiedDate":"2025-03-19T20:16:42","isFullCredit":false},{"lineNumber":53,"author":{"gitId":"-"},"content":"        assertTrue(parser.parseCommand(ClearCommand.COMMAND_WORD + \" 3\") instanceof ClearCommand);","lastModifiedDate":"2025-03-19T20:16:42","isFullCredit":false},{"lineNumber":54,"author":{"gitId":"-"},"content":"    }","lastModifiedDate":"2025-03-19T20:16:42","isFullCredit":false},{"lineNumber":55,"author":{"gitId":"-"},"content":"","lastModifiedDate":"2025-03-19T20:16:42","isFullCredit":false},{"lineNumber":56,"author":{"gitId":"-"},"content":"    @Test","lastModifiedDate":"2025-03-19T20:16:42","isFullCredit":false},{"lineNumber":57,"author":{"gitId":"-"},"content":"    public void parseCommand_delete() throws Exception {","lastModifiedDate":"2025-03-19T20:16:42","isFullCredit":false},{"lineNumber":58,"author":{"gitId":"-"},"content":"        DeleteCommand command \u003d (DeleteCommand) parser.parseCommand(","lastModifiedDate":"2025-03-19T20:16:42","isFullCredit":false},{"lineNumber":59,"author":{"gitId":"-"},"content":"                DeleteCommand.COMMAND_WORD + \" \" + INDEX_FIRST_PERSON.getOneBased());","lastModifiedDate":"2025-03-19T20:16:42","isFullCredit":false},{"lineNumber":60,"author":{"gitId":"-"},"content":"        assertEquals(new DeleteCommand(INDEX_FIRST_PERSON), command);","lastModifiedDate":"2025-03-19T20:16:42","isFullCredit":false},{"lineNumber":61,"author":{"gitId":"-"},"content":"    }","lastModifiedDate":"2025-03-19T20:16:42","isFullCredit":false},{"lineNumber":62,"author":{"gitId":"-"},"content":"","lastModifiedDate":"2025-03-19T20:16:42","isFullCredit":false},{"lineNumber":63,"author":{"gitId":"-"},"content":"    @Test","lastModifiedDate":"2025-04-03T21:33:22","isFullCredit":false},{"lineNumber":64,"author":{"gitId":"-"},"content":"    public void parseCommand_deleteMod() throws Exception {","lastModifiedDate":"2025-04-03T21:33:22","isFullCredit":false},{"lineNumber":65,"author":{"gitId":"-"},"content":"        DeleteModCommand command \u003d (DeleteModCommand) parser.parseCommand(","lastModifiedDate":"2025-04-03T21:33:22","isFullCredit":false},{"lineNumber":66,"author":{"gitId":"-"},"content":"                DeleteModCommand.COMMAND_WORD + \" \" + \"CS2103T\");","lastModifiedDate":"2025-04-03T21:33:22","isFullCredit":false},{"lineNumber":67,"author":{"gitId":"-"},"content":"        assertEquals(new DeleteModCommand(new Module(\"CS2103T\")), command);","lastModifiedDate":"2025-04-03T21:33:22","isFullCredit":false},{"lineNumber":68,"author":{"gitId":"-"},"content":"    }","lastModifiedDate":"2025-04-03T21:33:22","isFullCredit":false},{"lineNumber":69,"author":{"gitId":"-"},"content":"","lastModifiedDate":"2025-04-03T21:33:22","isFullCredit":false},{"lineNumber":70,"author":{"gitId":"-"},"content":"    @Test","lastModifiedDate":"2025-04-03T21:33:22","isFullCredit":false},{"lineNumber":71,"author":{"gitId":"-"},"content":"    public void parseCommand_deleteModTut() throws Exception {","lastModifiedDate":"2025-04-03T21:33:22","isFullCredit":false},{"lineNumber":72,"author":{"gitId":"-"},"content":"        DeleteModTutCommand command \u003d (DeleteModTutCommand) parser.parseCommand(","lastModifiedDate":"2025-04-03T21:33:22","isFullCredit":false},{"lineNumber":73,"author":{"gitId":"-"},"content":"                DeleteModTutCommand.COMMAND_WORD + \" \" + \"CS2103T-T12\");","lastModifiedDate":"2025-04-03T21:33:22","isFullCredit":false},{"lineNumber":74,"author":{"gitId":"jordon0802"},"content":"        assertEquals(new DeleteModTutCommand(\"CS2103T-T12\"), command);","lastModifiedDate":"2025-04-06T19:19:53","isFullCredit":false},{"lineNumber":75,"author":{"gitId":"-"},"content":"    }","lastModifiedDate":"2025-04-03T21:33:22","isFullCredit":false},{"lineNumber":76,"author":{"gitId":"-"},"content":"","lastModifiedDate":"2025-04-03T21:33:22","isFullCredit":false},{"lineNumber":77,"author":{"gitId":"-"},"content":"    @Test","lastModifiedDate":"2025-03-19T20:16:42","isFullCredit":false},{"lineNumber":78,"author":{"gitId":"-"},"content":"    public void parseCommand_edit() throws Exception {","lastModifiedDate":"2025-03-19T20:16:42","isFullCredit":false},{"lineNumber":79,"author":{"gitId":"-"},"content":"        Person person \u003d new PersonBuilder().build();","lastModifiedDate":"2025-03-19T20:16:42","isFullCredit":false},{"lineNumber":80,"author":{"gitId":"-"},"content":"        EditPersonDescriptor descriptor \u003d new EditPersonDescriptorBuilder(person).build();","lastModifiedDate":"2025-03-19T20:16:42","isFullCredit":false},{"lineNumber":81,"author":{"gitId":"-"},"content":"        EditCommand command \u003d (EditCommand) parser.parseCommand(EditCommand.COMMAND_WORD + \" \"","lastModifiedDate":"2025-03-19T20:16:42","isFullCredit":false},{"lineNumber":82,"author":{"gitId":"-"},"content":"                + INDEX_FIRST_PERSON.getOneBased() + \" \" + PersonUtil.getEditPersonDescriptorDetails(descriptor));","lastModifiedDate":"2025-03-19T20:16:42","isFullCredit":false},{"lineNumber":83,"author":{"gitId":"-"},"content":"        assertEquals(new EditCommand(INDEX_FIRST_PERSON, descriptor), command);","lastModifiedDate":"2025-03-19T20:16:42","isFullCredit":false},{"lineNumber":84,"author":{"gitId":"-"},"content":"    }","lastModifiedDate":"2025-03-19T20:16:42","isFullCredit":false},{"lineNumber":85,"author":{"gitId":"-"},"content":"","lastModifiedDate":"2025-03-19T20:16:42","isFullCredit":false},{"lineNumber":86,"author":{"gitId":"-"},"content":"    @Test","lastModifiedDate":"2025-03-19T20:16:42","isFullCredit":false},{"lineNumber":87,"author":{"gitId":"-"},"content":"    public void parseCommand_exit() throws Exception {","lastModifiedDate":"2025-03-19T20:16:42","isFullCredit":false},{"lineNumber":88,"author":{"gitId":"-"},"content":"        assertTrue(parser.parseCommand(ExitCommand.COMMAND_WORD) instanceof ExitCommand);","lastModifiedDate":"2025-03-19T20:16:42","isFullCredit":false},{"lineNumber":89,"author":{"gitId":"-"},"content":"        assertTrue(parser.parseCommand(ExitCommand.COMMAND_WORD + \" 3\") instanceof ExitCommand);","lastModifiedDate":"2025-03-19T20:16:42","isFullCredit":false},{"lineNumber":90,"author":{"gitId":"-"},"content":"    }","lastModifiedDate":"2025-03-19T20:16:42","isFullCredit":false},{"lineNumber":91,"author":{"gitId":"-"},"content":"","lastModifiedDate":"2025-03-19T20:16:42","isFullCredit":false},{"lineNumber":92,"author":{"gitId":"-"},"content":"    @Test","lastModifiedDate":"2025-03-19T20:16:42","isFullCredit":false},{"lineNumber":93,"author":{"gitId":"-"},"content":"    public void parseCommand_find() throws Exception {","lastModifiedDate":"2025-03-19T20:16:42","isFullCredit":false},{"lineNumber":94,"author":{"gitId":"-"},"content":"        List\u003cString\u003e nameKeywords \u003d Arrays.asList(\"foo\", \"bar\", \"baz\");","lastModifiedDate":"2025-03-25T23:19:28","isFullCredit":false},{"lineNumber":95,"author":{"gitId":"-"},"content":"        List\u003cString\u003e telegramHandleKeywords \u003d Arrays.asList(\"@foo\", \"@bar\", \"@baz\");","lastModifiedDate":"2025-03-25T23:19:28","isFullCredit":false},{"lineNumber":96,"author":{"gitId":"-"},"content":"        List\u003cString\u003e emailKeywords \u003d Arrays.asList(\"foo@gg.com\", \"bar@bb.com\", \"baz@zz.com\");","lastModifiedDate":"2025-03-25T23:19:28","isFullCredit":false},{"lineNumber":97,"author":{"gitId":"-"},"content":"        FieldContainsKeywordsPredicate namePredicate \u003d","lastModifiedDate":"2025-03-26T17:40:58","isFullCredit":false},{"lineNumber":98,"author":{"gitId":"-"},"content":"                new NameContainsKeywordsPredicate(nameKeywords);","lastModifiedDate":"2025-03-26T17:40:58","isFullCredit":false},{"lineNumber":99,"author":{"gitId":"-"},"content":"        FieldContainsKeywordsPredicate telegramHandlePredicate \u003d","lastModifiedDate":"2025-03-26T17:40:58","isFullCredit":false},{"lineNumber":100,"author":{"gitId":"-"},"content":"                new TelegramHandleContainsKeywordsPredicate(telegramHandleKeywords);","lastModifiedDate":"2025-03-26T17:40:58","isFullCredit":false},{"lineNumber":101,"author":{"gitId":"-"},"content":"        FieldContainsKeywordsPredicate emailPredicate \u003d","lastModifiedDate":"2025-03-26T17:40:58","isFullCredit":false},{"lineNumber":102,"author":{"gitId":"-"},"content":"                new EmailContainsKeywordsPredicate(emailKeywords);","lastModifiedDate":"2025-03-26T17:40:58","isFullCredit":false},{"lineNumber":103,"author":{"gitId":"-"},"content":"","lastModifiedDate":"2025-03-26T17:40:58","isFullCredit":false},{"lineNumber":104,"author":{"gitId":"-"},"content":"        FindCommand nameCommand \u003d (FindCommand) parser.parseCommand(","lastModifiedDate":"2025-03-26T17:40:58","isFullCredit":false},{"lineNumber":105,"author":{"gitId":"-"},"content":"                FindCommand.COMMAND_WORD + \" \"","lastModifiedDate":"2025-03-26T17:40:58","isFullCredit":false},{"lineNumber":106,"author":{"gitId":"-"},"content":"                        + \"n/\" + nameKeywords.stream().collect(Collectors.joining(\" \")));","lastModifiedDate":"2025-03-26T17:40:58","isFullCredit":false},{"lineNumber":107,"author":{"gitId":"-"},"content":"","lastModifiedDate":"2025-03-26T17:40:58","isFullCredit":false},{"lineNumber":108,"author":{"gitId":"-"},"content":"        FindCommand telegramHandleCommand \u003d (FindCommand) parser.parseCommand(","lastModifiedDate":"2025-03-26T17:40:58","isFullCredit":false},{"lineNumber":109,"author":{"gitId":"-"},"content":"                FindCommand.COMMAND_WORD + \" \"","lastModifiedDate":"2025-03-26T17:40:58","isFullCredit":false},{"lineNumber":110,"author":{"gitId":"-"},"content":"                        + \" t/\" + telegramHandleKeywords.stream().collect(Collectors.joining(\" \")));","lastModifiedDate":"2025-03-26T17:40:58","isFullCredit":false},{"lineNumber":111,"author":{"gitId":"-"},"content":"","lastModifiedDate":"2025-03-26T17:40:58","isFullCredit":false},{"lineNumber":112,"author":{"gitId":"-"},"content":"        FindCommand emailCommand \u003d (FindCommand) parser.parseCommand(","lastModifiedDate":"2025-03-26T17:40:58","isFullCredit":false},{"lineNumber":113,"author":{"gitId":"-"},"content":"                FindCommand.COMMAND_WORD + \" \"","lastModifiedDate":"2025-03-25T23:19:28","isFullCredit":false},{"lineNumber":114,"author":{"gitId":"-"},"content":"                        + \" e/\" + emailKeywords.stream().collect(Collectors.joining(\" \")));","lastModifiedDate":"2025-03-25T23:19:28","isFullCredit":false},{"lineNumber":115,"author":{"gitId":"-"},"content":"","lastModifiedDate":"2025-03-26T17:40:58","isFullCredit":false},{"lineNumber":116,"author":{"gitId":"-"},"content":"        assertEquals(new FindCommand(namePredicate), nameCommand);","lastModifiedDate":"2025-03-26T17:40:58","isFullCredit":false},{"lineNumber":117,"author":{"gitId":"-"},"content":"        assertEquals(new FindCommand(telegramHandlePredicate), telegramHandleCommand);","lastModifiedDate":"2025-03-26T17:40:58","isFullCredit":false},{"lineNumber":118,"author":{"gitId":"-"},"content":"        assertEquals(new FindCommand(emailPredicate), emailCommand);","lastModifiedDate":"2025-03-26T17:40:58","isFullCredit":false},{"lineNumber":119,"author":{"gitId":"-"},"content":"    }","lastModifiedDate":"2025-03-19T20:16:42","isFullCredit":false},{"lineNumber":120,"author":{"gitId":"-"},"content":"","lastModifiedDate":"2025-03-19T20:16:42","isFullCredit":false},{"lineNumber":121,"author":{"gitId":"-"},"content":"    @Test","lastModifiedDate":"2025-03-19T20:16:42","isFullCredit":false},{"lineNumber":122,"author":{"gitId":"-"},"content":"    public void parseCommand_help() throws Exception {","lastModifiedDate":"2025-03-19T20:16:42","isFullCredit":false},{"lineNumber":123,"author":{"gitId":"-"},"content":"        assertTrue(parser.parseCommand(HelpCommand.COMMAND_WORD) instanceof HelpCommand);","lastModifiedDate":"2025-03-19T20:16:42","isFullCredit":false},{"lineNumber":124,"author":{"gitId":"-"},"content":"        assertTrue(parser.parseCommand(HelpCommand.COMMAND_WORD + \" 3\") instanceof HelpCommand);","lastModifiedDate":"2025-03-19T20:16:42","isFullCredit":false},{"lineNumber":125,"author":{"gitId":"-"},"content":"    }","lastModifiedDate":"2025-03-19T20:16:42","isFullCredit":false},{"lineNumber":126,"author":{"gitId":"-"},"content":"","lastModifiedDate":"2025-03-19T20:16:42","isFullCredit":false},{"lineNumber":127,"author":{"gitId":"-"},"content":"    @Test","lastModifiedDate":"2025-03-19T20:16:42","isFullCredit":false},{"lineNumber":128,"author":{"gitId":"-"},"content":"    public void parseCommand_list() throws Exception {","lastModifiedDate":"2025-03-19T20:16:42","isFullCredit":false},{"lineNumber":129,"author":{"gitId":"-"},"content":"        assertTrue(parser.parseCommand(ListCommand.COMMAND_WORD) instanceof ListCommand);","lastModifiedDate":"2025-03-19T20:16:42","isFullCredit":false},{"lineNumber":130,"author":{"gitId":"-"},"content":"        assertTrue(parser.parseCommand(ListCommand.COMMAND_WORD + \" 3\") instanceof ListCommand);","lastModifiedDate":"2025-03-19T20:16:42","isFullCredit":false},{"lineNumber":131,"author":{"gitId":"-"},"content":"    }","lastModifiedDate":"2025-03-19T20:16:42","isFullCredit":false},{"lineNumber":132,"author":{"gitId":"-"},"content":"","lastModifiedDate":"2025-03-19T20:16:42","isFullCredit":false},{"lineNumber":133,"author":{"gitId":"-"},"content":"    @Test","lastModifiedDate":"2025-03-25T22:28:56","isFullCredit":false},{"lineNumber":134,"author":{"gitId":"-"},"content":"    public void parseCommand_sort() throws Exception {","lastModifiedDate":"2025-03-25T22:28:56","isFullCredit":false},{"lineNumber":135,"author":{"gitId":"-"},"content":"        assertTrue(parser.parseCommand(SortCommand.COMMAND_WORD) instanceof SortCommand);","lastModifiedDate":"2025-03-25T22:28:56","isFullCredit":false},{"lineNumber":136,"author":{"gitId":"-"},"content":"        assertTrue(parser.parseCommand(SortCommand.COMMAND_WORD + \" 3\") instanceof SortCommand);","lastModifiedDate":"2025-03-25T22:28:56","isFullCredit":false},{"lineNumber":137,"author":{"gitId":"-"},"content":"    }","lastModifiedDate":"2025-03-25T22:28:56","isFullCredit":false},{"lineNumber":138,"author":{"gitId":"-"},"content":"","lastModifiedDate":"2025-03-25T22:28:56","isFullCredit":false},{"lineNumber":139,"author":{"gitId":"-"},"content":"    @Test","lastModifiedDate":"2025-03-19T20:16:42","isFullCredit":false},{"lineNumber":140,"author":{"gitId":"-"},"content":"    public void parseCommand_unrecognisedInput_throwsParseException() {","lastModifiedDate":"2025-03-19T20:16:42","isFullCredit":false},{"lineNumber":141,"author":{"gitId":"-"},"content":"        assertThrows(ParseException.class, String.format(MESSAGE_INVALID_COMMAND_FORMAT,","lastModifiedDate":"2025-03-19T20:16:42","isFullCredit":false},{"lineNumber":142,"author":{"gitId":"-"},"content":"                HelpCommand.MESSAGE_USAGE), () -\u003e parser.parseCommand(\"\"));","lastModifiedDate":"2025-03-19T20:20:16","isFullCredit":false},{"lineNumber":143,"author":{"gitId":"-"},"content":"    }","lastModifiedDate":"2025-03-19T20:16:42","isFullCredit":false},{"lineNumber":144,"author":{"gitId":"-"},"content":"","lastModifiedDate":"2025-03-19T20:16:42","isFullCredit":false},{"lineNumber":145,"author":{"gitId":"-"},"content":"    @Test","lastModifiedDate":"2025-03-19T20:16:42","isFullCredit":false},{"lineNumber":146,"author":{"gitId":"-"},"content":"    public void parseCommand_unknownCommand_throwsParseException() {","lastModifiedDate":"2025-03-19T20:16:42","isFullCredit":false},{"lineNumber":147,"author":{"gitId":"-"},"content":"        assertThrows(ParseException.class, MESSAGE_UNKNOWN_COMMAND, () -\u003e parser.parseCommand(\"unknownCommand\"));","lastModifiedDate":"2025-03-19T20:16:42","isFullCredit":false},{"lineNumber":148,"author":{"gitId":"-"},"content":"    }","lastModifiedDate":"2025-03-19T20:16:42","isFullCredit":false},{"lineNumber":149,"author":{"gitId":"-"},"content":"}","lastModifiedDate":"2025-03-19T20:16:42","isFullCredit":false}],"authorContributionMap":{"jordon0802":1,"-":148}},{"path":"src/test/java/seedu/address/logic/parser/DeleteModTutCommandParserTest.java","fileType":"test-code","lines":[{"lineNumber":1,"author":{"gitId":"-"},"content":"package seedu.address.logic.parser;","lastModifiedDate":"2025-04-01T23:46:19","isFullCredit":false},{"lineNumber":2,"author":{"gitId":"-"},"content":"","lastModifiedDate":"2025-04-01T23:46:19","isFullCredit":false},{"lineNumber":3,"author":{"gitId":"jordon0802"},"content":"import static seedu.address.logic.Messages.MESSAGE_INVALID_COMMAND_FORMAT;","lastModifiedDate":"2025-04-06T19:19:53","isFullCredit":false},{"lineNumber":4,"author":{"gitId":"jordon0802"},"content":"import static seedu.address.logic.Messages.MESSAGE_INVALID_MODULE_TUTORIAL_GROUP;","lastModifiedDate":"2025-04-06T19:19:53","isFullCredit":false},{"lineNumber":5,"author":{"gitId":"-"},"content":"import static seedu.address.logic.commands.CommandTestUtil.INVALID_MODTUT_AMY;","lastModifiedDate":"2025-04-01T23:46:19","isFullCredit":false},{"lineNumber":6,"author":{"gitId":"-"},"content":"import static seedu.address.logic.commands.CommandTestUtil.VALID_MODTUT_AMY;","lastModifiedDate":"2025-04-01T23:46:19","isFullCredit":false},{"lineNumber":7,"author":{"gitId":"-"},"content":"import static seedu.address.logic.parser.CommandParserTestUtil.assertParseFailure;","lastModifiedDate":"2025-04-01T23:46:19","isFullCredit":false},{"lineNumber":8,"author":{"gitId":"-"},"content":"import static seedu.address.logic.parser.CommandParserTestUtil.assertParseSuccess;","lastModifiedDate":"2025-04-01T23:46:19","isFullCredit":false},{"lineNumber":9,"author":{"gitId":"-"},"content":"","lastModifiedDate":"2025-04-01T23:46:19","isFullCredit":false},{"lineNumber":10,"author":{"gitId":"-"},"content":"import org.junit.jupiter.api.Test;","lastModifiedDate":"2025-04-02T00:10:48","isFullCredit":false},{"lineNumber":11,"author":{"gitId":"-"},"content":"","lastModifiedDate":"2025-04-02T00:10:48","isFullCredit":false},{"lineNumber":12,"author":{"gitId":"-"},"content":"import seedu.address.logic.commands.DeleteModTutCommand;","lastModifiedDate":"2025-04-02T00:10:48","isFullCredit":false},{"lineNumber":13,"author":{"gitId":"-"},"content":"","lastModifiedDate":"2025-04-02T00:10:48","isFullCredit":false},{"lineNumber":14,"author":{"gitId":"-"},"content":"public class DeleteModTutCommandParserTest {","lastModifiedDate":"2025-04-01T23:46:19","isFullCredit":false},{"lineNumber":15,"author":{"gitId":"-"},"content":"    private DeleteModTutCommandParser parser \u003d new DeleteModTutCommandParser();","lastModifiedDate":"2025-04-01T23:46:19","isFullCredit":false},{"lineNumber":16,"author":{"gitId":"-"},"content":"","lastModifiedDate":"2025-04-01T23:46:19","isFullCredit":false},{"lineNumber":17,"author":{"gitId":"-"},"content":"    @Test","lastModifiedDate":"2025-04-01T23:46:19","isFullCredit":false},{"lineNumber":18,"author":{"gitId":"-"},"content":"    public void parse_validArgs_returnsDeleteModTutCommand() {","lastModifiedDate":"2025-04-01T23:46:19","isFullCredit":false},{"lineNumber":19,"author":{"gitId":"jordon0802"},"content":"        assertParseSuccess(parser, VALID_MODTUT_AMY, new DeleteModTutCommand(VALID_MODTUT_AMY));","lastModifiedDate":"2025-04-06T19:19:53","isFullCredit":false},{"lineNumber":20,"author":{"gitId":"jordon0802"},"content":"    }","lastModifiedDate":"2025-04-06T19:19:53","isFullCredit":false},{"lineNumber":21,"author":{"gitId":"jordon0802"},"content":"","lastModifiedDate":"2025-04-06T19:19:53","isFullCredit":false},{"lineNumber":22,"author":{"gitId":"jordon0802"},"content":"    @Test","lastModifiedDate":"2025-04-06T19:19:53","isFullCredit":false},{"lineNumber":23,"author":{"gitId":"jordon0802"},"content":"    public void parse_emptyArgs_throwsParseException() {","lastModifiedDate":"2025-04-06T19:19:53","isFullCredit":false},{"lineNumber":24,"author":{"gitId":"jordon0802"},"content":"        assertParseFailure(parser, \"\",","lastModifiedDate":"2025-04-06T19:19:53","isFullCredit":false},{"lineNumber":25,"author":{"gitId":"jordon0802"},"content":"                String.format(MESSAGE_INVALID_COMMAND_FORMAT, DeleteModTutCommand.MESSAGE_USAGE));","lastModifiedDate":"2025-04-06T19:19:53","isFullCredit":false},{"lineNumber":26,"author":{"gitId":"-"},"content":"    }","lastModifiedDate":"2025-04-01T23:46:19","isFullCredit":false},{"lineNumber":27,"author":{"gitId":"-"},"content":"","lastModifiedDate":"2025-04-01T23:46:19","isFullCredit":false},{"lineNumber":28,"author":{"gitId":"-"},"content":"    @Test","lastModifiedDate":"2025-04-01T23:46:19","isFullCredit":false},{"lineNumber":29,"author":{"gitId":"-"},"content":"    public void parse_invalidArgs_throwsParseException() {","lastModifiedDate":"2025-04-01T23:46:19","isFullCredit":false},{"lineNumber":30,"author":{"gitId":"-"},"content":"        assertParseFailure(parser, INVALID_MODTUT_AMY,","lastModifiedDate":"2025-04-01T23:46:19","isFullCredit":false},{"lineNumber":31,"author":{"gitId":"jordon0802"},"content":"                String.format(MESSAGE_INVALID_MODULE_TUTORIAL_GROUP, INVALID_MODTUT_AMY));","lastModifiedDate":"2025-04-06T19:19:53","isFullCredit":false},{"lineNumber":32,"author":{"gitId":"-"},"content":"    }","lastModifiedDate":"2025-04-01T23:46:19","isFullCredit":false},{"lineNumber":33,"author":{"gitId":"-"},"content":"}","lastModifiedDate":"2025-04-01T23:46:19","isFullCredit":false}],"authorContributionMap":{"jordon0802":10,"-":23}}]
