{"authorDailyContributionsMap":{"KimHan01":[{"date":"2025-04-07T00:00:00","commitResults":[{"hash":"49bd2524122a72383137ed87d0f87d70a2ed7531","isMergeCommit":false,"messageTitle":"Update Add Duplicate Msg","messageBody":"","fileTypesAndContributionMap":{"functional-code":{"insertions":2,"deletions":1}}}]}],"e1093051":[],"potatodudedude":[{"date":"2025-04-07T00:00:00","commitResults":[{"hash":"8825ea41c712c8f3feb4aa961088cab05c174fcb","isMergeCommit":true,"messageTitle":"Merge pull request #335 from jordon0802/fix-delete-tut","messageBody":"Fix delete tutorial throwing exception","fileTypesAndContributionMap":{}},{"hash":"c6ca2179887e0208c3c7cc8dab6a5ca2f7357801","isMergeCommit":false,"messageTitle":"Update empty ModTutGroup message constraints","messageBody":"","fileTypesAndContributionMap":{"functional-code":{"insertions":1,"deletions":1}}},{"hash":"58f26d9d226b3bce579d1e8044ffdbb65091bd50","isMergeCommit":true,"messageTitle":"Merge pull request #339 from potatodudedude/branch-Messages","messageBody":"Update empty ModTutGroup message constraints","fileTypesAndContributionMap":{}},{"hash":"557deab50f06b3a11a82e4420dcf2367689c86b1","isMergeCommit":true,"messageTitle":"Merge pull request #279 from potatodudedude/branch-DG","messageBody":"Update user stories and use cases in DG","fileTypesAndContributionMap":{}}]}],"jordon0802":[{"date":"2025-04-06T00:00:00","commitResults":[{"hash":"cbafd9f13f222fab0dabd415a1000d8a0251942e","isMergeCommit":false,"messageTitle":"Fix delete tutorial throwing exception","messageBody":"","fileTypesAndContributionMap":{"functional-code":{"insertions":28,"deletions":11},"test-code":{"insertions":21,"deletions":36}}}]},{"date":"2025-04-07T00:00:00","commitResults":[{"hash":"c6de91dc87e9c65f663b63593b4c8b056fc6de2e","isMergeCommit":true,"messageTitle":"Merge pull request #337 from KimHan01/updateDuplicateMessage","messageBody":"Update Add Duplicate Person Message","fileTypesAndContributionMap":{}}]}]},"authorFileTypeContributionMap":{"KimHan01":{"docs":0,"functional-code":2,"test-code":0},"e1093051":{"docs":0,"functional-code":0,"test-code":0},"potatodudedude":{"docs":0,"functional-code":1,"test-code":0},"jordon0802":{"docs":0,"functional-code":28,"test-code":20}},"authorContributionVariance":{"KimHan01":2.0,"e1093051":0.0,"potatodudedude":0.88888884,"jordon0802":2048.0},"authorDisplayNameMap":{"KimHan01":"CS2103T-F10-4 TEO .. HAN","e1093051":"CS2103T-F10-4 FAN ..HING","potatodudedude":"CS2103T-F10-4 SUN ..ELIX","jordon0802":"CS2103T-F10-4 CHAN..RDON"}}
