{"authorDailyContributionsMap":{"quantin96":[],"subiloble":[{"date":"2025-04-05","commitResults":[{"hash":"a471680a1f7716189901cd9b5f639e4f3e98c427","isMergeCommit":false,"messageTitle":"Update some guides about undo and view","messageBody":"","fileTypesAndContributionMap":{"docs":{"insertions":14,"deletions":6}}},{"hash":"12aee4d5c6aea140bcd0397780226a4bbea1ffac","isMergeCommit":true,"messageTitle":"Merge pull request #215 from subiloble/branch-update-guides","messageBody":"Update some guides about undo and view","fileTypesAndContributionMap":{}},{"hash":"a1410662e5e0bc1fd6a007692a18ff8e65da1b5c","isMergeCommit":false,"messageTitle":"Update guides with minor change","messageBody":"","fileTypesAndContributionMap":{"docs":{"insertions":1,"deletions":1}}},{"hash":"92c6d87f8fafac3274619a3cbb705fe2f24c361e","isMergeCommit":true,"messageTitle":"Merge pull request #216 from subiloble/branch-minor-new-change-guide","messageBody":"Update guides with minor change","fileTypesAndContributionMap":{}},{"hash":"cf5f1f23cc71c13c7f347636d0b673f224521f2c","isMergeCommit":false,"messageTitle":"Add screenshots","messageBody":"","fileTypesAndContributionMap":{"docs":{"insertions":4,"deletions":0}}},{"hash":"10a2d57fac3443eb228e6d6e248b7fae62f21fcc","isMergeCommit":true,"messageTitle":"Merge pull request #217 from subiloble/branch-screenshot","messageBody":"Add screenshots","fileTypesAndContributionMap":{}}]}],"SheYuting":[],"zlllllr":[],"ioubread":[]},"authorFileTypeContributionMap":{"quantin96":{"docs":0,"functional-code":0,"test-code":0},"subiloble":{"docs":17,"functional-code":0,"test-code":0},"SheYuting":{"docs":0,"functional-code":0,"test-code":0},"zlllllr":{"docs":0,"functional-code":0,"test-code":0},"ioubread":{"docs":0,"functional-code":0,"test-code":0}},"authorContributionVariance":{"quantin96":0.0,"subiloble":0.0,"SheYuting":0.0,"zlllllr":0.0,"ioubread":0.0},"authorDisplayNameMap":{"quantin96":"CS2103-W11-1 NG J..QUAN","subiloble":"CS2103-W11-1 CHEN..PENG","SheYuting":"CS2103-W11-1 SHE ..TING","zlllllr":"CS2103-W11-1 ZHAN..ERAN","ioubread":"CS2103-W11-1 TAY ..LLIE"}}
