{"authorDailyContributionsMap":{"Kannan171":[{"date":"2025-04-05T00:00:00","commitResults":[{"hash":"a68528a79bac4cd9c841ecdd2b5fbd7c0fbb42f7","isMergeCommit":false,"messageTitle":"Fix Help dialog to show correct commands","messageBody":"","fileTypesAndContributionMap":{"functional-code":{"insertions":3,"deletions":3}}},{"hash":"c0908d06d17e9bbaa8ddd5cd10d51052736e48ea","isMergeCommit":false,"messageTitle":"Make command prefix case-insensitive","messageBody":"","fileTypesAndContributionMap":{"functional-code":{"insertions":2,"deletions":2}}},{"hash":"2292a20ac68299124a75e79530a658cce1d6f98d","isMergeCommit":false,"messageTitle":"Make command prefix case-insensitive","messageBody":"","fileTypesAndContributionMap":{"functional-code":{"insertions":1,"deletions":1}}},{"hash":"7978b9ab2ee2a7180dcba3259b51d6cb24da85a9","isMergeCommit":false,"messageTitle":"Fix DeleteModuleCommandParser validation","messageBody":"","fileTypesAndContributionMap":{"functional-code":{"insertions":4,"deletions":0}}}]},{"date":"2025-04-06T00:00:00","commitResults":[{"hash":"5bb99b8d10b8503192360bbd7d1bb985cc76424f","isMergeCommit":true,"messageTitle":"Help dialog showing incorrect command #273 (#274)","messageBody":"","fileTypesAndContributionMap":{}},{"hash":"208236e782dcd856c9151a7aeab8f235c2661f9b","isMergeCommit":true,"messageTitle":"Merge branch \u0027master\u0027 into make-command-prefix-case-insensitive","messageBody":"","fileTypesAndContributionMap":{}},{"hash":"424fc5ce3c01dd1f0f536fb32116cddfb5955b5b","isMergeCommit":true,"messageTitle":"Make command prefix case-insensitive (#275)","messageBody":"","fileTypesAndContributionMap":{}},{"hash":"434ecaa8130a1a368e73a6de18e145f2f7a20c99","isMergeCommit":true,"messageTitle":"Merge branch \u0027master\u0027 into validation-module-delete","messageBody":"","fileTypesAndContributionMap":{}},{"hash":"b8b441cc4ed940eac3d387dd18501cb467e40453","isMergeCommit":true,"messageTitle":"Fix DeleteModuleCommandParser validation (#277)","messageBody":"","fileTypesAndContributionMap":{}}]}],"xplus2g4":[{"date":"2025-04-05T00:00:00","commitResults":[{"hash":"904b5f688ccc0ba59dd7998347a78dc4b4d73cf3","isMergeCommit":false,"messageTitle":"Fix module constraint violation on person add","messageBody":"","fileTypesAndContributionMap":{"functional-code":{"insertions":15,"deletions":1}}},{"hash":"abe038f6c9717ceb1d4c57b9fee234401e1f2dff","isMergeCommit":true,"messageTitle":"Fix module constraint violation on person add #267","messageBody":"Fix #221\nFix #246\nFix duplicate module","fileTypesAndContributionMap":{}},{"hash":"2df2d86f40328db2131ab1ce0a7a5f63fc849158","isMergeCommit":false,"messageTitle":"Add delete tags in edit person","messageBody":"","fileTypesAndContributionMap":{"functional-code":{"insertions":1,"deletions":0}}},{"hash":"cd7d135b077edf361ebef10aca8f93b5e888b4d7","isMergeCommit":false,"messageTitle":"Add proof of correctness","messageBody":"","fileTypesAndContributionMap":{"functional-code":{"insertions":19,"deletions":1}}},{"hash":"3729ac04b281f468894dd51e124131e2e1a27a5b","isMergeCommit":true,"messageTitle":"[PE-D][Tester A] Edit cannot clear tags #226 (#270)","messageBody":"Add delete all tags","fileTypesAndContributionMap":{}}]},{"date":"2025-04-06T00:00:00","commitResults":[{"hash":"b112fa18cac1096db3d571bf0f8039b1c2a5dff6","isMergeCommit":false,"messageTitle":"Add json adapted module testcases","messageBody":"","fileTypesAndContributionMap":{"test-code":{"insertions":88,"deletions":0}}},{"hash":"849039d84781d7e1f2b638900c50e75cf6fd85f5","isMergeCommit":true,"messageTitle":"Add json adapted module testcases #271","messageBody":"Add json adapted module testcases","fileTypesAndContributionMap":{}}]}],"kerktaiheng":[{"date":"2025-04-05T00:00:00","commitResults":[{"hash":"1880d2295b38b92dafd32217756af55b4c2e1d4a","isMergeCommit":false,"messageTitle":"Fix UI related bugs","messageBody":"","fileTypesAndContributionMap":{"functional-code":{"insertions":12,"deletions":4}}},{"hash":"7e49d3976b17422499401adeb0b51d9a07ab3bcd","isMergeCommit":true,"messageTitle":"Merge branch \u0027master\u0027 of https://github.com/AY2425S2-CS2103T-F10-1/tp into ped-fixes","messageBody":"","fileTypesAndContributionMap":{}},{"hash":"a597d3da296c05a728639dcbc028024dc385032c","isMergeCommit":true,"messageTitle":"Fix UI related bugs","messageBody":"Fixes #212, #225, #265","fileTypesAndContributionMap":{}}]}],"leewaikin19":[],"lilyium":[{"date":"2025-04-05T00:00:00","commitResults":[{"hash":"fffdf1d85963a682e1b7dea06a193a334ab41890","isMergeCommit":false,"messageTitle":"Add person export command to the UG","messageBody":"","fileTypesAndContributionMap":{"docs":{"insertions":94,"deletions":92}}},{"hash":"38eb0c3b66d66e4aca61908e7314a8084c21bc53","isMergeCommit":false,"messageTitle":"Update landing page and image","messageBody":"","fileTypesAndContributionMap":{"docs":{"insertions":6,"deletions":3}}},{"hash":"288336d274e76bfe029c518afe9b3e1d565fdf4b","isMergeCommit":false,"messageTitle":"Update Quick Start section of UG","messageBody":"","fileTypesAndContributionMap":{"docs":{"insertions":22,"deletions":7}}},{"hash":"0d4340e35b435a104100ce08b76b51773d4fb40b","isMergeCommit":false,"messageTitle":"Update Teammate Commands section of UG","messageBody":"","fileTypesAndContributionMap":{"docs":{"insertions":42,"deletions":29}}},{"hash":"1d6886cb4742befd8174e164f84a597c5a7106a4","isMergeCommit":false,"messageTitle":"Update Meeting Commands section of UG","messageBody":"","fileTypesAndContributionMap":{"docs":{"insertions":23,"deletions":26}}},{"hash":"91bc2e1ce39e9b7ee14d7a69ad56cdd73fc5ce87","isMergeCommit":false,"messageTitle":"Update General Commands, Saving Data, Command Summary sections of UG","messageBody":"","fileTypesAndContributionMap":{"docs":{"insertions":53,"deletions":29}}},{"hash":"b576156b76cc8e86661c179e083a1ceb0a92ba8c","isMergeCommit":false,"messageTitle":"Update Troubleshooting, FAQ and Glossary sections of UG","messageBody":"","fileTypesAndContributionMap":{"docs":{"insertions":28,"deletions":27}}}]},{"date":"2025-04-06T00:00:00","commitResults":[{"hash":"41283b6705b63d0fe2862d081d22ee2801853577","isMergeCommit":false,"messageTitle":"Add views TeamSync provides to the Features section of UG","messageBody":"","fileTypesAndContributionMap":{"docs":{"insertions":53,"deletions":7}}},{"hash":"cbe958c6c126379c2fae97e355b5ce49c7736bbd","isMergeCommit":false,"messageTitle":"Add screenshots and elaboration for certain commands in UG","messageBody":"","fileTypesAndContributionMap":{"docs":{"insertions":37,"deletions":32}}},{"hash":"46e1917068d7b948376372d9cd316f620f6b45ed","isMergeCommit":false,"messageTitle":"Update ToC and Features section of UG","messageBody":"","fileTypesAndContributionMap":{"docs":{"insertions":19,"deletions":18}}},{"hash":"1be2b31e8fce4774c2221a23300cd28bf9fca687","isMergeCommit":false,"messageTitle":"Update UG","messageBody":"Standardize formatting and update links in UG.\nAdd images of UI, input and output box to UG.\nUpdate landing page.\n","fileTypesAndContributionMap":{"docs":{"insertions":175,"deletions":152}}},{"hash":"939c7a2515ea35664ab83d901d080a87fa8ee39c","isMergeCommit":true,"messageTitle":"Merge branch \u0027master\u0027 into update-user-guide","messageBody":"","fileTypesAndContributionMap":{}},{"hash":"01a5e6331d80746208b5c9ee9708afc0aa038b15","isMergeCommit":true,"messageTitle":"Update and fix bugs related to UG (#276)","messageBody":"Update and fix bugs related to UG\n\nLet\u0027s fix the following bugs,\n* Update name of the .jar file to `teamsync.jar` (#208)\n* Update UI screenshot (#209)\n* Update example of `person add` to show modules being added (#211)\n* Move description about not allowing duplicate teammates / modules to\na note callout box instead (#215)\n* Update command group for module commands from `mod` to `module` (#216)\n* Update ToC links (#217)\n* Remove incorrect description that modules can be edited with `person\nedit` (#222) \n* Add warning that the teammate might shift positions in the teammate\nview when changing their name (#223)\n* Add section on manually editing data (#224)\n* Remove troubleshooting on administrator privileges. This is likely not\na common problem and it is not an issue with TeamSync in particular \n(#228)\n* Add note on TeamSync not allowing duplicate modules or meetings (#240)\n* We will not be adding an explanation regarding #244 (#244)\n* Add description of visual elements under Features section (#250)\n* Update example of `person add` to show multiple modules being added.\nUser can infer that multiple tags can be added in a similar manner.\n(#252)\n* Add explanation to why we allow adding of meetings in the past (#262)\n* Add description of how TeamSync defines duplicate persons in the\nGlossary (#263)\n* Add explanation as to why we only support editing modules through\n`module add` and `module delete` (#264)\n\nLet\u0027s also,\n* Update landing page (not part of UG)\n* Update Features section\n* Add descriptions and images of the visual elements in our UI\n* Update Quick Start to be more guided as our target users might not be\nvery tech-savvy\n* Update examples to be more representative\n* Add extended description and screenshots for certain commands\n* Update current FAQ to be more understandable and remove wrong\nresponses / unnecessary questions\n* Add other FAQ on why TeamSync functions in a specific way\n* Update glossary\n* Use color coding when appropriate\n* Use internal and external links when appropriate\n* Standardize formatting and language\n* Various other updates to improve reading experience","fileTypesAndContributionMap":{}}]}]},"authorFileTypeContributionMap":{"Kannan171":{"docs":0,"functional-code":9,"test-code":0},"xplus2g4":{"docs":0,"functional-code":34,"test-code":88},"kerktaiheng":{"docs":0,"functional-code":12,"test-code":0},"leewaikin19":{"docs":0,"functional-code":0,"test-code":0},"lilyium":{"docs":340,"functional-code":0,"test-code":0,"other":5}},"authorContributionVariance":{"Kannan171":64.0,"xplus2g4":650.25,"kerktaiheng":64.0,"leewaikin19":0.0,"lilyium":36.0},"authorDisplayNameMap":{"Kannan171":"CS2103T-F10-1 KANN..ALAI","xplus2g4":"CS2103T-F10-1 CHEN..ANXI","kerktaiheng":"CS2103T-F10-1 KERK..HENG","leewaikin19":"CS2103T-F10-1 LEE .. KIN","lilyium":"CS2103T-F10-1 WONG.. JUN"}}
