{"authorDailyContributionsMap":{"basil-boh":[{"date":"2025-04-06T00:00:00","commitResults":[{"hash":"9589f0e0d88811a7854a77a43b06b6bf9b4f29bf","isMergeCommit":false,"messageTitle":"Update UG typo and user guide link","messageBody":"","fileTypesAndContributionMap":{"functional-code":{"insertions":1,"deletions":1},"docs":{"insertions":3,"deletions":2}}},{"hash":"010af6c171f83a13c2bb07325dbd2260a3642f8a","isMergeCommit":true,"messageTitle":"Merge pull request #317 from codebreaker64/branch-fix-dates","messageBody":"Update the date time for test data to be within 60 days","fileTypesAndContributionMap":{}},{"hash":"ef32914e490e83ca54ca724da9c152eb4a6c1869","isMergeCommit":true,"messageTitle":"Merge with upstream repo","messageBody":"","fileTypesAndContributionMap":{}},{"hash":"87319af596c61b0b1b5e70131484a0fca31ac61d","isMergeCommit":true,"messageTitle":"Merge pull request #318 from basil-boh/branch-UGTypos","messageBody":"Update UG and User Guide","fileTypesAndContributionMap":{}},{"hash":"a7845f08813ac2bbbf8e0d3293377bc43001e7b8","isMergeCommit":false,"messageTitle":"Update DG formatting","messageBody":"Commit changes:\n1. fix DG formatting\n2. fix typo in DG\n3. update help command message\n4, update pie to bar chart\n5. make excessive spaces more obvious\n","fileTypesAndContributionMap":{"functional-code":{"insertions":4,"deletions":4},"docs":{"insertions":18,"deletions":16}}},{"hash":"18c824538d5ff2b94e3505ffeb13e213a46b10ee","isMergeCommit":true,"messageTitle":"Merge with upstream repo","messageBody":"","fileTypesAndContributionMap":{}},{"hash":"55da20a7988129d80eb414fd1deaedabf1a461e3","isMergeCommit":false,"messageTitle":"Update UG space formatting","messageBody":"","fileTypesAndContributionMap":{"docs":{"insertions":3,"deletions":9}}},{"hash":"f28bda5cb6963648d843123f83f7ce907c04ef08","isMergeCommit":false,"messageTitle":"Update help output in UG","messageBody":"","fileTypesAndContributionMap":{"docs":{"insertions":2,"deletions":2}}},{"hash":"f1dc73153ef22506181d7df94ee6af9da8b7e14a","isMergeCommit":true,"messageTitle":"Merge pull request #320 from basil-boh/branch-UGMoreTypos","messageBody":"Update DG and Help List","fileTypesAndContributionMap":{}}]},{"date":"2025-04-07T00:00:00","commitResults":[{"hash":"edf5e59f6cc3d226a104800cc2db35d18691665c","isMergeCommit":false,"messageTitle":"Update filter UG","messageBody":"","fileTypesAndContributionMap":{"docs":{"insertions":5,"deletions":0}}},{"hash":"40cb212e2081b7a994c812d27d73eae3b969a143","isMergeCommit":true,"messageTitle":"Merge with upstream repo","messageBody":"","fileTypesAndContributionMap":{}},{"hash":"1f95549c42920c4a57046b6e89c6ed133fdea5c6","isMergeCommit":true,"messageTitle":"Merge pull request #323 from basil-boh/branch-updateFilterUG","messageBody":"Update the Filter command in UG","fileTypesAndContributionMap":{}}]}],"codebreaker64":[{"date":"2025-04-06T00:00:00","commitResults":[{"hash":"c9498d02e5e93e0c6ee7aa1d880c5fd84b914d1d","isMergeCommit":false,"messageTitle":"Update the date time for test data to be within 60 days","messageBody":"","fileTypesAndContributionMap":{"test-code":{"insertions":12,"deletions":12}}}]}],"wowwwp":[{"date":"2025-04-06T00:00:00","commitResults":[{"hash":"8299ee547c48df514b42d7702f1f8e078d3a0ba1","isMergeCommit":false,"messageTitle":"Fix DateTime Exception issue","messageBody":"","fileTypesAndContributionMap":{"functional-code":{"insertions":10,"deletions":1},"test-code":{"insertions":1,"deletions":1}}},{"hash":"ea062152dbd5c9bdba84b1c81bada43c7d26b5bb","isMergeCommit":false,"messageTitle":"Change dates in error messages to valid dates","messageBody":"","fileTypesAndContributionMap":{"functional-code":{"insertions":2,"deletions":2}}},{"hash":"978c93c1d9122d858356b99ecfe0574c8d2e62be","isMergeCommit":false,"messageTitle":"Update error message in user guide","messageBody":"","fileTypesAndContributionMap":{"docs":{"insertions":1,"deletions":1}}},{"hash":"b4dc554a4fbf66af86db4ede2c2b6083502d2fb0","isMergeCommit":false,"messageTitle":"Fix checkstyle","messageBody":"","fileTypesAndContributionMap":{"test-code":{"insertions":0,"deletions":1}}},{"hash":"539dca66219eab2feb40a10b2fc92d6eeb62651c","isMergeCommit":true,"messageTitle":"Merge pull request #319 from wowwwp/fix-date-issues","messageBody":"Fix date issues","fileTypesAndContributionMap":{}}]}],"feliciahmq":[],"Kaidama97":[{"date":"2025-04-06T00:00:00","commitResults":[{"hash":"4856958fcc5837191e70021dfc376bbbaa5d2b23","isMergeCommit":false,"messageTitle":"Fix email constraint message","messageBody":"","fileTypesAndContributionMap":{"functional-code":{"insertions":10,"deletions":12},"docs":{"insertions":31,"deletions":13}}},{"hash":"77e8b8f98f549190e38ca6c668df3fe18f90c368","isMergeCommit":false,"messageTitle":"Fic checkstyle","messageBody":"","fileTypesAndContributionMap":{"functional-code":{"insertions":8,"deletions":4}}},{"hash":"0977f473ab0c8c099eb19fc1e6a1d87fd0b882ff","isMergeCommit":false,"messageTitle":"Fix formatting error","messageBody":"","fileTypesAndContributionMap":{"docs":{"insertions":1,"deletions":1}}},{"hash":"4564f92bf5962c9e71d315e0843d760ebb256745","isMergeCommit":false,"messageTitle":"Fix text consistency","messageBody":"","fileTypesAndContributionMap":{"docs":{"insertions":5,"deletions":5}}},{"hash":"01048f0e3479781c52ebfe6eead1c005fd5bcc91","isMergeCommit":true,"messageTitle":"Merge branch \u0027master\u0027 into branch-bug-email","messageBody":"","fileTypesAndContributionMap":{}}]},{"date":"2025-04-07T00:00:00","commitResults":[{"hash":"3b33e1b4973bad0230c63dc18ebeb270ba4f6d8b","isMergeCommit":false,"messageTitle":"Fix spacing issue in email","messageBody":"","fileTypesAndContributionMap":{"functional-code":{"insertions":1,"deletions":1}}},{"hash":"5d793175c596234157116d7d6f0d0d1cbd83efaa","isMergeCommit":false,"messageTitle":"Update docs/DeveloperGuide.md","messageBody":"Co-authored-by: Copilot \u003c175728472+Copilot@users.noreply.github.com\u003e","fileTypesAndContributionMap":{"docs":{"insertions":1,"deletions":2}}},{"hash":"9bccbecc1dc50f50e36f8f182fb2144fb8f515c6","isMergeCommit":false,"messageTitle":"Fix spacing issue","messageBody":"","fileTypesAndContributionMap":{"functional-code":{"insertions":1,"deletions":1},"docs":{"insertions":1,"deletions":1}}},{"hash":"b78e68447c80458c3b34e79fabb870dc418f9f12","isMergeCommit":true,"messageTitle":"Merge pull request #322 from Kaidama97/branch-bug-email","messageBody":"Fix email constraint message","fileTypesAndContributionMap":{}}]}],"JohannsenLum":[{"date":"2025-04-06T00:00:00","commitResults":[{"hash":"3caa64ac0fd1a34870b5b933b60371b8124d9bf4","isMergeCommit":false,"messageTitle":"Add Appendix: Planned Enhancements section","messageBody":"","fileTypesAndContributionMap":{"docs":{"insertions":60,"deletions":0}}},{"hash":"c5fccdd75af492167a5989e9953817753355ec1e","isMergeCommit":false,"messageTitle":"Update docs/DeveloperGuide.md","messageBody":"Co-authored-by: Copilot \u003c175728472+Copilot@users.noreply.github.com\u003e","fileTypesAndContributionMap":{"docs":{"insertions":1,"deletions":1}}},{"hash":"245e86a76f321d18b82b2eee19dbcfc74d08d909","isMergeCommit":false,"messageTitle":"Update docs/DeveloperGuide.md","messageBody":"Co-authored-by: Copilot \u003c175728472+Copilot@users.noreply.github.com\u003e","fileTypesAndContributionMap":{"docs":{"insertions":1,"deletions":2}}},{"hash":"88cfbd34539fce6e329ffd15a2130c1778f084c5","isMergeCommit":false,"messageTitle":"Update docs/DeveloperGuide.md","messageBody":"Co-authored-by: Copilot \u003c175728472+Copilot@users.noreply.github.com\u003e","fileTypesAndContributionMap":{"docs":{"insertions":1,"deletions":1}}},{"hash":"44524dae447460e5fbce45d9c06f52551a59c3d9","isMergeCommit":false,"messageTitle":"Update docs/DeveloperGuide.md","messageBody":"Co-authored-by: Copilot \u003c175728472+Copilot@users.noreply.github.com\u003e","fileTypesAndContributionMap":{"docs":{"insertions":1,"deletions":2}}},{"hash":"377ae713d477bfde4a1b4d076ae528f144582517","isMergeCommit":false,"messageTitle":"Update docs/DeveloperGuide.md","messageBody":"Co-authored-by: Copilot \u003c175728472+Copilot@users.noreply.github.com\u003e","fileTypesAndContributionMap":{"docs":{"insertions":1,"deletions":1}}},{"hash":"ee2f98f9f4990676a6785fcbaa873b71e09aa8b4","isMergeCommit":true,"messageTitle":"Merge pull request #321 from JohannsenLum/developerGuide","messageBody":"Add Appendix: Planned Enhancements section","fileTypesAndContributionMap":{}}]},{"date":"2025-04-07T00:00:00","commitResults":[{"hash":"9628b62acb2031b9c51783d924445e806cfe5308","isMergeCommit":true,"messageTitle":"Merge branch \u0027master\u0027 into DeveloperGuide","messageBody":"","fileTypesAndContributionMap":{}},{"hash":"eff6907fd7e9874ba90a1292c8ca8eedc148db9f","isMergeCommit":false,"messageTitle":"Add UndoRedoState0.puml","messageBody":"","fileTypesAndContributionMap":{"docs":{"insertions":27,"deletions":9}}},{"hash":"311e236c66fb48217b8fdb4da0a770e9fcc88b89","isMergeCommit":false,"messageTitle":"Add UndoRedoState1.puml","messageBody":"","fileTypesAndContributionMap":{"docs":{"insertions":5,"deletions":5}}},{"hash":"f210e9a36c172dd0900a73100dce6f86e1b95c54","isMergeCommit":false,"messageTitle":"Add UndoRedoState2345.puml","messageBody":"","fileTypesAndContributionMap":{"docs":{"insertions":15,"deletions":14}}},{"hash":"49d5c280eefa680ef39234f83d0649c7b15c30be","isMergeCommit":false,"messageTitle":"Update Undo/redo proposed in DG","messageBody":"","fileTypesAndContributionMap":{"docs":{"insertions":127,"deletions":5}}},{"hash":"edd8066f656aa084edf10a606399300e092d752d","isMergeCommit":false,"messageTitle":"Fix checkStyle issues in DG/UG","messageBody":"","fileTypesAndContributionMap":{"docs":{"insertions":17,"deletions":17}}},{"hash":"96c774ae9ae2983fddba47acd3f0244a4ad04892","isMergeCommit":false,"messageTitle":"Fix checkStyle issues","messageBody":"","fileTypesAndContributionMap":{"docs":{"insertions":4,"deletions":4}}},{"hash":"ce7bd3deb9a4451e7543d2c6114d36721810e64a","isMergeCommit":false,"messageTitle":"Update ToC in DG","messageBody":"","fileTypesAndContributionMap":{"docs":{"insertions":2,"deletions":0}}},{"hash":"e2bf2d6db89ac93519149ba46e920c1e8fe9354a","isMergeCommit":false,"messageTitle":"Update DG","messageBody":"","fileTypesAndContributionMap":{"docs":{"insertions":1,"deletions":1}}},{"hash":"607b8a699c18dfd51ab17b7476625845a02b359d","isMergeCommit":true,"messageTitle":"Merge pull request #324 from JohannsenLum/developerGuide","messageBody":"Developer guide","fileTypesAndContributionMap":{}}]}]},"authorFileTypeContributionMap":{"basil-boh":{"docs":20,"functional-code":5,"test-code":0},"codebreaker64":{"docs":0,"functional-code":0,"test-code":12},"wowwwp":{"docs":1,"functional-code":12,"test-code":1},"feliciahmq":{"docs":0,"functional-code":0,"test-code":0},"Kaidama97":{"docs":28,"functional-code":14,"test-code":0},"JohannsenLum":{"docs":234,"functional-code":0,"test-code":0}},"authorContributionVariance":{"basil-boh":872.22217,"codebreaker64":128.0,"wowwwp":88.88889,"feliciahmq":0.0,"Kaidama97":1638.0,"JohannsenLum":11328.222},"authorDisplayNameMap":{"basil-boh":"CS2103-F08-1 BOH ..ASIL","codebreaker64":"CS2103-F08-1 FONG.. JIE","wowwwp":"CS2103-F08-1 SRID..OOJA","feliciahmq":"CS2103-F08-1 HWAN..ICIA","Kaidama97":"CS2103-F08-1 TAY .. JUN","JohannsenLum":"CS2103-F08-1 LUM ..NSEN"}}
