{"authorDailyContributionsMap":{"pastchum":[{"date":"2025-04-06","commitResults":[{"hash":"0b8147e5bcf13714b03c20dfb6519f67271516ff","isMergeCommit":true,"messageTitle":"Merge pull request #242 from LuBolin/master","messageBody":"Wrap name, email and address field of PersonCard","fileTypesAndContributionMap":{}}]}],"isawangyx":[{"date":"2025-04-07","commitResults":[{"hash":"89f991c24accdc9a128a9d43f761fe29b9031bde","isMergeCommit":true,"messageTitle":"Merge pull request #243 from LuBolin/branch-Show-Tag-When-Describing-Person-In-CLI-Output","messageBody":"Show person\u0027s membership status in CLi output","fileTypesAndContributionMap":{}},{"hash":"08ded748b29f3409b621cc0ebed6c073a89fba43","isMergeCommit":true,"messageTitle":"Merge pull request #245 from LuBolin/branch-Wrap-Overly-Long-Remarks","messageBody":"Ensure date and pax label have full size, the rest for remarks","fileTypesAndContributionMap":{}},{"hash":"8aca7aeed377883798f8e07aaabce54908e1616b","isMergeCommit":true,"messageTitle":"Merge pull request #244 from LuBolin/branch-Increase-Booking-Pax-Limit-To-500","messageBody":"Branch increase booking pax limit to 500","fileTypesAndContributionMap":{}},{"hash":"d0c0770bf2d0adadcf5a5a33bedbca4c1dcef6e1","isMergeCommit":false,"messageTitle":"Add note that booking status is case-insensitive","messageBody":"","fileTypesAndContributionMap":{"docs":{"insertions":1,"deletions":0}}},{"hash":"1bca14cad764c72187e057cc1185f0aca60ddee0","isMergeCommit":false,"messageTitle":"Remove repetitive examples","messageBody":"","fileTypesAndContributionMap":{"docs":{"insertions":1,"deletions":5}}},{"hash":"35b70972083bc57b0bd05b3956b6be9baaa311b4","isMergeCommit":false,"messageTitle":"Add pax limit","messageBody":"","fileTypesAndContributionMap":{"docs":{"insertions":2,"deletions":1}}},{"hash":"3a3896c8f36ba6ba7331e927935853ba63df2446","isMergeCommit":false,"messageTitle":"Change warning color to red","messageBody":"","fileTypesAndContributionMap":{"docs":{"insertions":1,"deletions":1}}}]}],"LuBolin":[{"date":"2025-04-06","commitResults":[{"hash":"8746d53453b5969b5cfaefc8577736b0fb2d226b","isMergeCommit":false,"messageTitle":"Wrap name, email and address field of PersonCard They can be very long","messageBody":"Edit only the .fmxl, and not any .java\nResolve #221\n","fileTypesAndContributionMap":{"functional-code":{"insertions":6,"deletions":4}}}]},{"date":"2025-04-07","commitResults":[{"hash":"bb3313d25cf57ffed504a21afa2ddb7e2a12d269","isMergeCommit":false,"messageTitle":"Show person\u0027s membership status in CLi output Modify Person.toString() Also modify Messages.format(Person person)","messageBody":"","fileTypesAndContributionMap":{"functional-code":{"insertions":7,"deletions":2}}},{"hash":"d2e5028ecc04c5cac47a6110d976de52ee8b354d","isMergeCommit":false,"messageTitle":"Move max_pax to be a constant Update tests to match this new max value","messageBody":"","fileTypesAndContributionMap":{"functional-code":{"insertions":6,"deletions":3}}},{"hash":"fd50c735880c4865e3268af19fa4d852698f86a2","isMergeCommit":false,"messageTitle":"Update tests to fit the new max value Rename MAX_PAX to fit coding convention","messageBody":"","fileTypesAndContributionMap":{"functional-code":{"insertions":6,"deletions":5},"test-code":{"insertions":2,"deletions":2}}},{"hash":"583aac872b44c8b194499cfaaef76db48bf8f0ad","isMergeCommit":false,"messageTitle":"Change membership from Member / Public to Yes / No Update test accordingly","messageBody":"","fileTypesAndContributionMap":{"functional-code":{"insertions":1,"deletions":1},"test-code":{"insertions":1,"deletions":1}}},{"hash":"f65ae125b32f1716079e4fea607e5e14b2142b98","isMergeCommit":false,"messageTitle":"Ensure date and pax label have full size, the rest for remarks","messageBody":"","fileTypesAndContributionMap":{"functional-code":{"insertions":2,"deletions":0}}},{"hash":"478965e681e33c9ed02d2a11a9732c40f34b2ab7","isMergeCommit":false,"messageTitle":"Update exception to be \u003c 501 instead of 500","messageBody":"","fileTypesAndContributionMap":{"functional-code":{"insertions":1,"deletions":1}}},{"hash":"e18ae850ca1eabdb0e73cbd543de1b985ce68e20","isMergeCommit":false,"messageTitle":"Update test to match \u003c 501","messageBody":"","fileTypesAndContributionMap":{"test-code":{"insertions":1,"deletions":1}}},{"hash":"ef257349f24adcc012d37265b345f5e08aaa99e0","isMergeCommit":true,"messageTitle":"Merge pull request #248 from isawangyx/branch-edit-ug","messageBody":"Edit UG","fileTypesAndContributionMap":{}}]}],"jaylontan":[],"Ben926":[]},"authorFileTypeContributionMap":{"pastchum":{"docs":0,"functional-code":0,"test-code":0},"isawangyx":{"docs":5,"functional-code":0,"test-code":0},"LuBolin":{"docs":0,"functional-code":24,"test-code":3},"jaylontan":{"docs":0,"functional-code":0,"test-code":0},"Ben926":{"docs":0,"functional-code":0,"test-code":0}},"authorContributionVariance":{"pastchum":0.0,"isawangyx":32.0,"LuBolin":337.55557,"jaylontan":0.0,"Ben926":0.0},"authorDisplayNameMap":{"pastchum":"CS2103T-T08-2 PATR..OMAS","isawangyx":"CS2103T-T08-2 WANG..IANG","LuBolin":"CS2103T-T08-2 LU B..OLIN","jaylontan":"CS2103T-T08-2 JAYL.. RUI","Ben926":"CS2103T-T08-2 KOH ..AMIN"}}
