{"authorDailyContributionsMap":{"AnWe11":[],"CloudKai":[{"date":"2025-04-07","commitResults":[{"hash":"885709873a5f4e4350a0c96eed3b62ea0930cca0","isMergeCommit":true,"messageTitle":"Merge pull request #255 from deseansoh/ped-tag-format","messageBody":"Update Tags format to allow for all ASCII characters","fileTypesAndContributionMap":{}}]}],"wzhua02":[],"vikeedough":[{"date":"2025-04-06","commitResults":[{"hash":"b2d52fd1cb99ab160b8eba1b6419d9fa85e9d906","isMergeCommit":true,"messageTitle":"Merge pull request #257 from deseansoh/planned-enhancements","messageBody":"Planned Enhancements Appendix","fileTypesAndContributionMap":{}},{"hash":"80797318c25efcb40de599bebdd098cef7f74efc","isMergeCommit":true,"messageTitle":"Merge pull request #256 from deseansoh/ped-display-command-message","messageBody":"Update INDEX to indicate strictly 1 and above","fileTypesAndContributionMap":{}}]},{"date":"2025-04-07","commitResults":[{"hash":"32e715b70af095c5685bb170eeb79f56374419e5","isMergeCommit":true,"messageTitle":"Merge pull request #254 from deseansoh/ped-documentation-fixes","messageBody":"PED UG and DG fixes","fileTypesAndContributionMap":{}}]}],"deseansoh":[]},"authorFileTypeContributionMap":{"AnWe11":{"docs":0,"functional-code":0,"test-code":0},"CloudKai":{"docs":0,"functional-code":0,"test-code":0},"wzhua02":{"docs":0,"functional-code":0,"test-code":0},"vikeedough":{"docs":0,"functional-code":0,"test-code":0},"deseansoh":{"docs":0,"functional-code":0,"test-code":0}},"authorContributionVariance":{"AnWe11":0.0,"CloudKai":0.0,"wzhua02":0.0,"vikeedough":0.0,"deseansoh":0.0},"authorDisplayNameMap":{"AnWe11":"CS2103T-T13-1 WONG.. WEI","CloudKai":"CS2103T-T13-1 BOON..MING","wzhua02":"CS2103T-T13-1 WOO .. HUA","vikeedough":"CS2103T-T13-1 DAVI..CEDO","deseansoh":"CS2103T-T13-1 DESE.. SOH"}}
