{"authorDailyContributionsMap":{"Golddirio":[{"date":"2025-04-05T00:00:00","commitResults":[{"hash":"cc12b4d0f23faab4550d6778cadd95f81c72d6ef","isMergeCommit":true,"messageTitle":"Merge pull request #171 from Golddirio/UG-update","messageBody":"Update UG","fileTypesAndContributionMap":{}},{"hash":"bb24755b80fe8e686580f5ff6b7646dbc6eaf709","isMergeCommit":true,"messageTitle":"Merge pull request #172 from Golddirio/DG-update-Alice","messageBody":"Update DG","fileTypesAndContributionMap":{}}]},{"date":"2025-04-07T00:00:00","commitResults":[{"hash":"2bd8c7603dc82bcd0f7020878d531b9d6716b57e","isMergeCommit":true,"messageTitle":"Merge pull request #219 from Golddirio/update-UG-screenshot","messageBody":"Add annotations on screenshots","fileTypesAndContributionMap":{}}]}],"danplatypus30":[],"Fieash":[],"AndreChia":[],"benedictleejr":[]},"authorFileTypeContributionMap":{"Golddirio":{"docs":0,"functional-code":0,"test-code":0},"danplatypus30":{"docs":0,"functional-code":0,"test-code":0},"Fieash":{"docs":0,"functional-code":0,"test-code":0},"AndreChia":{"docs":0,"functional-code":0,"test-code":0},"benedictleejr":{"docs":0,"functional-code":0,"test-code":0}},"authorContributionVariance":{"Golddirio":0.0,"danplatypus30":0.0,"Fieash":0.0,"AndreChia":0.0,"benedictleejr":0.0},"authorDisplayNameMap":{"Golddirio":"CS2103T-F13-1 JIN ..IYUE","danplatypus30":"CS2103T-F13-1 DANI.. HAO","Fieash":"CS2103T-F13-1 WONG..HANG","AndreChia":"CS2103T-F13-1 CHIA..NDRE","benedictleejr":"CS2103T-F13-1 LEE ..DICT"}}
