{"authorDailyContributionsMap":{"botosek":[],"tadacheng":[{"date":"2025-04-05","commitResults":[{"hash":"b542066a9a3d14bb092f13a363e33343b735b522","isMergeCommit":true,"messageTitle":"Merge pull request #251 from deberinoo/bugs-schedule","messageBody":"Fix schedule commands in UG, improved response message","fileTypesAndContributionMap":{}},{"hash":"9e81da59e98d872e41789467e0832a76086d38c1","isMergeCommit":false,"messageTitle":"Fix PE-D bugs relating to documentation","messageBody":"","fileTypesAndContributionMap":{"docs":{"insertions":15,"deletions":5}}},{"hash":"47ecc70518e8380874441d49f5213fbe180afcaf","isMergeCommit":false,"messageTitle":"Fix minor code issues","messageBody":"","fileTypesAndContributionMap":{"functional-code":{"insertions":2,"deletions":2}}}]}],"deberinoo":[{"date":"2025-04-05","commitResults":[{"hash":"f57dccfc14f9406af6ef24c31a3151c7f4731604","isMergeCommit":false,"messageTitle":"Fix schedule commands in UG, improved response message","messageBody":"","fileTypesAndContributionMap":{"functional-code":{"insertions":3,"deletions":4},"docs":{"insertions":7,"deletions":4}}},{"hash":"9cdbc343793daaa63720f06988812f7c9f106139","isMergeCommit":true,"messageTitle":"Merge pull request #252 from tadacheng/branch-fix-ped-bugs","messageBody":"Fix ped bugs","fileTypesAndContributionMap":{}}]}],"dnardnar":[],"xenyeo":[]},"authorFileTypeContributionMap":{"botosek":{"docs":0,"functional-code":0,"test-code":0},"tadacheng":{"docs":15,"functional-code":2,"test-code":0},"deberinoo":{"docs":7,"functional-code":3,"test-code":0},"dnardnar":{"docs":0,"functional-code":0,"test-code":0},"xenyeo":{"docs":0,"functional-code":0,"test-code":0}},"authorContributionVariance":{"botosek":0.0,"tadacheng":0.0,"deberinoo":0.0,"dnardnar":0.0,"xenyeo":0.0},"authorDisplayNameMap":{"botosek":"CS2103-F09-2 SEAN..KIAT","tadacheng":"CS2103-F09-2 TANG..HENG","deberinoo":"CS2103-F09-2 LU Y..ORAH","dnardnar":"CS2103-F09-2 PHIL.. HEW","xenyeo":"CS2103-F09-2 YEO .. WEN"}}
