{"authorDailyContributionsMap":{"caando":[],"juneha1120":[{"date":"2025-04-06","commitResults":[{"hash":"d805038c73637e567637bad13016d3353897476b","isMergeCommit":false,"messageTitle":"fix: Edit accelarator logic for week navigation shortcut to work properly","messageBody":"","fileTypesAndContributionMap":{"functional-code":{"insertions":28,"deletions":22}}},{"hash":"0fec9693b6fe1ef33d00144e26706e1b4f55654b","isMergeCommit":false,"messageTitle":"fix: Edit MainWindow.fxml to set sizes for panes with events and contacts","messageBody":"","fileTypesAndContributionMap":{"functional-code":{"insertions":3,"deletions":3}}},{"hash":"1ffa496d6724145fde8392fd0aad2f5ae623cb9b","isMergeCommit":false,"messageTitle":"fix: Edit MainWindow.fxml to set sizes for panes with events and contacts","messageBody":"","fileTypesAndContributionMap":{"functional-code":{"insertions":3,"deletions":3}}},{"hash":"d087f84e9b1a64514c2aa446f62bbd953766be5a","isMergeCommit":false,"messageTitle":"fix: Add larger padding for category label","messageBody":"","fileTypesAndContributionMap":{"functional-code":{"insertions":1,"deletions":1}}},{"hash":"2f0115f274d2110da3244c074b8c351ae9631cee","isMergeCommit":false,"messageTitle":"fix: Edit tag label to have max width and wrapping enabled","messageBody":"","fileTypesAndContributionMap":{"functional-code":{"insertions":3,"deletions":0}}},{"hash":"39570d8e3787f9c533bc80daca11625c072f9c54","isMergeCommit":true,"messageTitle":"Merge pull request #207 from juneha1120/fix-Calendar-Navigation","messageBody":"fix: Edit accelarator logic for week navigation shortcut to work properly","fileTypesAndContributionMap":{}},{"hash":"db0479fbe401e31ebf271081afc31ba40a4bbd12","isMergeCommit":true,"messageTitle":"Merge pull request #208 from juneha1120/fix-UI-empty-space","messageBody":"fix: Edit MainWindow.fxml to set sizes for panes with events and contacts","fileTypesAndContributionMap":{}},{"hash":"1d4919191db9432a6a54ae8befe329c181168c3c","isMergeCommit":true,"messageTitle":"Merge pull request #209 from juneha1120/fix-Category-text-label-shrinked","messageBody":"fix: Add larger padding for category label","fileTypesAndContributionMap":{}},{"hash":"14b734c09dfe634a875a75538ef4a620dd523077","isMergeCommit":true,"messageTitle":"Merge pull request #210 from juneha1120/fix-Tag-text-overrun","messageBody":"fix: Edit tag label to have max width and wrapping enabled","fileTypesAndContributionMap":{}},{"hash":"617883bc0f15d7506747a9e30c33bda9a01ad9f7","isMergeCommit":true,"messageTitle":"Merge branch \u0027master\u0027 of https://github.com/juneha1120/tp","messageBody":"","fileTypesAndContributionMap":{}},{"hash":"f814b463c7befb33ac61fdc119702633cbee4bf2","isMergeCommit":false,"messageTitle":"fix: Edit command usages for consistency with UG","messageBody":"","fileTypesAndContributionMap":{"functional-code":{"insertions":86,"deletions":78}}},{"hash":"4ba3e0b5aa07d1acdca07f58a7acffaf0ab87067","isMergeCommit":false,"messageTitle":"fix: Edit HelpCommand for better clarity when displaying help message","messageBody":"","fileTypesAndContributionMap":{"functional-code":{"insertions":40,"deletions":41},"test-code":{"insertions":15,"deletions":43}}},{"hash":"249905a33cf7242852da7ffed8f0c275643a6f21","isMergeCommit":false,"messageTitle":"docs: Edit UG for better consistency and fixing duplicates","messageBody":"","fileTypesAndContributionMap":{"docs":{"insertions":55,"deletions":114}}},{"hash":"8a9c541afa15a4bfbc0468863d36b64d9a5db994","isMergeCommit":false,"messageTitle":"docs: Fix examples for sort command","messageBody":"","fileTypesAndContributionMap":{"docs":{"insertions":3,"deletions":3}}},{"hash":"1402e0bf4f651ce0e991004ccf524de582d2c1c2","isMergeCommit":true,"messageTitle":"Merge pull request #212 from arshinsikka/fix-clear-message-branding","messageBody":"Fix clear command message to reflect product name \u0027TrackUp\u0027","fileTypesAndContributionMap":{}},{"hash":"a2120cbb1cf59d8437c11c2cfda51b3afbfaa00a","isMergeCommit":true,"messageTitle":"Merge pull request #213 from arshinsikka/fix-sort-command-ug-docs","messageBody":"Fix UG: Remove invalid sort command example with multiple fields","fileTypesAndContributionMap":{}},{"hash":"d0792c4eb25ca993704ccc56146a7cfaa0bc8c95","isMergeCommit":true,"messageTitle":"Merge pull request #215 from arshinsikka/fix-disallow-numeric-name-clean","messageBody":"Disallow numeric-only names in AddCommand (cherry-pick)","fileTypesAndContributionMap":{}},{"hash":"3f5dbfe7afe39fbacc6c9ffb5f917fb59af1fdb1","isMergeCommit":true,"messageTitle":"Merge pull request #216 from arshinsikka/fix-email-validation-ped192","messageBody":"Fix email validation to reject invalid domain formats","fileTypesAndContributionMap":{}},{"hash":"929a30f82cd0875d4b6a4b4d40353aed26eb3aae","isMergeCommit":true,"messageTitle":"Merge branch \u0027master\u0027 into docs-v1.6-Update-UG","messageBody":"","fileTypesAndContributionMap":{}},{"hash":"b7249b01357b7eaab4a2c79e4f03ce05bf74e372","isMergeCommit":false,"messageTitle":"test: Improve test coverage","messageBody":"","fileTypesAndContributionMap":{"test-code":{"insertions":33,"deletions":0}}},{"hash":"60f7de08aac49bbf6c57a7306e6bae228862bb3a","isMergeCommit":true,"messageTitle":"Merge branch \u0027docs-v1.6-Update-UG\u0027 of https://github.com/juneha1120/tp into docs-v1.6-Update-UG","messageBody":"","fileTypesAndContributionMap":{}},{"hash":"b28a978a2412700fb9b1696edb31d0ef7a8d648d","isMergeCommit":false,"messageTitle":"refactor: Remove unnecessary parameter for HelpCommand","messageBody":"","fileTypesAndContributionMap":{"functional-code":{"insertions":22,"deletions":38},"test-code":{"insertions":19,"deletions":49}}}]},{"date":"2025-04-07","commitResults":[{"hash":"3bdec1cdd6e46b396266abf8ee29fa02307b3b6f","isMergeCommit":true,"messageTitle":"Merge pull request #217 from juneha1120/docs-v1.6-Update-UG","messageBody":"docs: Update User Guide for v1.6","fileTypesAndContributionMap":{}}]}],"CHI-ME":[],"arshinsikka":[{"date":"2025-04-06","commitResults":[{"hash":"f98a97a48b4454a828642f80d699ad690a346e14","isMergeCommit":false,"messageTitle":"Fix clear command message to reflect product name \u0027TrackUp\u0027","messageBody":"","fileTypesAndContributionMap":{"functional-code":{"insertions":1,"deletions":1}}},{"hash":"30267e49ad03b82c6e7b8e361844e4692d9d2617","isMergeCommit":false,"messageTitle":"Fix UG: Remove invalid compound sort example and clarify single-field support","messageBody":"","fileTypesAndContributionMap":{"docs":{"insertions":22,"deletions":19}}},{"hash":"c304482c80099a9b703dda1bf9d3242e9cffc6f4","isMergeCommit":false,"messageTitle":"Prevent adding contacts with numeric-only names","messageBody":"Updated the Name class to disallow names made up of only digits (e.g., 1234), as this caused confusion with phone numbers and impaired search accuracy. Added regex validation to ensure names contain at least one letter. Updated corresponding tests.\n","fileTypesAndContributionMap":{"functional-code":{"insertions":4,"deletions":2},"test-code":{"insertions":6,"deletions":2}}},{"hash":"650503b704aef63f1e372ad86a47cc33ff4f0b9b","isMergeCommit":false,"messageTitle":"Fix: Reject invalid emails like \u0027@\u0027 and domains without periods","messageBody":"","fileTypesAndContributionMap":{"functional-code":{"insertions":6,"deletions":2},"test-code":{"insertions":20,"deletions":6}}}]}]},"authorFileTypeContributionMap":{"caando":{"docs":0,"functional-code":0,"test-code":0},"juneha1120":{"docs":49,"functional-code":151,"test-code":40},"CHI-ME":{"docs":0,"functional-code":0,"test-code":0},"arshinsikka":{"docs":0,"functional-code":10,"test-code":26}},"authorContributionVariance":{"caando":0.0,"juneha1120":110763.56,"CHI-ME":0.0,"arshinsikka":1840.2222},"authorDisplayNameMap":{"caando":"CS2103T-F14-4 ZHAN..IKUN","juneha1120":"CS2103T-F14-4 HA J..WOON","CHI-ME":"CS2103T-F14-4 CHEN.. FAN","arshinsikka":"CS2103T-F14-4 SIKK..SHIN"}}
