{"authorDailyContributionsMap":{"jensenhuangyankai":[{"date":"2025-04-06T00:00:00","commitResults":[{"hash":"da6fe1d4710da986e950095d8e07e6d0c505c886","isMergeCommit":true,"messageTitle":"Merge pull request #272 from josejhkim/branch-Fix-PE-Bugs","messageBody":"Fix broken links in the document","fileTypesAndContributionMap":{}}]}],"kaungzinye":[{"date":"2025-04-05T00:00:00","commitResults":[{"hash":"39fa784436ea5467ddf818e5396d086a13f71002","isMergeCommit":true,"messageTitle":"Merge pull request #264 from jonzyyyy/More-UG-Issues","messageBody":"Fixes more ug issues","fileTypesAndContributionMap":{}}]},{"date":"2025-04-06T00:00:00","commitResults":[{"hash":"a0257c2b83caa02513f5674fe2103bb749a24b57","isMergeCommit":true,"messageTitle":"Merge pull request #266 from jonzyyyy/remove-filter-noArgs","messageBody":"Improves filterPersons to handle invalid values","fileTypesAndContributionMap":{}}]}],"bhavinaa":[{"date":"2025-04-05T00:00:00","commitResults":[{"hash":"e6354be5f3dff34b364441f86db6bcbc59a64146","isMergeCommit":true,"messageTitle":"Merge pull request #262 from jonzyyyy/Fix-PED-UG","messageBody":"Fixes some UG formatting issues","fileTypesAndContributionMap":{}}]}],"jonzyyyy":[{"date":"2025-04-05T00:00:00","commitResults":[{"hash":"ceed87632347447affce51d258a56325ce474ed6","isMergeCommit":false,"messageTitle":"Fixes some UG formatting issues","messageBody":"","fileTypesAndContributionMap":{"docs":{"insertions":37,"deletions":64}}},{"hash":"845b26dcc5d138e935245f0bef07a9414d35efb0","isMergeCommit":false,"messageTitle":"Fixes more errors in UG","messageBody":"","fileTypesAndContributionMap":{"docs":{"insertions":14,"deletions":7}}},{"hash":"6ff07994d1888a67e8bb038c81fd578d740067ff","isMergeCommit":false,"messageTitle":"Fixes more UG issues","messageBody":"","fileTypesAndContributionMap":{"docs":{"insertions":8,"deletions":6}}},{"hash":"838d9a8bd4b6fb10422c97a88feea15539b7afd1","isMergeCommit":false,"messageTitle":"Fixes syntax","messageBody":"","fileTypesAndContributionMap":{"docs":{"insertions":2,"deletions":1}}},{"hash":"23423babce716ec89aedb94b3f640b46de21e5f6","isMergeCommit":false,"messageTitle":"Makes changes to addPerson spec","messageBody":"","fileTypesAndContributionMap":{"docs":{"insertions":3,"deletions":4}}},{"hash":"1baa6eeeda3f7634f6bf94ea39ff65fbe8af8330","isMergeCommit":false,"messageTitle":"Makes filterPersons more clear","messageBody":"","fileTypesAndContributionMap":{"docs":{"insertions":14,"deletions":22}}},{"hash":"d5843c4c83cdd453d6c37d5f6f66d4918d500833","isMergeCommit":false,"messageTitle":"Improves table of content","messageBody":"","fileTypesAndContributionMap":{"docs":{"insertions":36,"deletions":49}}},{"hash":"3771554ba54ac46adbce8a8ee02e185c6b3d7cfa","isMergeCommit":false,"messageTitle":"Adds page break for better pdf formatting","messageBody":"","fileTypesAndContributionMap":{"docs":{"insertions":5,"deletions":0}}},{"hash":"8c0eb4673783d6654354e89b9c7ce611d0372614","isMergeCommit":false,"messageTitle":"Fixes some syntax error","messageBody":"","fileTypesAndContributionMap":{"docs":{"insertions":1,"deletions":2}}},{"hash":"7b7fa3ac0538708629d33a13eaef6bab4a17d3bd","isMergeCommit":false,"messageTitle":"Fixes code formatting within commands","messageBody":"","fileTypesAndContributionMap":{"docs":{"insertions":18,"deletions":36}}},{"hash":"7b218ebae4bb03a661f9490c14dce7ebc01b2a6f","isMergeCommit":false,"messageTitle":"Improves example for deletePerson","messageBody":"","fileTypesAndContributionMap":{"docs":{"insertions":4,"deletions":4}}},{"hash":"e1dfc50bb56ee356f075ee7068a1f6610db71b56","isMergeCommit":false,"messageTitle":"Modifies filterPersons to be clearer","messageBody":"","fileTypesAndContributionMap":{"docs":{"insertions":6,"deletions":2}}},{"hash":"cf8b40a8be4de86e13f0df3b4bd83cbbabf29a94","isMergeCommit":false,"messageTitle":"Adds reference to dietary restrictions","messageBody":"","fileTypesAndContributionMap":{"docs":{"insertions":4,"deletions":5}}},{"hash":"fcb5934d7603772e81bb305890a2ffaf9fe44c4c","isMergeCommit":false,"messageTitle":"Adds more information to filterPersons","messageBody":"","fileTypesAndContributionMap":{"docs":{"insertions":1,"deletions":1}}},{"hash":"829d5fdeae0edb1260d25a2d34d3867d0bcf4722","isMergeCommit":false,"messageTitle":"Adds hyperlinks to filterPersons","messageBody":"","fileTypesAndContributionMap":{"docs":{"insertions":12,"deletions":5}}},{"hash":"17f8e0e4cb56981f73c81e90d7ee8b2bf6054613","isMergeCommit":false,"messageTitle":"Fixes NONE inconsistency","messageBody":"","fileTypesAndContributionMap":{"docs":{"insertions":2,"deletions":2}}},{"hash":"c8ea9f05449ab4b340f6f74ca2a42a3101da0a81","isMergeCommit":false,"messageTitle":"Moves bullet point up","messageBody":"","fileTypesAndContributionMap":{"docs":{"insertions":1,"deletions":1}}}]},{"date":"2025-04-06T00:00:00","commitResults":[{"hash":"21bebd872786e3a79488680144ef468f34c6f860","isMergeCommit":false,"messageTitle":"Improves filterPersons to handle invalid values","messageBody":"","fileTypesAndContributionMap":{"functional-code":{"insertions":23,"deletions":5},"docs":{"insertions":41,"deletions":37},"test-code":{"insertions":30,"deletions":6}}},{"hash":"5ec6526154824c7a3c069747c3c1c3e1818a648b","isMergeCommit":false,"messageTitle":"Made small naming changes","messageBody":"","fileTypesAndContributionMap":{"functional-code":{"insertions":3,"deletions":3},"docs":{"insertions":8,"deletions":8}}},{"hash":"56f85fbd324e97cbf6b24242206cf483078b1c1a","isMergeCommit":false,"messageTitle":"Improve wording for UG","messageBody":"","fileTypesAndContributionMap":{"docs":{"insertions":2,"deletions":2}}},{"hash":"5bf7e927f5fdfd56555936f3fd0cc8312c57bd8c","isMergeCommit":false,"messageTitle":"Updates the list javadoc and userguide","messageBody":"","fileTypesAndContributionMap":{"functional-code":{"insertions":1,"deletions":1},"docs":{"insertions":15,"deletions":0}}},{"hash":"7a20566a106bad5607b486671f693ee564862d9d","isMergeCommit":false,"messageTitle":"Updates wording in userGuide","messageBody":"","fileTypesAndContributionMap":{"docs":{"insertions":9,"deletions":9}}},{"hash":"e5e8ec271eed95948b26230103882104f2520ce5","isMergeCommit":false,"messageTitle":"Fixes minor spacing","messageBody":"","fileTypesAndContributionMap":{"docs":{"insertions":1,"deletions":1}}}]}],"josejhkim":[{"date":"2025-04-05T00:00:00","commitResults":[{"hash":"c6c9b007e0f7af7ee33e3aed0187b9701e55579b","isMergeCommit":false,"messageTitle":"Change getCurrentWedding() to throw an exception with no current wedding","messageBody":"","fileTypesAndContributionMap":{"functional-code":{"insertions":60,"deletions":37}}},{"hash":"aa892c2c2f7a45d51d77a241513f5c3964297c85","isMergeCommit":false,"messageTitle":"Change clear command result message formatting","messageBody":"","fileTypesAndContributionMap":{"functional-code":{"insertions":1,"deletions":1}}},{"hash":"bc879dad0591cffd0219d020910f89ed55c9c393","isMergeCommit":false,"messageTitle":"Fix issues found in the app from the PE-D","messageBody":"","fileTypesAndContributionMap":{"functional-code":{"insertions":120,"deletions":133},"test-code":{"insertions":13,"deletions":7}}},{"hash":"e121ebc9052b5e05488f76addd4d944bdc03515a","isMergeCommit":false,"messageTitle":"Fix checkstyle issues","messageBody":"","fileTypesAndContributionMap":{"functional-code":{"insertions":6,"deletions":6},"test-code":{"insertions":11,"deletions":43}}}]},{"date":"2025-04-06T00:00:00","commitResults":[{"hash":"012519eb529e021500efe5ded6c9c7570fdb4537","isMergeCommit":false,"messageTitle":"Fix issues found in the app from the PE-D","messageBody":"","fileTypesAndContributionMap":{"functional-code":{"insertions":146,"deletions":165},"test-code":{"insertions":47,"deletions":67}}},{"hash":"b2ab63cf4513a08264b2ee62a68275a9629a9ba8","isMergeCommit":false,"messageTitle":"Fix typo in command","messageBody":"","fileTypesAndContributionMap":{"functional-code":{"insertions":1,"deletions":1}}},{"hash":"9200da791b672cf423004f636fac9a4bb2c137b2","isMergeCommit":false,"messageTitle":"Call getCurrentWedding() before updating the GUI","messageBody":"","fileTypesAndContributionMap":{"functional-code":{"insertions":20,"deletions":7}}},{"hash":"507bd3382f892449dfa3a6837acacbecf4ef86af","isMergeCommit":true,"messageTitle":"Solve merge issues with upstream","messageBody":"","fileTypesAndContributionMap":{}},{"hash":"6b1594760956544c06758a301ef08c6c8b9a2f3d","isMergeCommit":false,"messageTitle":"Update AddPersonToTableCommand.java","messageBody":"","fileTypesAndContributionMap":{"functional-code":{"insertions":11,"deletions":22}}},{"hash":"22a9b4859d6370a0d1ef49b7bc53cad6ad0341ba","isMergeCommit":false,"messageTitle":"Update WeddingOverviewCommand.java","messageBody":"","fileTypesAndContributionMap":{"functional-code":{"insertions":20,"deletions":22}}},{"hash":"d069920388ad0315c8f0cfc96d0a533499066694","isMergeCommit":false,"messageTitle":"Update AddressBook.java","messageBody":"","fileTypesAndContributionMap":{"functional-code":{"insertions":20,"deletions":20}}},{"hash":"f884264b0f2cb23e0a5c1d3a2bdb94c47d798dd9","isMergeCommit":true,"messageTitle":"Merge branch \u0027master\u0027 into branch-Fix-PE-Bugs","messageBody":"","fileTypesAndContributionMap":{}},{"hash":"ba371adce2bf2d88767fb16ada303126130e2c0f","isMergeCommit":true,"messageTitle":"Merge pull request #265 from josejhkim/branch-Fix-PE-Bugs","messageBody":"Branch fix pe bugs","fileTypesAndContributionMap":{}},{"hash":"7d30b2bd204ec9ccf048534dbc1e1123b9a1bbf5","isMergeCommit":false,"messageTitle":"Fix broken links in the document","messageBody":"","fileTypesAndContributionMap":{"docs":{"insertions":4,"deletions":4}}}]}]},"authorFileTypeContributionMap":{"jensenhuangyankai":{"docs":0,"functional-code":0,"test-code":0},"kaungzinye":{"docs":0,"functional-code":0,"test-code":0},"bhavinaa":{"docs":0,"functional-code":0,"test-code":0},"jonzyyyy":{"docs":165,"functional-code":24,"test-code":30},"josejhkim":{"docs":4,"functional-code":155,"test-code":41}},"authorContributionVariance":{"jensenhuangyankai":0.0,"kaungzinye":0.0,"bhavinaa":0.0,"jonzyyyy":7569.0,"josejhkim":4830.25},"authorDisplayNameMap":{"jensenhuangyankai":"CS2103T-F12-3 JENS.. KAI","kaungzinye":"CS2103T-F12-3 KAUN..AUNG","bhavinaa":"CS2103T-F12-3 BHAV..UMAR","jonzyyyy":"CS2103T-F12-3 JONA..YANG","josejhkim":"CS2103T-F12-3 KIM ..AEHO"}}
