{"authorDailyContributionsMap":{"nictjh":[{"date":"2025-04-07T00:00:00","commitResults":[{"hash":"86744dd91300952e522a4e484de324027340e760","isMergeCommit":false,"messageTitle":"Fix duplicate inputs for img","messageBody":"","fileTypesAndContributionMap":{"functional-code":{"insertions":1,"deletions":1}}}]}],"Benjam11n":[{"date":"2025-04-05T00:00:00","commitResults":[{"hash":"51cead30a61612e0f17ad877419f6c3ed578665b","isMergeCommit":false,"messageTitle":"Add command history to testing section","messageBody":"","fileTypesAndContributionMap":{"docs":{"insertions":18,"deletions":0}}},{"hash":"3d57f15daa44bcf829f30efe910988ae45292604","isMergeCommit":false,"messageTitle":"Fix small command history bug","messageBody":"","fileTypesAndContributionMap":{"functional-code":{"insertions":2,"deletions":2}}}]},{"date":"2025-04-06T00:00:00","commitResults":[{"hash":"b61a38494eace92c22a66f37104f14a5c1bb27f2","isMergeCommit":false,"messageTitle":"Update links","messageBody":"","fileTypesAndContributionMap":{"docs":{"insertions":4,"deletions":4}}},{"hash":"51cbe11c8f965a10fe5f1352414fb9bb51a6d3f6","isMergeCommit":false,"messageTitle":"Remove escape character in phone","messageBody":"","fileTypesAndContributionMap":{"functional-code":{"insertions":1,"deletions":0}}},{"hash":"ebdc700a52cdc8e1f37c9bfe81cfe211f296a1b3","isMergeCommit":false,"messageTitle":"Make person names case insensitive","messageBody":"","fileTypesAndContributionMap":{"functional-code":{"insertions":1,"deletions":1},"test-code":{"insertions":2,"deletions":2}}},{"hash":"801edeb7634c376efd8325e40e271b57e087a80b","isMergeCommit":false,"messageTitle":"Add duplicate detection section","messageBody":"","fileTypesAndContributionMap":{"docs":{"insertions":21,"deletions":0}}},{"hash":"7aa96595b0cb852cf1e01bc4045c48315ec970cb","isMergeCommit":false,"messageTitle":"Add page break","messageBody":"","fileTypesAndContributionMap":{"docs":{"insertions":2,"deletions":0}}},{"hash":"9dc3295553d584c49d170c29afefb4698aef88d3","isMergeCommit":false,"messageTitle":"Add warning on find command","messageBody":"","fileTypesAndContributionMap":{"docs":{"insertions":6,"deletions":2}}},{"hash":"46dc475fd428dd10c0d6cd980215e01795be2b8b","isMergeCommit":false,"messageTitle":"Revert one change","messageBody":"","fileTypesAndContributionMap":{"docs":{"insertions":1,"deletions":1}}},{"hash":"47fbea9cbbddb3c2a516feeba7915ca4eee7383a","isMergeCommit":false,"messageTitle":"Remove space","messageBody":"","fileTypesAndContributionMap":{"docs":{"insertions":1,"deletions":1}}},{"hash":"22788679dac424b0adeaf6da2d3ef3adadf59511","isMergeCommit":false,"messageTitle":"Add warning for list","messageBody":"","fileTypesAndContributionMap":{"docs":{"insertions":4,"deletions":0}}},{"hash":"eec58c3b90d6ec3fed3cb799ba77122ab1e3f7b7","isMergeCommit":true,"messageTitle":"Merge pull request #278 from adoubleb/patch-credit-reuse","messageBody":"Add acknowledgement relating to reuse","fileTypesAndContributionMap":{}},{"hash":"4d790025cc14642859b7e4aafdf5ca7f6ff051a2","isMergeCommit":false,"messageTitle":"Make message even clearer","messageBody":"","fileTypesAndContributionMap":{"docs":{"insertions":1,"deletions":1}}},{"hash":"4840c558b116125b6e6b39405f280d6871d369a2","isMergeCommit":false,"messageTitle":"Add tests and update acknowledgements","messageBody":"","fileTypesAndContributionMap":{"docs":{"insertions":2,"deletions":1},"test-code":{"insertions":24,"deletions":2}}},{"hash":"fd7785d5b0a214cf57b8932796e48d961b12f55e","isMergeCommit":false,"messageTitle":"Fix test","messageBody":"","fileTypesAndContributionMap":{"test-code":{"insertions":1,"deletions":1}}},{"hash":"8b1d3dce72688d3259a95cbf2a278b096f5fe5f6","isMergeCommit":false,"messageTitle":"Update even more links","messageBody":"","fileTypesAndContributionMap":{"docs":{"insertions":2,"deletions":2}}}]},{"date":"2025-04-07T00:00:00","commitResults":[{"hash":"11c550a9f57ad4b5a4a4f2071c491b138d97a41b","isMergeCommit":true,"messageTitle":"Merge pull request #274 from Benjam11n/update-DG","messageBody":"Fix PE-D issues","fileTypesAndContributionMap":{}},{"hash":"d537fd20a145dbfd820bebfea4648e71645fa0cf","isMergeCommit":true,"messageTitle":"Merge pull request #275 from Benjam11n/fix-command-history","messageBody":"Fix bug in command history","fileTypesAndContributionMap":{}},{"hash":"4c825ed423fcd66c08d01b0bc47704113231a333","isMergeCommit":true,"messageTitle":"Merge branch \u0027master\u0027 into update-UG","messageBody":"","fileTypesAndContributionMap":{}},{"hash":"fe9b6bc6bec4537b1d058d9eb186ea8128b53dd9","isMergeCommit":false,"messageTitle":"Resolve PR comments","messageBody":"","fileTypesAndContributionMap":{"docs":{"insertions":2,"deletions":1}}},{"hash":"6823ed21034cc151f6fda31fd5af98298b2d38b5","isMergeCommit":true,"messageTitle":"Merge pull request #276 from Benjam11n/update-UG","messageBody":"Fix PE-D UG issues","fileTypesAndContributionMap":{}},{"hash":"16828c0c7102d9ce1c796a08a0b075bfdf8cfff8","isMergeCommit":true,"messageTitle":"Merge pull request #287 from nictjh/branch-BugFixDupImginput","messageBody":"Fix duplicate inputs for img","fileTypesAndContributionMap":{}}]}],"adoubleb":[{"date":"2025-04-06T00:00:00","commitResults":[{"hash":"536d02cc0a18c534019d73c7453109966d4d44c8","isMergeCommit":false,"messageTitle":"Add acknowledgement relating to reuse","messageBody":"","fileTypesAndContributionMap":{"functional-code":{"insertions":5,"deletions":0}}},{"hash":"9bf66be6b024851bd89913f0781e329a28c83e60","isMergeCommit":false,"messageTitle":"Fix bugs reported in PE-D","messageBody":"","fileTypesAndContributionMap":{"functional-code":{"insertions":2,"deletions":3},"docs":{"insertions":31,"deletions":18}}},{"hash":"6a9f1bc7ae046fe21e06b00d18c1b8330a772ef1","isMergeCommit":false,"messageTitle":"Fix checkstyle","messageBody":"","fileTypesAndContributionMap":{"functional-code":{"insertions":1,"deletions":1}}},{"hash":"185447096219e5c06da514c606c902fcbec9fede","isMergeCommit":false,"messageTitle":"Fix tests","messageBody":"","fileTypesAndContributionMap":{"test-code":{"insertions":1,"deletions":1}}},{"hash":"aa947dc23fc6740fae56f38a828bd5d0be1427ef","isMergeCommit":false,"messageTitle":"Update tag multiplicity","messageBody":"","fileTypesAndContributionMap":{"docs":{"insertions":1,"deletions":1}}},{"hash":"62cf878a05ccc412345634fec6adf63b30cddcc0","isMergeCommit":false,"messageTitle":"Address pr comments","messageBody":"","fileTypesAndContributionMap":{"docs":{"insertions":3,"deletions":3}}},{"hash":"14f9deef315441a761ca72b7b0f0276d75faf1af","isMergeCommit":true,"messageTitle":"Merge pull request #279 from adoubleb/patch-pe-d","messageBody":"Fix bugs reported in PE-D","fileTypesAndContributionMap":{}}]}],"YashvanGH":[],"qilstiano":[]},"authorFileTypeContributionMap":{"nictjh":{"docs":0,"functional-code":1,"test-code":0},"Benjam11n":{"docs":56,"functional-code":4,"test-code":25},"adoubleb":{"docs":33,"functional-code":6,"test-code":1},"YashvanGH":{"docs":0,"functional-code":0,"test-code":0},"qilstiano":{"docs":0,"functional-code":0,"test-code":0}},"authorContributionVariance":{"nictjh":0.88888884,"Benjam11n":1429.5555,"adoubleb":1120.2223,"YashvanGH":0.0,"qilstiano":0.0},"authorDisplayNameMap":{"nictjh":"CS2103T-T14-1 TOK ..OLAS","Benjam11n":"CS2103T-T14-1 BENJ..YUAN","adoubleb":"CS2103T-T14-1 ABDU..AZAK","YashvanGH":"CS2103T-T14-1 YASH..SAMY","qilstiano":"CS2103T-T14-1 MUHA..ALID"}}
