[{"path":"src/main/java/seedu/address/logic/parser/FindCommandParser.java","fileType":"functional-code","lines":[{"lineNumber":1,"author":{"gitId":"-"},"content":"package seedu.address.logic.parser;","lastModifiedDate":"2017-01-26T18:00:58","isFullCredit":false},{"lineNumber":2,"author":{"gitId":"-"},"content":"","lastModifiedDate":"2017-01-26T18:00:58","isFullCredit":false},{"lineNumber":3,"author":{"gitId":"-"},"content":"import static seedu.address.logic.Messages.MESSAGE_INVALID_COMMAND_FORMAT;","lastModifiedDate":"2023-07-13T13:29:39","isFullCredit":false},{"lineNumber":4,"author":{"gitId":"davidchongg"},"content":"import static seedu.address.logic.parser.CliSyntax.PREFIX_NAME;","lastModifiedDate":"2025-04-06T01:46:20","isFullCredit":false},{"lineNumber":5,"author":{"gitId":"-"},"content":"","lastModifiedDate":"2017-01-26T18:00:58","isFullCredit":false},{"lineNumber":6,"author":{"gitId":"-"},"content":"import java.util.Arrays;","lastModifiedDate":"2017-01-26T18:00:58","isFullCredit":false},{"lineNumber":7,"author":{"gitId":"-"},"content":"","lastModifiedDate":"2017-01-26T18:00:58","isFullCredit":false},{"lineNumber":8,"author":{"gitId":"-"},"content":"import seedu.address.logic.commands.FindCommand;","lastModifiedDate":"2017-01-26T18:00:58","isFullCredit":false},{"lineNumber":9,"author":{"gitId":"-"},"content":"import seedu.address.logic.parser.exceptions.ParseException;","lastModifiedDate":"2017-03-11T10:15:25","isFullCredit":false},{"lineNumber":10,"author":{"gitId":"-"},"content":"import seedu.address.model.person.NameContainsKeywordsPredicate;","lastModifiedDate":"2017-06-12T16:07:58","isFullCredit":false},{"lineNumber":11,"author":{"gitId":"-"},"content":"","lastModifiedDate":"2017-01-26T18:00:58","isFullCredit":false},{"lineNumber":12,"author":{"gitId":"-"},"content":"/**","lastModifiedDate":"2017-01-26T18:00:58","isFullCredit":false},{"lineNumber":13,"author":{"gitId":"-"},"content":" * Parses input arguments and creates a new FindCommand object","lastModifiedDate":"2017-01-26T18:00:58","isFullCredit":false},{"lineNumber":14,"author":{"gitId":"-"},"content":" */","lastModifiedDate":"2017-01-26T18:00:58","isFullCredit":false},{"lineNumber":15,"author":{"gitId":"-"},"content":"public class FindCommandParser implements Parser\u003cFindCommand\u003e {","lastModifiedDate":"2017-07-06T08:43:06","isFullCredit":false},{"lineNumber":16,"author":{"gitId":"-"},"content":"","lastModifiedDate":"2017-01-26T18:00:58","isFullCredit":false},{"lineNumber":17,"author":{"gitId":"davidchongg"},"content":"    private static final String MESSAGE_FIELD_NOT_REQUIRED \u003d \"Field keyword n/ is not required. \\n%1$s\";","lastModifiedDate":"2025-04-06T01:46:20","isFullCredit":false},{"lineNumber":18,"author":{"gitId":"davidchongg"},"content":"","lastModifiedDate":"2025-04-06T01:46:20","isFullCredit":false},{"lineNumber":19,"author":{"gitId":"-"},"content":"    /**","lastModifiedDate":"2017-01-26T18:00:58","isFullCredit":false},{"lineNumber":20,"author":{"gitId":"-"},"content":"     * Parses the given {@code String} of arguments in the context of the FindCommand","lastModifiedDate":"2017-01-26T18:00:58","isFullCredit":false},{"lineNumber":21,"author":{"gitId":"-"},"content":"     * and returns a FindCommand object for execution.","lastModifiedDate":"2019-05-11T21:37:58","isFullCredit":false},{"lineNumber":22,"author":{"gitId":"-"},"content":"     * @throws ParseException if the user input does not conform the expected format","lastModifiedDate":"2017-03-11T10:15:25","isFullCredit":false},{"lineNumber":23,"author":{"gitId":"-"},"content":"     */","lastModifiedDate":"2017-01-26T18:00:58","isFullCredit":false},{"lineNumber":24,"author":{"gitId":"-"},"content":"    public FindCommand parse(String args) throws ParseException {","lastModifiedDate":"2017-03-11T10:22:29","isFullCredit":false},{"lineNumber":25,"author":{"gitId":"-"},"content":"        String trimmedArgs \u003d args.trim();","lastModifiedDate":"2017-02-12T16:00:07","isFullCredit":false},{"lineNumber":26,"author":{"gitId":"-"},"content":"        if (trimmedArgs.isEmpty()) {","lastModifiedDate":"2017-02-12T16:00:07","isFullCredit":false},{"lineNumber":27,"author":{"gitId":"-"},"content":"            throw new ParseException(","lastModifiedDate":"2017-03-11T10:15:25","isFullCredit":false},{"lineNumber":28,"author":{"gitId":"-"},"content":"                    String.format(MESSAGE_INVALID_COMMAND_FORMAT, FindCommand.MESSAGE_USAGE));","lastModifiedDate":"2017-01-26T18:00:58","isFullCredit":false},{"lineNumber":29,"author":{"gitId":"-"},"content":"        }","lastModifiedDate":"2017-01-26T18:00:58","isFullCredit":false},{"lineNumber":30,"author":{"gitId":"-"},"content":"","lastModifiedDate":"2017-01-26T18:00:58","isFullCredit":false},{"lineNumber":31,"author":{"gitId":"davidchongg"},"content":"        ArgumentMultimap argMultimap \u003d ArgumentTokenizer.tokenize(args, PREFIX_NAME);","lastModifiedDate":"2025-04-06T01:46:20","isFullCredit":false},{"lineNumber":32,"author":{"gitId":"davidchongg"},"content":"        if (argMultimap.getValue(PREFIX_NAME).isPresent()) {","lastModifiedDate":"2025-04-06T01:46:20","isFullCredit":false},{"lineNumber":33,"author":{"gitId":"davidchongg"},"content":"            throw new ParseException(","lastModifiedDate":"2025-04-06T01:46:20","isFullCredit":false},{"lineNumber":34,"author":{"gitId":"davidchongg"},"content":"                    String.format(MESSAGE_FIELD_NOT_REQUIRED, FindCommand.MESSAGE_USAGE));","lastModifiedDate":"2025-04-06T01:46:20","isFullCredit":false},{"lineNumber":35,"author":{"gitId":"davidchongg"},"content":"        }","lastModifiedDate":"2025-04-06T01:46:20","isFullCredit":false},{"lineNumber":36,"author":{"gitId":"davidchongg"},"content":"","lastModifiedDate":"2025-04-06T01:46:20","isFullCredit":false},{"lineNumber":37,"author":{"gitId":"-"},"content":"        String[] nameKeywords \u003d trimmedArgs.split(\"\\\\s+\");","lastModifiedDate":"2017-06-12T16:07:58","isFullCredit":false},{"lineNumber":38,"author":{"gitId":"-"},"content":"","lastModifiedDate":"2017-06-12T16:07:58","isFullCredit":false},{"lineNumber":39,"author":{"gitId":"-"},"content":"        return new FindCommand(new NameContainsKeywordsPredicate(Arrays.asList(nameKeywords)));","lastModifiedDate":"2017-06-12T16:07:58","isFullCredit":false},{"lineNumber":40,"author":{"gitId":"-"},"content":"    }","lastModifiedDate":"2017-01-26T18:00:58","isFullCredit":false},{"lineNumber":41,"author":{"gitId":"-"},"content":"","lastModifiedDate":"2017-01-26T18:00:58","isFullCredit":false},{"lineNumber":42,"author":{"gitId":"-"},"content":"}","lastModifiedDate":"2017-01-26T18:00:58","isFullCredit":false}],"authorContributionMap":{"davidchongg":9,"-":33}},{"path":"src/test/java/seedu/address/logic/parser/FindCommandParserTest.java","fileType":"test-code","lines":[{"lineNumber":1,"author":{"gitId":"-"},"content":"package seedu.address.logic.parser;","lastModifiedDate":"2017-06-27T15:54:22","isFullCredit":false},{"lineNumber":2,"author":{"gitId":"-"},"content":"","lastModifiedDate":"2017-06-27T15:54:22","isFullCredit":false},{"lineNumber":3,"author":{"gitId":"-"},"content":"import static seedu.address.logic.Messages.MESSAGE_INVALID_COMMAND_FORMAT;","lastModifiedDate":"2023-07-13T13:29:39","isFullCredit":false},{"lineNumber":4,"author":{"gitId":"-"},"content":"import static seedu.address.logic.parser.CommandParserTestUtil.assertParseFailure;","lastModifiedDate":"2017-07-06T09:16:33","isFullCredit":false},{"lineNumber":5,"author":{"gitId":"-"},"content":"import static seedu.address.logic.parser.CommandParserTestUtil.assertParseSuccess;","lastModifiedDate":"2017-07-06T09:16:33","isFullCredit":false},{"lineNumber":6,"author":{"gitId":"-"},"content":"","lastModifiedDate":"2017-06-27T15:54:22","isFullCredit":false},{"lineNumber":7,"author":{"gitId":"-"},"content":"import java.util.Arrays;","lastModifiedDate":"2017-06-27T15:54:22","isFullCredit":false},{"lineNumber":8,"author":{"gitId":"-"},"content":"","lastModifiedDate":"2017-06-27T15:54:22","isFullCredit":false},{"lineNumber":9,"author":{"gitId":"-"},"content":"import org.junit.jupiter.api.Test;","lastModifiedDate":"2019-04-27T20:09:31","isFullCredit":false},{"lineNumber":10,"author":{"gitId":"-"},"content":"","lastModifiedDate":"2017-06-27T15:54:22","isFullCredit":false},{"lineNumber":11,"author":{"gitId":"-"},"content":"import seedu.address.logic.commands.FindCommand;","lastModifiedDate":"2017-06-27T15:54:22","isFullCredit":false},{"lineNumber":12,"author":{"gitId":"-"},"content":"import seedu.address.model.person.NameContainsKeywordsPredicate;","lastModifiedDate":"2017-06-12T16:07:58","isFullCredit":false},{"lineNumber":13,"author":{"gitId":"-"},"content":"","lastModifiedDate":"2017-06-27T15:54:22","isFullCredit":false},{"lineNumber":14,"author":{"gitId":"-"},"content":"public class FindCommandParserTest {","lastModifiedDate":"2017-06-27T15:54:22","isFullCredit":false},{"lineNumber":15,"author":{"gitId":"-"},"content":"","lastModifiedDate":"2017-06-27T15:54:22","isFullCredit":false},{"lineNumber":16,"author":{"gitId":"-"},"content":"    private FindCommandParser parser \u003d new FindCommandParser();","lastModifiedDate":"2017-06-27T15:54:22","isFullCredit":false},{"lineNumber":17,"author":{"gitId":"-"},"content":"","lastModifiedDate":"2017-06-27T15:54:22","isFullCredit":false},{"lineNumber":18,"author":{"gitId":"-"},"content":"    @Test","lastModifiedDate":"2017-06-27T15:54:22","isFullCredit":false},{"lineNumber":19,"author":{"gitId":"-"},"content":"    public void parse_emptyArg_throwsParseException() {","lastModifiedDate":"2017-06-27T15:54:22","isFullCredit":false},{"lineNumber":20,"author":{"gitId":"-"},"content":"        assertParseFailure(parser, \"     \", String.format(MESSAGE_INVALID_COMMAND_FORMAT, FindCommand.MESSAGE_USAGE));","lastModifiedDate":"2017-07-06T09:16:33","isFullCredit":false},{"lineNumber":21,"author":{"gitId":"-"},"content":"    }","lastModifiedDate":"2017-06-27T15:54:22","isFullCredit":false},{"lineNumber":22,"author":{"gitId":"-"},"content":"","lastModifiedDate":"2017-06-27T15:54:22","isFullCredit":false},{"lineNumber":23,"author":{"gitId":"davidchongg"},"content":"    @Test","lastModifiedDate":"2025-04-06T01:46:20","isFullCredit":false},{"lineNumber":24,"author":{"gitId":"davidchongg"},"content":"    public void parse_withFieldKeyword_throwsParseException() {","lastModifiedDate":"2025-04-06T01:46:20","isFullCredit":false},{"lineNumber":25,"author":{"gitId":"davidchongg"},"content":"        assertParseFailure(parser, \" n/Alice\", String.format(","lastModifiedDate":"2025-04-06T01:46:20","isFullCredit":false},{"lineNumber":26,"author":{"gitId":"davidchongg"},"content":"                \"Field keyword n/ is not required. \\n%1$s\", FindCommand.MESSAGE_USAGE));","lastModifiedDate":"2025-04-06T01:46:20","isFullCredit":false},{"lineNumber":27,"author":{"gitId":"davidchongg"},"content":"    }","lastModifiedDate":"2025-04-06T01:46:20","isFullCredit":false},{"lineNumber":28,"author":{"gitId":"davidchongg"},"content":"","lastModifiedDate":"2025-04-06T01:46:20","isFullCredit":false},{"lineNumber":29,"author":{"gitId":"-"},"content":"    @Test","lastModifiedDate":"2017-06-27T15:54:22","isFullCredit":false},{"lineNumber":30,"author":{"gitId":"-"},"content":"    public void parse_validArgs_returnsFindCommand() {","lastModifiedDate":"2017-08-15T13:16:29","isFullCredit":false},{"lineNumber":31,"author":{"gitId":"-"},"content":"        // no leading and trailing whitespaces","lastModifiedDate":"2017-06-27T15:54:22","isFullCredit":false},{"lineNumber":32,"author":{"gitId":"-"},"content":"        FindCommand expectedFindCommand \u003d","lastModifiedDate":"2017-06-12T16:07:58","isFullCredit":false},{"lineNumber":33,"author":{"gitId":"-"},"content":"                new FindCommand(new NameContainsKeywordsPredicate(Arrays.asList(\"Alice\", \"Bob\")));","lastModifiedDate":"2017-06-12T16:07:58","isFullCredit":false},{"lineNumber":34,"author":{"gitId":"-"},"content":"        assertParseSuccess(parser, \"Alice Bob\", expectedFindCommand);","lastModifiedDate":"2017-07-06T09:16:33","isFullCredit":false},{"lineNumber":35,"author":{"gitId":"-"},"content":"","lastModifiedDate":"2017-06-27T15:54:22","isFullCredit":false},{"lineNumber":36,"author":{"gitId":"-"},"content":"        // multiple whitespaces between keywords","lastModifiedDate":"2017-06-27T15:54:22","isFullCredit":false},{"lineNumber":37,"author":{"gitId":"-"},"content":"        assertParseSuccess(parser, \" \\n Alice \\n \\t Bob  \\t\", expectedFindCommand);","lastModifiedDate":"2017-07-06T09:16:33","isFullCredit":false},{"lineNumber":38,"author":{"gitId":"-"},"content":"    }","lastModifiedDate":"2017-06-27T15:54:22","isFullCredit":false},{"lineNumber":39,"author":{"gitId":"-"},"content":"","lastModifiedDate":"2017-06-27T15:54:22","isFullCredit":false},{"lineNumber":40,"author":{"gitId":"-"},"content":"}","lastModifiedDate":"2017-06-27T15:54:22","isFullCredit":false}],"authorContributionMap":{"davidchongg":6,"-":34}}]
