{"authorDailyContributionsMap":{"SherrinfordHR":[{"date":"2025-04-05T00:00:00","commitResults":[{"hash":"83bedf1cfc16624346804c088dd848f8fc1799ed","isMergeCommit":false,"messageTitle":"Update Expand UI and Fix title","messageBody":"","fileTypesAndContributionMap":{"functional-code":{"insertions":22,"deletions":4}}},{"hash":"43a1085d9a3df192a67bc315c6bf53b4a01c86bc","isMergeCommit":false,"messageTitle":"Update UI","messageBody":"Client Card now does not show description.\nClient Card tags are now safer and wont throw exception.\n","fileTypesAndContributionMap":{"functional-code":{"insertions":4,"deletions":12}}},{"hash":"87570afe4ea20162d9cb238a55547d950335838c","isMergeCommit":false,"messageTitle":"Update ClientCard.java","messageBody":"","fileTypesAndContributionMap":{"functional-code":{"insertions":0,"deletions":1}}},{"hash":"81ac782b7d6f7b7b093ad64de61d2814cf9dc469","isMergeCommit":false,"messageTitle":"Update ClientDetailPanel.java","messageBody":"","fileTypesAndContributionMap":{"functional-code":{"insertions":2,"deletions":2}}},{"hash":"eb818a7727c812877decdc2e2d93321ba460f016","isMergeCommit":false,"messageTitle":"Update ClientDetailPanel.java","messageBody":"","fileTypesAndContributionMap":{"functional-code":{"insertions":1,"deletions":1}}}]},{"date":"2025-04-06T00:00:00","commitResults":[{"hash":"fee4a4ac389fe729db32770144e0c95939758ba9","isMergeCommit":false,"messageTitle":"Update Client Card","messageBody":"Description is now available in client card\n","fileTypesAndContributionMap":{"functional-code":{"insertions":18,"deletions":2}}},{"hash":"c2923ea6717b15aeab60d063bddd7db2cbc0d6ea","isMergeCommit":false,"messageTitle":"Update ClientCard.java","messageBody":"","fileTypesAndContributionMap":{"functional-code":{"insertions":1,"deletions":1}}},{"hash":"0687889f99610b7b60ce4e47d013a4ebbf59c8c9","isMergeCommit":true,"messageTitle":"Merge pull request #213 from SherrinfordHR/Update_ExpandedView_Description","messageBody":"Update Expand UI and Fix title to \"Client Connect\"","fileTypesAndContributionMap":{}}]}],"nlqhung130403":[{"date":"2025-04-06T00:00:00","commitResults":[{"hash":"c6257e588f36d4fa0dd4881a4f4fb55755b796ab","isMergeCommit":true,"messageTitle":"Merge pull request #214 from TobyCyan/fix-ped-ug","messageBody":"Fix user guide bugs","fileTypesAndContributionMap":{}},{"hash":"9b83584b2f0077e7468a799cf563e97abe0bf4b1","isMergeCommit":true,"messageTitle":"Merge pull request #215 from TobyCyan/fix-ped-dg","messageBody":"Fix developer guide bugs","fileTypesAndContributionMap":{}}]}],"TobyCyan":[{"date":"2025-04-06T00:00:00","commitResults":[{"hash":"848feb06a7dc25f99771134eac6c777f09e6cafa","isMergeCommit":true,"messageTitle":"Merge branch \u0027AY2425S2-CS2103T-W13-2:master\u0027 into master","messageBody":"","fileTypesAndContributionMap":{}},{"hash":"c4113b3f797b867b5141411e8492ab2d62509ecd","isMergeCommit":true,"messageTitle":"Merge branch \u0027master\u0027 of https://github.com/TobyCyan/tp","messageBody":"","fileTypesAndContributionMap":{}},{"hash":"e90e9251c3c9f747cbb2d4db42e02c4d346407ae","isMergeCommit":false,"messageTitle":"Fix issues","messageBody":"Issues fixed are as follows:\n#172\n#181\n#184\n#185\n#189\n#205\n","fileTypesAndContributionMap":{"other":{"insertions":1,"deletions":1},"docs":{"insertions":27,"deletions":8}}},{"hash":"e4e63a52aea0cd04ce61f2754354d97082afd3a1","isMergeCommit":false,"messageTitle":"Fix issues","messageBody":"Fixed the following issues:\n#164\n#166\n#168\n","fileTypesAndContributionMap":{"docs":{"insertions":12,"deletions":8}}},{"hash":"c24730af108142ed246e962fc7d23bf28122e8fe","isMergeCommit":false,"messageTitle":"Fix issue 197","messageBody":"","fileTypesAndContributionMap":{"functional-code":{"insertions":1,"deletions":1}}},{"hash":"18322f2c11153046fb29d2ed0be746da3c6b6353","isMergeCommit":false,"messageTitle":"Fix issues","messageBody":"Issues fixed are as follows:\n#203\n#208\n","fileTypesAndContributionMap":{"docs":{"insertions":33,"deletions":13}}},{"hash":"4a1cd1847b4019009c7bed62dd138aae158881f8","isMergeCommit":false,"messageTitle":"Update test cases in developer guide","messageBody":"","fileTypesAndContributionMap":{"docs":{"insertions":32,"deletions":9}}},{"hash":"aa7d5b70c5a3b88f29cd206e2f8097eed556baca","isMergeCommit":false,"messageTitle":"Fix #199","messageBody":"","fileTypesAndContributionMap":{"docs":{"insertions":14,"deletions":17}}},{"hash":"7bb92fe6642f14a92471f2a55632175dc70a9f73","isMergeCommit":false,"messageTitle":"Fix #190","messageBody":"","fileTypesAndContributionMap":{"docs":{"insertions":2,"deletions":2}}},{"hash":"e2acef182f40d9cc3c4ea11aeb5530ab1cc013b1","isMergeCommit":false,"messageTitle":"Fix #196","messageBody":"","fileTypesAndContributionMap":{"docs":{"insertions":6,"deletions":0}}},{"hash":"5d3e9bfc4993c152f037abea7acdaef520fa29b9","isMergeCommit":false,"messageTitle":"Fix #188","messageBody":"","fileTypesAndContributionMap":{"docs":{"insertions":8,"deletions":1}}}]}],"dingZvel":[],"gandwarf":[{"date":"2025-04-06T00:00:00","commitResults":[{"hash":"b17b105eaf766aaafc14088945ee1460994f4a87","isMergeCommit":false,"messageTitle":"add limitation to length of name","messageBody":"","fileTypesAndContributionMap":{"functional-code":{"insertions":3,"deletions":2},"docs":{"insertions":1,"deletions":1},"test-code":{"insertions":2,"deletions":0}}},{"hash":"545b8076fbc9b86f51e2bcc2cec254355d681cdc","isMergeCommit":true,"messageTitle":"Merge branch \u0027master\u0027 into branch-ParseUtil","messageBody":"","fileTypesAndContributionMap":{}},{"hash":"8bca4efb8bbd6d320a1e038a9df346146ae65562","isMergeCommit":false,"messageTitle":"Remove the acceptance of number in name","messageBody":"","fileTypesAndContributionMap":{"functional-code":{"insertions":1,"deletions":1},"test-code":{"insertions":3,"deletions":3}}}]},{"date":"2025-04-07T00:00:00","commitResults":[{"hash":"48d032de713a06a0b121f521af42e06fda6c2fe1","isMergeCommit":true,"messageTitle":"Merge pull request #217 from gandwarf/branch-ParseUtil","messageBody":"add limitation to length of name and update userguide","fileTypesAndContributionMap":{}}]}]},"authorFileTypeContributionMap":{"SherrinfordHR":{"docs":0,"functional-code":36,"test-code":0},"nlqhung130403":{"docs":0,"functional-code":0,"test-code":0},"TobyCyan":{"docs":128,"functional-code":1,"test-code":0,"other":1},"dingZvel":{"docs":0,"functional-code":0,"test-code":0},"gandwarf":{"docs":2,"functional-code":3,"test-code":5}},"authorContributionVariance":{"SherrinfordHR":401.55554,"nlqhung130403":0.0,"TobyCyan":8536.889,"dingZvel":0.0,"gandwarf":64.22223},"authorDisplayNameMap":{"SherrinfordHR":"CS2103T-W13-2 ZHEN..GWEI","nlqhung130403":"CS2103T-W13-2 NGUY..HUNG","TobyCyan":"CS2103T-W13-2 YONG..N XI","dingZvel":"CS2103T-W13-2 DING.. ZHE","gandwarf":"CS2103T-W13-2 TANG..UKUN"}}
