[{"path":"docs/UserGuide.md","fileType":"docs","lines":[{"lineNumber":1,"author":{"gitId":"-"},"content":"---","lastModifiedDate":"2020-05-23T01:10:16","isFullCredit":false},{"lineNumber":2,"author":{"gitId":"-"},"content":"  layout: default.md","lastModifiedDate":"2023-09-12T01:20:47","isFullCredit":false},{"lineNumber":3,"author":{"gitId":"-"},"content":"  title: \"User Guide\"","lastModifiedDate":"2023-09-12T01:20:47","isFullCredit":false},{"lineNumber":4,"author":{"gitId":"-"},"content":"  pageNav: 3","lastModifiedDate":"2023-09-12T01:20:47","isFullCredit":false},{"lineNumber":5,"author":{"gitId":"-"},"content":"---","lastModifiedDate":"2020-05-23T01:10:16","isFullCredit":false},{"lineNumber":6,"author":{"gitId":"-"},"content":"","lastModifiedDate":"2020-05-23T01:10:16","isFullCredit":false},{"lineNumber":7,"author":{"gitId":"-"},"content":"# Listify User Guide","lastModifiedDate":"2025-04-02T22:27:52","isFullCredit":false},{"lineNumber":8,"author":{"gitId":"-"},"content":"","lastModifiedDate":"2020-05-23T01:10:16","isFullCredit":false},{"lineNumber":9,"author":{"gitId":"-"},"content":"Listify is a **desktop app for managing contacts, optimized for use via a  Line Interface** (CLI) while still having the benefits of a Graphical User Interface (GUI). If you can type fast, Listify can get your contact management tasks done faster than traditional GUI apps.","lastModifiedDate":"2025-04-02T22:27:52","isFullCredit":false},{"lineNumber":10,"author":{"gitId":"-"},"content":"","lastModifiedDate":"2023-09-12T01:20:47","isFullCredit":false},{"lineNumber":11,"author":{"gitId":"-"},"content":"\u003c!-- * Table of Contents --\u003e","lastModifiedDate":"2023-09-12T01:20:47","isFullCredit":false},{"lineNumber":12,"author":{"gitId":"-"},"content":"\u003cpage-nav-print /\u003e","lastModifiedDate":"2023-09-12T01:20:47","isFullCredit":false},{"lineNumber":13,"author":{"gitId":"-"},"content":"","lastModifiedDate":"2020-05-23T01:10:16","isFullCredit":false},{"lineNumber":14,"author":{"gitId":"-"},"content":"--------------------------------------------------------------------------------------------------------------------","lastModifiedDate":"2020-05-23T01:10:16","isFullCredit":false},{"lineNumber":15,"author":{"gitId":"-"},"content":"","lastModifiedDate":"2020-05-23T01:10:16","isFullCredit":false},{"lineNumber":16,"author":{"gitId":"-"},"content":"## Quick start","lastModifiedDate":"2020-05-23T01:10:16","isFullCredit":false},{"lineNumber":17,"author":{"gitId":"-"},"content":"","lastModifiedDate":"2020-05-23T01:10:16","isFullCredit":false},{"lineNumber":18,"author":{"gitId":"-"},"content":"1. Ensure you have Java `17` or above installed in your Computer.\u003cbr\u003e","lastModifiedDate":"2025-01-25T13:19:25","isFullCredit":false},{"lineNumber":19,"author":{"gitId":"-"},"content":"   **Mac users:** Ensure you have the precise JDK version prescribed [here](https://se-education.org/guides/tutorials/javaInstallationMac.html).","lastModifiedDate":"2025-01-25T13:19:25","isFullCredit":false},{"lineNumber":20,"author":{"gitId":"-"},"content":"","lastModifiedDate":"2020-05-23T01:10:16","isFullCredit":false},{"lineNumber":21,"author":{"gitId":"-"},"content":"1. Download the latest `.jar` file from [here](https://github.com/AY2425S2-CS2103-F09-3/tp/releases).","lastModifiedDate":"2025-04-02T22:27:52","isFullCredit":false},{"lineNumber":22,"author":{"gitId":"-"},"content":"","lastModifiedDate":"2020-05-23T01:10:16","isFullCredit":false},{"lineNumber":23,"author":{"gitId":"-"},"content":"1. Copy the file to the folder you want to use as the _home folder_ for your Listify App.","lastModifiedDate":"2025-04-02T22:27:52","isFullCredit":false},{"lineNumber":24,"author":{"gitId":"-"},"content":"","lastModifiedDate":"2020-05-23T01:10:16","isFullCredit":false},{"lineNumber":25,"author":{"gitId":"-"},"content":"1. Open a command terminal, `cd` into the folder you put the jar file in, and use the `java -jar listify.jar` command to run the application.\u003cbr\u003e","lastModifiedDate":"2025-04-02T22:27:52","isFullCredit":false},{"lineNumber":26,"author":{"gitId":"-"},"content":"   A GUI similar to the below should appear in a few seconds. Note how the app contains some sample data.\u003cbr\u003e","lastModifiedDate":"2023-01-01T16:03:08","isFullCredit":false},{"lineNumber":27,"author":{"gitId":"-"},"content":"   ![Ui](images/Ui.png)","lastModifiedDate":"2020-05-23T01:10:16","isFullCredit":false},{"lineNumber":28,"author":{"gitId":"-"},"content":"","lastModifiedDate":"2020-05-23T01:10:16","isFullCredit":false},{"lineNumber":29,"author":{"gitId":"-"},"content":"1. Type the command in the command box and press Enter to execute it. e.g. typing **`help`** and pressing Enter will open the help window.\u003cbr\u003e","lastModifiedDate":"2020-05-23T01:10:16","isFullCredit":false},{"lineNumber":30,"author":{"gitId":"-"},"content":"   Some example commands you can try:","lastModifiedDate":"2020-05-23T01:10:16","isFullCredit":false},{"lineNumber":31,"author":{"gitId":"-"},"content":"","lastModifiedDate":"2020-05-23T01:10:16","isFullCredit":false},{"lineNumber":32,"author":{"gitId":"-"},"content":"   * `list` : Lists all contacts.","lastModifiedDate":"2023-01-01T16:08:05","isFullCredit":false},{"lineNumber":33,"author":{"gitId":"-"},"content":"","lastModifiedDate":"2020-05-23T01:10:16","isFullCredit":false},{"lineNumber":34,"author":{"gitId":"GCheeYang"},"content":"   * `add n/John Doe p/98765432 e/johnd@example.com a/John street, block 123, #01-01 r/Vendor` : Adds a contact named `John Doe` to the Address Book.","lastModifiedDate":"2025-04-07T12:34:18","isFullCredit":false},{"lineNumber":35,"author":{"gitId":"-"},"content":"","lastModifiedDate":"2020-05-23T01:10:16","isFullCredit":false},{"lineNumber":36,"author":{"gitId":"-"},"content":"   * `delete 3` : Deletes the 3rd contact shown in the current list.","lastModifiedDate":"2023-01-01T16:08:05","isFullCredit":false},{"lineNumber":37,"author":{"gitId":"-"},"content":"","lastModifiedDate":"2020-05-23T01:10:16","isFullCredit":false},{"lineNumber":38,"author":{"gitId":"-"},"content":"   * `clear` : Deletes all contacts.","lastModifiedDate":"2023-01-01T16:08:05","isFullCredit":false},{"lineNumber":39,"author":{"gitId":"-"},"content":"","lastModifiedDate":"2020-05-23T01:10:16","isFullCredit":false},{"lineNumber":40,"author":{"gitId":"-"},"content":"   * `exit` : Exits the app.","lastModifiedDate":"2023-01-01T16:08:05","isFullCredit":false},{"lineNumber":41,"author":{"gitId":"-"},"content":"","lastModifiedDate":"2020-05-23T01:10:16","isFullCredit":false},{"lineNumber":42,"author":{"gitId":"-"},"content":"1. Refer to the [Features](#features) below for details of each command.","lastModifiedDate":"2020-05-23T01:10:16","isFullCredit":false},{"lineNumber":43,"author":{"gitId":"-"},"content":"","lastModifiedDate":"2020-05-23T01:10:16","isFullCredit":false},{"lineNumber":44,"author":{"gitId":"-"},"content":"--------------------------------------------------------------------------------------------------------------------","lastModifiedDate":"2020-05-23T01:10:16","isFullCredit":false},{"lineNumber":45,"author":{"gitId":"-"},"content":"","lastModifiedDate":"2020-05-23T01:10:16","isFullCredit":false},{"lineNumber":46,"author":{"gitId":"-"},"content":"## Features","lastModifiedDate":"2020-05-23T01:10:16","isFullCredit":false},{"lineNumber":47,"author":{"gitId":"-"},"content":"","lastModifiedDate":"2020-05-23T01:10:16","isFullCredit":false},{"lineNumber":48,"author":{"gitId":"-"},"content":"\u003cbox type\u003d\"info\" seamless\u003e","lastModifiedDate":"2023-09-12T01:20:47","isFullCredit":false},{"lineNumber":49,"author":{"gitId":"-"},"content":"","lastModifiedDate":"2020-05-23T01:10:16","isFullCredit":false},{"lineNumber":50,"author":{"gitId":"-"},"content":"**Notes about the command format:**\u003cbr\u003e","lastModifiedDate":"2023-09-12T01:20:47","isFullCredit":false},{"lineNumber":51,"author":{"gitId":"-"},"content":"","lastModifiedDate":"2020-05-23T01:10:16","isFullCredit":false},{"lineNumber":52,"author":{"gitId":"-"},"content":"* Words in `UPPER_CASE` are the parameters to be supplied by the user.\u003cbr\u003e","lastModifiedDate":"2020-05-23T01:10:16","isFullCredit":false},{"lineNumber":53,"author":{"gitId":"-"},"content":"  e.g. in `add n/NAME`, `NAME` is a parameter which can be used as `add n/John Doe`.","lastModifiedDate":"2020-05-23T01:10:16","isFullCredit":false},{"lineNumber":54,"author":{"gitId":"-"},"content":"","lastModifiedDate":"2020-05-23T01:10:16","isFullCredit":false},{"lineNumber":55,"author":{"gitId":"-"},"content":"* Items in square brackets are optional.\u003cbr\u003e","lastModifiedDate":"2020-05-23T01:10:16","isFullCredit":false},{"lineNumber":56,"author":{"gitId":"-"},"content":"  e.g `n/NAME [t/TAG]` can be used as `n/John Doe t/friend` or as `n/John Doe`.","lastModifiedDate":"2020-05-23T01:10:16","isFullCredit":false},{"lineNumber":57,"author":{"gitId":"-"},"content":"","lastModifiedDate":"2020-05-23T01:10:16","isFullCredit":false},{"lineNumber":58,"author":{"gitId":"-"},"content":"* Items with `…`​ after them can be used multiple times including zero times.\u003cbr\u003e","lastModifiedDate":"2020-05-23T01:10:16","isFullCredit":false},{"lineNumber":59,"author":{"gitId":"-"},"content":"  e.g. `[t/TAG]…​` can be used as ` ` (i.e. 0 times), `t/friend`, `t/friend t/family` etc.","lastModifiedDate":"2020-05-23T01:10:16","isFullCredit":false},{"lineNumber":60,"author":{"gitId":"-"},"content":"","lastModifiedDate":"2020-05-23T01:10:16","isFullCredit":false},{"lineNumber":61,"author":{"gitId":"-"},"content":"* Parameters can be in any order.\u003cbr\u003e","lastModifiedDate":"2020-05-23T01:10:16","isFullCredit":false},{"lineNumber":62,"author":{"gitId":"-"},"content":"  e.g. if the command specifies `n/NAME p/PHONE_NUMBER`, `p/PHONE_NUMBER n/NAME` is also acceptable.","lastModifiedDate":"2020-05-23T01:10:16","isFullCredit":false},{"lineNumber":63,"author":{"gitId":"-"},"content":"","lastModifiedDate":"2020-05-23T01:10:16","isFullCredit":false},{"lineNumber":64,"author":{"gitId":"-"},"content":"* Extraneous parameters for commands that do not take in parameters (such as `help`, `list`, `exit` and `clear`) will be ignored.\u003cbr\u003e","lastModifiedDate":"2021-02-03T23:17:00","isFullCredit":false},{"lineNumber":65,"author":{"gitId":"-"},"content":"  e.g. if the command specifies `help 123`, it will be interpreted as `help`.","lastModifiedDate":"2021-02-03T23:17:00","isFullCredit":false},{"lineNumber":66,"author":{"gitId":"-"},"content":"","lastModifiedDate":"2021-02-03T23:17:00","isFullCredit":false},{"lineNumber":67,"author":{"gitId":"-"},"content":"* If you are using a PDF version of this document, be careful when copying and pasting commands that span multiple lines as space characters surrounding line-breaks may be omitted when copied over to the application.","lastModifiedDate":"2023-06-26T21:09:58","isFullCredit":false},{"lineNumber":68,"author":{"gitId":"-"},"content":"\u003c/box\u003e","lastModifiedDate":"2023-09-12T01:20:47","isFullCredit":false},{"lineNumber":69,"author":{"gitId":"-"},"content":"","lastModifiedDate":"2020-05-23T01:10:16","isFullCredit":false},{"lineNumber":70,"author":{"gitId":"-"},"content":"\u003cbox type\u003d\"info\" seamless\u003e","lastModifiedDate":"2025-04-04T00:54:38","isFullCredit":false},{"lineNumber":71,"author":{"gitId":"-"},"content":"","lastModifiedDate":"2025-04-03T17:09:02","isFullCredit":false},{"lineNumber":72,"author":{"gitId":"-"},"content":"**Maximum Number of Contacts:**\u003cbr\u003e","lastModifiedDate":"2025-04-04T00:54:38","isFullCredit":false},{"lineNumber":73,"author":{"gitId":"-"},"content":"The maximum number of contacts that Listify supports is limited to the _Java Integer Max Value_ supported by the system running Listify.","lastModifiedDate":"2025-04-04T00:54:38","isFullCredit":false},{"lineNumber":74,"author":{"gitId":"-"},"content":"\u003c/box\u003e","lastModifiedDate":"2025-04-04T00:54:38","isFullCredit":false},{"lineNumber":75,"author":{"gitId":"-"},"content":"","lastModifiedDate":"2025-04-04T00:54:38","isFullCredit":false},{"lineNumber":76,"author":{"gitId":"-"},"content":"\u003cbox type\u003d\"info\" seamless\u003e","lastModifiedDate":"2025-04-04T00:54:38","isFullCredit":false},{"lineNumber":77,"author":{"gitId":"-"},"content":"","lastModifiedDate":"2025-04-03T17:09:02","isFullCredit":false},{"lineNumber":78,"author":{"gitId":"-"},"content":"**Duplicate Contacts Detection**\u003cbr\u003e","lastModifiedDate":"2025-04-04T00:46:48","isFullCredit":false},{"lineNumber":79,"author":{"gitId":"-"},"content":"The app identifies duplicate contacts by checking if either the **Phone Number**, **Email**, or _both_ are exactly the same.","lastModifiedDate":"2025-04-04T00:54:38","isFullCredit":false},{"lineNumber":80,"author":{"gitId":"-"},"content":"\u003c/box\u003e","lastModifiedDate":"2025-04-04T00:54:38","isFullCredit":false},{"lineNumber":81,"author":{"gitId":"-"},"content":"","lastModifiedDate":"2025-04-04T00:46:48","isFullCredit":false},{"lineNumber":82,"author":{"gitId":"-"},"content":"### Viewing help : `help`","lastModifiedDate":"2020-05-23T01:10:16","isFullCredit":false},{"lineNumber":83,"author":{"gitId":"-"},"content":"","lastModifiedDate":"2020-05-23T01:10:16","isFullCredit":false},{"lineNumber":84,"author":{"gitId":"-"},"content":"Shows a message explaining how to access the help page.","lastModifiedDate":"2025-04-02T22:27:52","isFullCredit":false},{"lineNumber":85,"author":{"gitId":"-"},"content":"","lastModifiedDate":"2020-05-23T01:10:16","isFullCredit":false},{"lineNumber":86,"author":{"gitId":"-"},"content":"![help message](images/helpMessage.png)","lastModifiedDate":"2020-05-23T01:10:16","isFullCredit":false},{"lineNumber":87,"author":{"gitId":"-"},"content":"","lastModifiedDate":"2020-05-23T01:10:16","isFullCredit":false},{"lineNumber":88,"author":{"gitId":"-"},"content":"Format: `help`","lastModifiedDate":"2020-05-23T01:10:16","isFullCredit":false},{"lineNumber":89,"author":{"gitId":"-"},"content":"","lastModifiedDate":"2020-05-23T01:10:16","isFullCredit":false},{"lineNumber":90,"author":{"gitId":"-"},"content":"","lastModifiedDate":"2020-05-23T01:10:16","isFullCredit":false},{"lineNumber":91,"author":{"gitId":"-"},"content":"### Adding a person: `add`","lastModifiedDate":"2020-05-23T01:10:16","isFullCredit":false},{"lineNumber":92,"author":{"gitId":"-"},"content":"","lastModifiedDate":"2020-05-23T01:10:16","isFullCredit":false},{"lineNumber":93,"author":{"gitId":"-"},"content":"Adds a person to the address book.","lastModifiedDate":"2020-05-23T01:10:16","isFullCredit":false},{"lineNumber":94,"author":{"gitId":"-"},"content":"","lastModifiedDate":"2020-05-23T01:10:16","isFullCredit":false},{"lineNumber":95,"author":{"gitId":"-"},"content":"Format: `add n/NAME p/PHONE_NUMBER e/EMAIL a/ADDRESS r/ROLE [t/TAG]…​`","lastModifiedDate":"2025-04-03T11:54:12","isFullCredit":false},{"lineNumber":96,"author":{"gitId":"-"},"content":"\u003cbox type\u003d\"tip\" seamless\u003e","lastModifiedDate":"2023-09-12T01:20:47","isFullCredit":false},{"lineNumber":97,"author":{"gitId":"-"},"content":"","lastModifiedDate":"2023-09-12T01:20:47","isFullCredit":false},{"lineNumber":98,"author":{"gitId":"-"},"content":"**Tip:** A person can have any number of tags (including 0)","lastModifiedDate":"2023-09-12T01:20:47","isFullCredit":false},{"lineNumber":99,"author":{"gitId":"-"},"content":"\u003c/box\u003e","lastModifiedDate":"2023-09-12T01:20:47","isFullCredit":false},{"lineNumber":100,"author":{"gitId":"-"},"content":"","lastModifiedDate":"2020-05-23T01:10:16","isFullCredit":false},{"lineNumber":101,"author":{"gitId":"-"},"content":"Examples:","lastModifiedDate":"2020-05-23T01:10:16","isFullCredit":false},{"lineNumber":102,"author":{"gitId":"-"},"content":"* `add n/John Doe p/98765432 e/johnd@example.com a/John street, block 123, #01-01 r/Vendor`","lastModifiedDate":"2025-04-03T11:54:12","isFullCredit":false},{"lineNumber":103,"author":{"gitId":"-"},"content":"* `add n/Betsy Crowe t/friend e/betsycrowe@example.com a/Newgate Prison p/1234567 r/Software Engineer t/criminal`","lastModifiedDate":"2025-04-03T11:54:12","isFullCredit":false},{"lineNumber":104,"author":{"gitId":"-"},"content":"","lastModifiedDate":"2020-05-23T01:10:16","isFullCredit":false},{"lineNumber":105,"author":{"gitId":"-"},"content":"### Listing all persons : `list`","lastModifiedDate":"2020-05-23T01:10:16","isFullCredit":false},{"lineNumber":106,"author":{"gitId":"-"},"content":"","lastModifiedDate":"2020-05-23T01:10:16","isFullCredit":false},{"lineNumber":107,"author":{"gitId":"-"},"content":"Shows a list of all persons in the address book.","lastModifiedDate":"2020-05-23T01:10:16","isFullCredit":false},{"lineNumber":108,"author":{"gitId":"-"},"content":"","lastModifiedDate":"2020-05-23T01:10:16","isFullCredit":false},{"lineNumber":109,"author":{"gitId":"-"},"content":"Format: `list`","lastModifiedDate":"2020-05-23T01:10:16","isFullCredit":false},{"lineNumber":110,"author":{"gitId":"-"},"content":"","lastModifiedDate":"2020-05-23T01:10:16","isFullCredit":false},{"lineNumber":111,"author":{"gitId":"-"},"content":"### Editing a person : `edit`","lastModifiedDate":"2020-05-23T01:10:16","isFullCredit":false},{"lineNumber":112,"author":{"gitId":"-"},"content":"","lastModifiedDate":"2020-05-23T01:10:16","isFullCredit":false},{"lineNumber":113,"author":{"gitId":"-"},"content":"Edits an existing person in the address book.","lastModifiedDate":"2020-05-23T01:10:16","isFullCredit":false},{"lineNumber":114,"author":{"gitId":"-"},"content":"","lastModifiedDate":"2020-05-23T01:10:16","isFullCredit":false},{"lineNumber":115,"author":{"gitId":"-"},"content":"Format: `edit INDEX [n/NAME] [p/PHONE] [e/EMAIL] [a/ADDRESS] [r/ROLE] [t/TAG]…​`","lastModifiedDate":"2025-04-03T11:54:12","isFullCredit":false},{"lineNumber":116,"author":{"gitId":"-"},"content":"","lastModifiedDate":"2020-05-23T01:10:16","isFullCredit":false},{"lineNumber":117,"author":{"gitId":"-"},"content":"* Edits the person at the specified `INDEX`. The index refers to the index number shown in the displayed person list. The index **must be a positive integer** 1, 2, 3, …​","lastModifiedDate":"2020-05-23T01:10:16","isFullCredit":false},{"lineNumber":118,"author":{"gitId":"-"},"content":"* At least one of the optional fields must be provided.","lastModifiedDate":"2020-05-23T01:10:16","isFullCredit":false},{"lineNumber":119,"author":{"gitId":"-"},"content":"* Existing values will be updated to the input values.","lastModifiedDate":"2020-05-23T01:10:16","isFullCredit":false},{"lineNumber":120,"author":{"gitId":"-"},"content":"* When editing tags, the existing tags of the person will be removed i.e adding of tags is not cumulative.","lastModifiedDate":"2020-05-23T01:10:16","isFullCredit":false},{"lineNumber":121,"author":{"gitId":"-"},"content":"* You can remove all the person’s tags by typing `t/` without","lastModifiedDate":"2020-05-23T01:10:16","isFullCredit":false},{"lineNumber":122,"author":{"gitId":"-"},"content":"    specifying any tags after it.","lastModifiedDate":"2020-05-23T01:10:16","isFullCredit":false},{"lineNumber":123,"author":{"gitId":"-"},"content":"","lastModifiedDate":"2020-05-23T01:10:16","isFullCredit":false},{"lineNumber":124,"author":{"gitId":"-"},"content":"Examples:","lastModifiedDate":"2020-05-23T01:10:16","isFullCredit":false},{"lineNumber":125,"author":{"gitId":"-"},"content":"*  `edit 1 p/91234567 e/johndoe@example.com` Edits the phone number and email address of the 1st person to be `91234567` and `johndoe@example.com` respectively.","lastModifiedDate":"2020-05-23T01:10:16","isFullCredit":false},{"lineNumber":126,"author":{"gitId":"-"},"content":"*  `edit 2 n/Betsy Crower t/` Edits the name of the 2nd person to be `Betsy Crower` and clears all existing tags.","lastModifiedDate":"2020-05-23T01:10:16","isFullCredit":false},{"lineNumber":127,"author":{"gitId":"-"},"content":"","lastModifiedDate":"2020-05-23T01:10:16","isFullCredit":false},{"lineNumber":128,"author":{"gitId":"-"},"content":"### Locating persons by name/phone/tag/role: `find`","lastModifiedDate":"2025-04-03T14:19:35","isFullCredit":false},{"lineNumber":129,"author":{"gitId":"-"},"content":"","lastModifiedDate":"2020-05-23T01:10:16","isFullCredit":false},{"lineNumber":130,"author":{"gitId":"-"},"content":"Finds persons whose name/phone/tag/role contain any of the given keywords.","lastModifiedDate":"2025-04-03T14:19:35","isFullCredit":false},{"lineNumber":131,"author":{"gitId":"-"},"content":"","lastModifiedDate":"2020-05-23T01:10:16","isFullCredit":false},{"lineNumber":132,"author":{"gitId":"-"},"content":"Format: `find PREFIX/KEYWORD [MORE_KEYWORDS]`","lastModifiedDate":"2025-04-03T14:19:35","isFullCredit":false},{"lineNumber":133,"author":{"gitId":"-"},"content":"","lastModifiedDate":"2020-05-23T01:10:16","isFullCredit":false},{"lineNumber":134,"author":{"gitId":"-"},"content":"* The search is case-insensitive. e.g `hans` will match `Hans`","lastModifiedDate":"2020-05-23T01:10:16","isFullCredit":false},{"lineNumber":135,"author":{"gitId":"-"},"content":"* The order of the keywords does not matter. e.g. `Hans Bo` will match `Bo Hans`","lastModifiedDate":"2020-05-23T01:10:16","isFullCredit":false},{"lineNumber":136,"author":{"gitId":"-"},"content":"* The contacts will be searched based on the given prefix to be searched","lastModifiedDate":"2025-04-03T14:19:35","isFullCredit":false},{"lineNumber":137,"author":{"gitId":"-"},"content":"* Only full words will be matched e.g. `Han` will not match `Hans`","lastModifiedDate":"2020-05-23T01:10:16","isFullCredit":false},{"lineNumber":138,"author":{"gitId":"-"},"content":"* Persons matching at least one keyword will be returned (i.e. `OR` search).","lastModifiedDate":"2020-05-23T01:10:16","isFullCredit":false},{"lineNumber":139,"author":{"gitId":"-"},"content":"  e.g. `Hans Bo` will return `Hans Gruber`, `Bo Yang`","lastModifiedDate":"2020-05-23T01:10:16","isFullCredit":false},{"lineNumber":140,"author":{"gitId":"-"},"content":"* find by phone will only allow 1 keyword e.g. find p/98763547","lastModifiedDate":"2025-04-03T14:19:35","isFullCredit":false},{"lineNumber":141,"author":{"gitId":"-"},"content":"","lastModifiedDate":"2020-05-23T01:10:16","isFullCredit":false},{"lineNumber":142,"author":{"gitId":"-"},"content":"Examples:","lastModifiedDate":"2020-05-23T01:10:16","isFullCredit":false},{"lineNumber":143,"author":{"gitId":"-"},"content":"* `find n/John` returns `john` and `John Doe`","lastModifiedDate":"2025-04-03T14:19:35","isFullCredit":false},{"lineNumber":144,"author":{"gitId":"-"},"content":"* `find r/Software` returns `Software` and `Software Engineer`","lastModifiedDate":"2025-04-03T14:19:35","isFullCredit":false},{"lineNumber":145,"author":{"gitId":"-"},"content":"* `find n/alex david` returns `Alex Yeoh`, `David Li`\u003cbr\u003e","lastModifiedDate":"2025-04-03T14:19:35","isFullCredit":false},{"lineNumber":146,"author":{"gitId":"-"},"content":"  ![result for \u0027find alex david\u0027](images/findAlexDavidResult.png)","lastModifiedDate":"2020-05-23T01:10:16","isFullCredit":false},{"lineNumber":147,"author":{"gitId":"-"},"content":"","lastModifiedDate":"2020-05-23T01:10:16","isFullCredit":false},{"lineNumber":148,"author":{"gitId":"-"},"content":"### Deleting a person : `delete`","lastModifiedDate":"2020-05-23T01:10:16","isFullCredit":false},{"lineNumber":149,"author":{"gitId":"-"},"content":"","lastModifiedDate":"2020-05-23T01:10:16","isFullCredit":false},{"lineNumber":150,"author":{"gitId":"-"},"content":"Deletes the specified person from the address book.","lastModifiedDate":"2020-05-23T01:10:16","isFullCredit":false},{"lineNumber":151,"author":{"gitId":"-"},"content":"","lastModifiedDate":"2020-05-23T01:10:16","isFullCredit":false},{"lineNumber":152,"author":{"gitId":"-"},"content":"Format: `delete INDEX`","lastModifiedDate":"2020-05-23T01:10:16","isFullCredit":false},{"lineNumber":153,"author":{"gitId":"-"},"content":"","lastModifiedDate":"2020-05-23T01:10:16","isFullCredit":false},{"lineNumber":154,"author":{"gitId":"-"},"content":"* Deletes the person at the specified `INDEX`.","lastModifiedDate":"2020-05-23T01:10:16","isFullCredit":false},{"lineNumber":155,"author":{"gitId":"-"},"content":"* The index refers to the index number shown in the displayed person list.","lastModifiedDate":"2020-05-23T01:10:16","isFullCredit":false},{"lineNumber":156,"author":{"gitId":"-"},"content":"* The index **must be a positive integer** 1, 2, 3, …​","lastModifiedDate":"2020-05-23T01:10:16","isFullCredit":false},{"lineNumber":157,"author":{"gitId":"-"},"content":"","lastModifiedDate":"2020-05-23T01:10:16","isFullCredit":false},{"lineNumber":158,"author":{"gitId":"-"},"content":"Examples:","lastModifiedDate":"2020-05-23T01:10:16","isFullCredit":false},{"lineNumber":159,"author":{"gitId":"-"},"content":"* `list` followed by `delete 2` deletes the 2nd person in the address book.","lastModifiedDate":"2020-05-23T01:10:16","isFullCredit":false},{"lineNumber":160,"author":{"gitId":"-"},"content":"* `find Betsy` followed by `delete 1` deletes the 1st person in the results of the `find` command.","lastModifiedDate":"2020-05-23T01:10:16","isFullCredit":false},{"lineNumber":161,"author":{"gitId":"-"},"content":"","lastModifiedDate":"2020-05-23T01:10:16","isFullCredit":false},{"lineNumber":162,"author":{"gitId":"-"},"content":"### Deleting multiple people : `deletewithtag`","lastModifiedDate":"2025-04-03T16:37:52","isFullCredit":false},{"lineNumber":163,"author":{"gitId":"-"},"content":"","lastModifiedDate":"2025-04-03T16:37:52","isFullCredit":false},{"lineNumber":164,"author":{"gitId":"-"},"content":"Deletes the all people with a matching tag from the address book.","lastModifiedDate":"2025-04-03T16:37:52","isFullCredit":false},{"lineNumber":165,"author":{"gitId":"-"},"content":"","lastModifiedDate":"2025-04-03T16:37:52","isFullCredit":false},{"lineNumber":166,"author":{"gitId":"-"},"content":"Format: `delete TAGNAME`","lastModifiedDate":"2025-04-03T16:37:52","isFullCredit":false},{"lineNumber":167,"author":{"gitId":"-"},"content":"","lastModifiedDate":"2025-04-03T16:37:52","isFullCredit":false},{"lineNumber":168,"author":{"gitId":"-"},"content":"* Deletes all people with the specified `TAGNAME`.","lastModifiedDate":"2025-04-03T16:37:52","isFullCredit":false},{"lineNumber":169,"author":{"gitId":"-"},"content":"* The tagname refers to a tag a person is associated with, shown in the displayed person list.","lastModifiedDate":"2025-04-03T16:37:52","isFullCredit":false},{"lineNumber":170,"author":{"gitId":"-"},"content":"* The tagname **must be an exact match (case-insensitive) to the tag name of the desired persons(s) to delete**.","lastModifiedDate":"2025-04-03T16:37:52","isFullCredit":false},{"lineNumber":171,"author":{"gitId":"-"},"content":"","lastModifiedDate":"2025-04-03T16:37:52","isFullCredit":false},{"lineNumber":172,"author":{"gitId":"-"},"content":"Examples:","lastModifiedDate":"2025-04-03T16:37:52","isFullCredit":false},{"lineNumber":173,"author":{"gitId":"-"},"content":"* `list` followed by `delete colleagues` deletes everyone with the tag `colleagues` in listify.","lastModifiedDate":"2025-04-03T16:37:52","isFullCredit":false},{"lineNumber":174,"author":{"gitId":"-"},"content":"","lastModifiedDate":"2025-04-03T23:33:44","isFullCredit":false},{"lineNumber":175,"author":{"gitId":"-"},"content":"### Sorting contacts : `sort`","lastModifiedDate":"2025-04-03T22:18:22","isFullCredit":false},{"lineNumber":176,"author":{"gitId":"-"},"content":"","lastModifiedDate":"2025-04-03T22:18:22","isFullCredit":false},{"lineNumber":177,"author":{"gitId":"-"},"content":"Sort the address book in ascending or descending order by name or by phone if there are duplicate names.","lastModifiedDate":"2025-04-03T22:18:22","isFullCredit":false},{"lineNumber":178,"author":{"gitId":"-"},"content":"","lastModifiedDate":"2025-04-03T22:18:22","isFullCredit":false},{"lineNumber":179,"author":{"gitId":"-"},"content":"Format: `sort ORDER`","lastModifiedDate":"2025-04-03T22:18:22","isFullCredit":false},{"lineNumber":180,"author":{"gitId":"-"},"content":"","lastModifiedDate":"2025-04-03T22:18:22","isFullCredit":false},{"lineNumber":181,"author":{"gitId":"-"},"content":"* Sort the list of contacts by name or by phone if there are duplicate names in ascending or descending order.","lastModifiedDate":"2025-04-03T22:18:22","isFullCredit":false},{"lineNumber":182,"author":{"gitId":"-"},"content":"","lastModifiedDate":"2025-04-03T22:18:22","isFullCredit":false},{"lineNumber":183,"author":{"gitId":"-"},"content":"Examples:","lastModifiedDate":"2025-04-03T22:18:22","isFullCredit":false},{"lineNumber":184,"author":{"gitId":"-"},"content":"* `list` followed by `sort asc` sorts the list of contacts by name or by phone if there are duplicate names in ascending order.","lastModifiedDate":"2025-04-03T22:18:22","isFullCredit":false},{"lineNumber":185,"author":{"gitId":"-"},"content":"","lastModifiedDate":"2025-04-03T16:37:52","isFullCredit":false},{"lineNumber":186,"author":{"gitId":"-"},"content":"### Mark person as contacted : `contact`","lastModifiedDate":"2025-04-03T11:54:12","isFullCredit":false},{"lineNumber":187,"author":{"gitId":"-"},"content":"","lastModifiedDate":"2025-04-03T11:54:12","isFullCredit":false},{"lineNumber":188,"author":{"gitId":"-"},"content":"Marks a person as contacted at the current date and time.","lastModifiedDate":"2025-04-03T11:54:12","isFullCredit":false},{"lineNumber":189,"author":{"gitId":"-"},"content":"","lastModifiedDate":"2025-04-03T11:54:12","isFullCredit":false},{"lineNumber":190,"author":{"gitId":"-"},"content":"Format: `contact INDEX`","lastModifiedDate":"2025-04-03T11:54:12","isFullCredit":false},{"lineNumber":191,"author":{"gitId":"-"},"content":"","lastModifiedDate":"2025-04-03T11:54:12","isFullCredit":false},{"lineNumber":192,"author":{"gitId":"-"},"content":"* Marks the person as contacted at the specified `INDEX`.","lastModifiedDate":"2025-04-03T11:54:12","isFullCredit":false},{"lineNumber":193,"author":{"gitId":"-"},"content":"* The index refers to the index number shown in the displayed person list.","lastModifiedDate":"2025-04-03T11:54:12","isFullCredit":false},{"lineNumber":194,"author":{"gitId":"-"},"content":"* The index **must be a positive integer** 1, 2, 3, …​","lastModifiedDate":"2025-04-03T11:54:12","isFullCredit":false},{"lineNumber":195,"author":{"gitId":"-"},"content":"","lastModifiedDate":"2025-04-03T11:54:12","isFullCredit":false},{"lineNumber":196,"author":{"gitId":"-"},"content":"Examples:","lastModifiedDate":"2025-04-03T11:54:12","isFullCredit":false},{"lineNumber":197,"author":{"gitId":"-"},"content":"* `list` followed by `contact 2` changes the status of the 2nd person in the address book to \u0027Last Contacted: \u003cCurrent Date \u0026 Time\u003e\u0027.","lastModifiedDate":"2025-04-03T11:54:12","isFullCredit":false},{"lineNumber":198,"author":{"gitId":"-"},"content":"* `find Betsy` followed by `contact 1` marks the 1st person in the results of the `find` command as contacted at the current date \u0026 time.","lastModifiedDate":"2025-04-03T11:54:12","isFullCredit":false},{"lineNumber":199,"author":{"gitId":"-"},"content":"","lastModifiedDate":"2025-04-03T11:54:12","isFullCredit":false},{"lineNumber":200,"author":{"gitId":"-"},"content":"### Exporting all contacts : `export`","lastModifiedDate":"2025-04-03T22:18:22","isFullCredit":false},{"lineNumber":201,"author":{"gitId":"-"},"content":"","lastModifiedDate":"2025-04-03T11:54:12","isFullCredit":false},{"lineNumber":202,"author":{"gitId":"-"},"content":"Exports all contacts in the app (viewable with the `list` command) into a `vcf` (Vcard) or a proprietary","lastModifiedDate":"2025-04-03T22:18:22","isFullCredit":false},{"lineNumber":203,"author":{"gitId":"-"},"content":"`csv` (Comma Separated Vector) file. `vcf` files can be imported into common contact applications.","lastModifiedDate":"2025-04-03T22:18:22","isFullCredit":false},{"lineNumber":204,"author":{"gitId":"-"},"content":"","lastModifiedDate":"2025-04-03T11:54:12","isFullCredit":false},{"lineNumber":205,"author":{"gitId":"-"},"content":"Format: `export FILENAME`","lastModifiedDate":"2025-04-03T22:18:22","isFullCredit":false},{"lineNumber":206,"author":{"gitId":"-"},"content":"","lastModifiedDate":"2025-04-03T11:54:12","isFullCredit":false},{"lineNumber":207,"author":{"gitId":"-"},"content":"* Filenames must end with `.vcf` or `.csv`, the programme will automatically export them to the respective format","lastModifiedDate":"2025-04-03T22:18:22","isFullCredit":false},{"lineNumber":208,"author":{"gitId":"-"},"content":"* Exported files are created in the programme\u0027s `exports` folder","lastModifiedDate":"2025-04-03T22:18:22","isFullCredit":false},{"lineNumber":209,"author":{"gitId":"-"},"content":"* Tags are NOT exported in the `vcf` format","lastModifiedDate":"2025-04-03T22:18:22","isFullCredit":false},{"lineNumber":210,"author":{"gitId":"-"},"content":"* Last-contacted times are NOT exported","lastModifiedDate":"2025-04-03T22:18:22","isFullCredit":false},{"lineNumber":211,"author":{"gitId":"-"},"content":"","lastModifiedDate":"2025-04-03T11:54:12","isFullCredit":false},{"lineNumber":212,"author":{"gitId":"-"},"content":"Examples:","lastModifiedDate":"2025-04-03T11:54:12","isFullCredit":false},{"lineNumber":213,"author":{"gitId":"-"},"content":"* `export contacts.vcf` exports all contacts to a vcf file at `exports/contacts.vcf`","lastModifiedDate":"2025-04-03T22:18:22","isFullCredit":false},{"lineNumber":214,"author":{"gitId":"-"},"content":"* `export contacts_dump.csv` exports all contacts to a csv file at `exports/contacts_dump.csv`","lastModifiedDate":"2025-04-03T22:18:22","isFullCredit":false},{"lineNumber":215,"author":{"gitId":"-"},"content":"","lastModifiedDate":"2025-04-03T11:54:12","isFullCredit":false},{"lineNumber":216,"author":{"gitId":"-"},"content":"### Importing contacts : `import`","lastModifiedDate":"2025-04-03T14:06:12","isFullCredit":false},{"lineNumber":217,"author":{"gitId":"-"},"content":"","lastModifiedDate":"2025-04-03T14:06:12","isFullCredit":false},{"lineNumber":218,"author":{"gitId":"-"},"content":"Import contacts from CSV or VCF files into the address book.","lastModifiedDate":"2025-04-03T14:06:12","isFullCredit":false},{"lineNumber":219,"author":{"gitId":"-"},"content":"","lastModifiedDate":"2025-04-03T14:06:12","isFullCredit":false},{"lineNumber":220,"author":{"gitId":"-"},"content":"Format: `import FILENAME`","lastModifiedDate":"2025-04-03T14:06:12","isFullCredit":false},{"lineNumber":221,"author":{"gitId":"-"},"content":"","lastModifiedDate":"2025-04-03T14:06:12","isFullCredit":false},{"lineNumber":222,"author":{"gitId":"-"},"content":"* `FILENAME` : The name of the file to import (must end with .csv or .vcf).","lastModifiedDate":"2025-04-03T14:06:12","isFullCredit":false},{"lineNumber":223,"author":{"gitId":"-"},"content":"* The file must be located in the `imports/` directory of the application.","lastModifiedDate":"2025-04-03T14:06:12","isFullCredit":false},{"lineNumber":224,"author":{"gitId":"-"},"content":"","lastModifiedDate":"2025-04-03T14:06:12","isFullCredit":false},{"lineNumber":225,"author":{"gitId":"-"},"content":"Examples:","lastModifiedDate":"2025-04-03T14:06:12","isFullCredit":false},{"lineNumber":226,"author":{"gitId":"-"},"content":"* `import addressbook.csv`: Imports contacts from a CSV named `addressbook.csv`.","lastModifiedDate":"2025-04-03T14:06:12","isFullCredit":false},{"lineNumber":227,"author":{"gitId":"-"},"content":"* `import contacts.vcf`: Imports contacts from a VCF named `contacts.vcf`.","lastModifiedDate":"2025-04-03T14:06:12","isFullCredit":false},{"lineNumber":228,"author":{"gitId":"-"},"content":"","lastModifiedDate":"2025-04-03T14:06:12","isFullCredit":false},{"lineNumber":229,"author":{"gitId":"-"},"content":"#### CSV Format","lastModifiedDate":"2025-04-03T17:29:26","isFullCredit":false},{"lineNumber":230,"author":{"gitId":"-"},"content":"* The first row must be the header: `Name,Phone,Email,Address,Role,Tags`.","lastModifiedDate":"2025-04-03T14:06:12","isFullCredit":false},{"lineNumber":231,"author":{"gitId":"-"},"content":"* Each subsequent row represents one contact.","lastModifiedDate":"2025-04-03T19:45:54","isFullCredit":false},{"lineNumber":232,"author":{"gitId":"-"},"content":"* Tags are optional and can be separated by commas or semicolons.","lastModifiedDate":"2025-04-03T19:45:54","isFullCredit":false},{"lineNumber":233,"author":{"gitId":"-"},"content":"","lastModifiedDate":"2025-04-03T14:06:12","isFullCredit":false},{"lineNumber":234,"author":{"gitId":"-"},"content":"Example:\u003cbr\u003e","lastModifiedDate":"2025-04-03T17:29:26","isFullCredit":false},{"lineNumber":235,"author":{"gitId":"-"},"content":"```","lastModifiedDate":"2025-04-03T17:29:26","isFullCredit":false},{"lineNumber":236,"author":{"gitId":"-"},"content":"Name,Phone,Email,Address,Role,Tags","lastModifiedDate":"2025-04-03T17:29:26","isFullCredit":false},{"lineNumber":237,"author":{"gitId":"-"},"content":"Alice Pauline,94351253,alice@example.com,123 Jurong West Ave 6 #08-111,Organizer,friends;colleagues","lastModifiedDate":"2025-04-03T14:06:12","isFullCredit":false},{"lineNumber":238,"author":{"gitId":"-"},"content":"```","lastModifiedDate":"2025-04-03T17:29:26","isFullCredit":false},{"lineNumber":239,"author":{"gitId":"-"},"content":"","lastModifiedDate":"2025-04-03T14:06:12","isFullCredit":false},{"lineNumber":240,"author":{"gitId":"-"},"content":"#### VCF Format","lastModifiedDate":"2025-04-03T17:29:26","isFullCredit":false},{"lineNumber":241,"author":{"gitId":"-"},"content":"* Must follow standard vCard file format.","lastModifiedDate":"2025-04-03T19:45:54","isFullCredit":false},{"lineNumber":242,"author":{"gitId":"-"},"content":"* Name must be present in a single `FN` field.","lastModifiedDate":"2025-04-03T19:45:54","isFullCredit":false},{"lineNumber":243,"author":{"gitId":"-"},"content":"* There must be one and only one `TEL`, `EMAIL` and `ADDRESS` field.","lastModifiedDate":"2025-04-03T19:45:54","isFullCredit":false},{"lineNumber":244,"author":{"gitId":"-"},"content":"* Role is parsed from the `TITLE` field (defaults to \"Unassigned\" if missing).","lastModifiedDate":"2025-04-03T19:45:54","isFullCredit":false},{"lineNumber":245,"author":{"gitId":"-"},"content":"* All other fields are ignored.","lastModifiedDate":"2025-04-03T19:45:54","isFullCredit":false},{"lineNumber":246,"author":{"gitId":"-"},"content":"","lastModifiedDate":"2025-04-03T14:06:12","isFullCredit":false},{"lineNumber":247,"author":{"gitId":"-"},"content":"Example:","lastModifiedDate":"2025-04-03T14:06:12","isFullCredit":false},{"lineNumber":248,"author":{"gitId":"-"},"content":"```","lastModifiedDate":"2025-04-03T17:29:26","isFullCredit":false},{"lineNumber":249,"author":{"gitId":"-"},"content":"BEGIN:VCARD","lastModifiedDate":"2025-04-03T17:29:26","isFullCredit":false},{"lineNumber":250,"author":{"gitId":"-"},"content":"VERSION:4.0","lastModifiedDate":"2025-04-03T14:06:12","isFullCredit":false},{"lineNumber":251,"author":{"gitId":"-"},"content":"FN:Alice Pauline","lastModifiedDate":"2025-04-03T14:06:12","isFullCredit":false},{"lineNumber":252,"author":{"gitId":"-"},"content":"TEL:98761234","lastModifiedDate":"2025-04-03T14:14:28","isFullCredit":false},{"lineNumber":253,"author":{"gitId":"-"},"content":"EMAIL:alice@example.com","lastModifiedDate":"2025-04-03T14:06:12","isFullCredit":false},{"lineNumber":254,"author":{"gitId":"-"},"content":"ADR:PO Box 123;Suite 456;123 Jurong West Ave 6 #08-111;Singapore;Central;600123;Singapore","lastModifiedDate":"2025-04-03T14:14:28","isFullCredit":false},{"lineNumber":255,"author":{"gitId":"-"},"content":"TITLE:Organizer","lastModifiedDate":"2025-04-03T14:06:12","isFullCredit":false},{"lineNumber":256,"author":{"gitId":"-"},"content":"END:VCARD","lastModifiedDate":"2025-04-03T14:06:12","isFullCredit":false},{"lineNumber":257,"author":{"gitId":"-"},"content":"```","lastModifiedDate":"2025-04-03T17:29:26","isFullCredit":false},{"lineNumber":258,"author":{"gitId":"-"},"content":"","lastModifiedDate":"2025-04-03T11:54:12","isFullCredit":false},{"lineNumber":259,"author":{"gitId":"-"},"content":"### Clearing all entries : `clear`","lastModifiedDate":"2020-05-23T01:10:16","isFullCredit":false},{"lineNumber":260,"author":{"gitId":"-"},"content":"","lastModifiedDate":"2020-05-23T01:10:16","isFullCredit":false},{"lineNumber":261,"author":{"gitId":"-"},"content":"Clears all entries from the address book.","lastModifiedDate":"2020-05-23T01:10:16","isFullCredit":false},{"lineNumber":262,"author":{"gitId":"-"},"content":"","lastModifiedDate":"2020-05-23T01:10:16","isFullCredit":false},{"lineNumber":263,"author":{"gitId":"-"},"content":"Format: `clear`","lastModifiedDate":"2020-05-23T01:10:16","isFullCredit":false},{"lineNumber":264,"author":{"gitId":"-"},"content":"","lastModifiedDate":"2020-05-23T01:10:16","isFullCredit":false},{"lineNumber":265,"author":{"gitId":"-"},"content":"### Exiting the program : `exit`","lastModifiedDate":"2020-05-23T01:10:16","isFullCredit":false},{"lineNumber":266,"author":{"gitId":"-"},"content":"","lastModifiedDate":"2020-05-23T01:10:16","isFullCredit":false},{"lineNumber":267,"author":{"gitId":"-"},"content":"Exits the program.","lastModifiedDate":"2020-05-23T01:10:16","isFullCredit":false},{"lineNumber":268,"author":{"gitId":"-"},"content":"","lastModifiedDate":"2020-05-23T01:10:16","isFullCredit":false},{"lineNumber":269,"author":{"gitId":"-"},"content":"Format: `exit`","lastModifiedDate":"2020-05-23T01:10:16","isFullCredit":false},{"lineNumber":270,"author":{"gitId":"-"},"content":"","lastModifiedDate":"2020-05-23T01:10:16","isFullCredit":false},{"lineNumber":271,"author":{"gitId":"-"},"content":"### Saving the data","lastModifiedDate":"2020-05-23T01:10:16","isFullCredit":false},{"lineNumber":272,"author":{"gitId":"-"},"content":"","lastModifiedDate":"2020-05-23T01:10:16","isFullCredit":false},{"lineNumber":273,"author":{"gitId":"-"},"content":"Listify data are saved in the hard disk automatically after any command that changes the data. There is no need to save manually.","lastModifiedDate":"2025-04-02T22:27:52","isFullCredit":false},{"lineNumber":274,"author":{"gitId":"-"},"content":"","lastModifiedDate":"2020-05-23T01:10:16","isFullCredit":false},{"lineNumber":275,"author":{"gitId":"-"},"content":"### Editing the data file","lastModifiedDate":"2021-02-04T00:18:23","isFullCredit":false},{"lineNumber":276,"author":{"gitId":"-"},"content":"","lastModifiedDate":"2021-02-04T00:18:23","isFullCredit":false},{"lineNumber":277,"author":{"gitId":"-"},"content":"Listify data are saved automatically as a JSON file `[JAR file location]/data/addressbook.json`. Advanced users are welcome to update data directly by editing that data file.","lastModifiedDate":"2025-04-02T22:27:52","isFullCredit":false},{"lineNumber":278,"author":{"gitId":"-"},"content":"","lastModifiedDate":"2021-02-04T00:18:23","isFullCredit":false},{"lineNumber":279,"author":{"gitId":"-"},"content":"\u003cbox type\u003d\"warning\" seamless\u003e","lastModifiedDate":"2023-09-12T01:20:47","isFullCredit":false},{"lineNumber":280,"author":{"gitId":"-"},"content":"","lastModifiedDate":"2023-09-12T01:20:47","isFullCredit":false},{"lineNumber":281,"author":{"gitId":"-"},"content":"**Caution:**","lastModifiedDate":"2023-09-12T01:20:47","isFullCredit":false},{"lineNumber":282,"author":{"gitId":"-"},"content":"If your changes to the data file makes its format invalid, Listify will discard all data and start with an empty data file at the next run.  Hence, it is recommended to take a backup of the file before editing it.\u003cbr\u003e","lastModifiedDate":"2025-04-02T22:27:52","isFullCredit":false},{"lineNumber":283,"author":{"gitId":"-"},"content":"Furthermore, certain edits can cause Listify to behave in unexpected ways (e.g., if a value entered is outside the acceptable range). Therefore, edit the data file only if you are confident that you can update it correctly.","lastModifiedDate":"2025-04-02T22:27:52","isFullCredit":false},{"lineNumber":284,"author":{"gitId":"-"},"content":"\u003c/box\u003e","lastModifiedDate":"2023-09-12T01:20:47","isFullCredit":false},{"lineNumber":285,"author":{"gitId":"-"},"content":"","lastModifiedDate":"2021-02-04T00:18:23","isFullCredit":false},{"lineNumber":286,"author":{"gitId":"-"},"content":"","lastModifiedDate":"2020-05-23T01:10:16","isFullCredit":false},{"lineNumber":287,"author":{"gitId":"-"},"content":"--------------------------------------------------------------------------------------------------------------------","lastModifiedDate":"2020-05-23T01:10:16","isFullCredit":false},{"lineNumber":288,"author":{"gitId":"-"},"content":"","lastModifiedDate":"2020-05-23T01:10:16","isFullCredit":false},{"lineNumber":289,"author":{"gitId":"-"},"content":"## FAQ","lastModifiedDate":"2020-05-23T01:10:16","isFullCredit":false},{"lineNumber":290,"author":{"gitId":"-"},"content":"","lastModifiedDate":"2020-05-23T01:10:16","isFullCredit":false},{"lineNumber":291,"author":{"gitId":"-"},"content":"**Q**: How do I transfer my data to another Computer?\u003cbr\u003e","lastModifiedDate":"2020-05-23T01:10:16","isFullCredit":false},{"lineNumber":292,"author":{"gitId":"-"},"content":"**A**: Install the app in the other computer and overwrite the empty data file it creates with the file that contains the data of your previous AddressBook home folder. ","lastModifiedDate":"2020-05-23T01:10:16","isFullCredit":false},{"lineNumber":293,"author":{"gitId":"-"},"content":"Alternatively, use the export command to export a csv file of all contacts, and use the import command on the destination computer to import contacts from that file (last-contacted times not transferred). ","lastModifiedDate":"2025-04-03T18:31:33","isFullCredit":false},{"lineNumber":294,"author":{"gitId":"-"},"content":"","lastModifiedDate":"2020-05-23T01:10:16","isFullCredit":false},{"lineNumber":295,"author":{"gitId":"-"},"content":"--------------------------------------------------------------------------------------------------------------------","lastModifiedDate":"2020-05-23T01:10:16","isFullCredit":false},{"lineNumber":296,"author":{"gitId":"-"},"content":"","lastModifiedDate":"2020-05-23T01:10:16","isFullCredit":false},{"lineNumber":297,"author":{"gitId":"-"},"content":"## Known issues","lastModifiedDate":"2023-09-08T13:05:01","isFullCredit":false},{"lineNumber":298,"author":{"gitId":"-"},"content":"","lastModifiedDate":"2023-09-08T13:05:01","isFullCredit":false},{"lineNumber":299,"author":{"gitId":"-"},"content":"1. **When using multiple screens**, if you move the application to a secondary screen, and later switch to using only the primary screen, the GUI will open off-screen. The remedy is to delete the `preferences.json` file created by the application before running the application again.","lastModifiedDate":"2023-09-08T13:05:01","isFullCredit":false},{"lineNumber":300,"author":{"gitId":"-"},"content":"2. **If you minimize the Help Window** and then run the `help` command (or use the `Help` menu, or the keyboard shortcut `F1`) again, the original Help Window will remain minimized, and no new Help Window will appear. The remedy is to manually restore the minimized Help Window.","lastModifiedDate":"2024-07-30T23:21:09","isFullCredit":false},{"lineNumber":301,"author":{"gitId":"-"},"content":"3. **When running export command on Windows OS**, if the entered filename already exists in the `exports` directory in a dIfFeReNt CaSe, the contacts will be exported to the existing file with no change to the original filename\u0027s case. This is due to Windows filesystem being case-insensitive. The workaround is to delete the file before exporting again.","lastModifiedDate":"2025-04-03T17:53:01","isFullCredit":false},{"lineNumber":302,"author":{"gitId":"-"},"content":"","lastModifiedDate":"2023-09-08T13:05:01","isFullCredit":false},{"lineNumber":303,"author":{"gitId":"-"},"content":"--------------------------------------------------------------------------------------------------------------------","lastModifiedDate":"2023-09-08T13:05:01","isFullCredit":false},{"lineNumber":304,"author":{"gitId":"-"},"content":"","lastModifiedDate":"2023-09-08T13:05:01","isFullCredit":false},{"lineNumber":305,"author":{"gitId":"-"},"content":"## Command summary","lastModifiedDate":"2020-05-23T01:10:16","isFullCredit":false},{"lineNumber":306,"author":{"gitId":"-"},"content":"","lastModifiedDate":"2020-05-23T01:10:16","isFullCredit":false},{"lineNumber":307,"author":{"gitId":"-"},"content":"Action     | Format, Examples","lastModifiedDate":"2020-05-23T01:10:16","isFullCredit":false},{"lineNumber":308,"author":{"gitId":"-"},"content":"-----------|----------------------------------------------------------------------------------------------------------------------------------------------------------------------","lastModifiedDate":"2023-09-12T01:20:47","isFullCredit":false},{"lineNumber":309,"author":{"gitId":"-"},"content":"**Add**    | `add n/NAME p/PHONE_NUMBER e/EMAIL a/ADDRESS r/ROLE [t/TAG]…​` \u003cbr\u003e e.g., `add n/James Ho p/22224444 e/jamesho@example.com a/123, Clementi Rd, 1234665 r/Software Engineer t/friend t/colleague`","lastModifiedDate":"2025-04-03T11:54:12","isFullCredit":false},{"lineNumber":310,"author":{"gitId":"-"},"content":"**Clear**  | `clear`","lastModifiedDate":"2020-05-23T01:10:16","isFullCredit":false},{"lineNumber":311,"author":{"gitId":"-"},"content":"**Delete** | `delete INDEX`\u003cbr\u003e e.g., `delete 3`","lastModifiedDate":"2020-05-23T01:10:16","isFullCredit":false},{"lineNumber":312,"author":{"gitId":"-"},"content":"**Delete with Tag**   | `deletewithtag TAGNAME` \u003cbr\u003e e.g., `deletewithtag colleague`","lastModifiedDate":"2025-04-04T09:29:57","isFullCredit":false},{"lineNumber":313,"author":{"gitId":"-"},"content":"**Edit**   | `edit INDEX [n/NAME] [p/PHONE_NUMBER] [e/EMAIL] [a/ADDRESS] [r/ROLE] [t/TAG]…​`\u003cbr\u003e e.g.,`edit 2 n/James Lee e/jameslee@example.com`","lastModifiedDate":"2025-04-03T11:54:12","isFullCredit":false},{"lineNumber":314,"author":{"gitId":"-"},"content":"**Find**   | `find PREFIX/KEYWORD [PREFIX/MORE_KEYWORDS]`\u003cbr\u003e e.g., `find n/James n/Matthew`","lastModifiedDate":"2025-04-04T09:29:57","isFullCredit":false},{"lineNumber":315,"author":{"gitId":"-"},"content":"**Sort**   | `sort ORDER`\u003cbr\u003e e.g., `sort asc`","lastModifiedDate":"2025-04-03T22:18:22","isFullCredit":false},{"lineNumber":316,"author":{"gitId":"-"},"content":"**Contact**   | `contact INDEX` \u003cbr\u003e e.g., `contact 2`","lastModifiedDate":"2025-04-03T11:54:12","isFullCredit":false},{"lineNumber":317,"author":{"gitId":"-"},"content":"**Import**   | `import FILENAME` \u003cbr\u003e e.g., `import contacts.vcf`","lastModifiedDate":"2025-04-03T22:02:27","isFullCredit":false},{"lineNumber":318,"author":{"gitId":"-"},"content":"**Export** | `export FILENAME`\u003cbr\u003e e.g., `export contacts.csv` ","lastModifiedDate":"2025-04-03T22:02:27","isFullCredit":false},{"lineNumber":319,"author":{"gitId":"-"},"content":"**List**   | `list`","lastModifiedDate":"2020-05-23T01:10:16","isFullCredit":false},{"lineNumber":320,"author":{"gitId":"-"},"content":"**Help**   | `help`","lastModifiedDate":"2020-05-23T01:10:16","isFullCredit":false}],"authorContributionMap":{"GCheeYang":1,"-":319}}]
