{"authorDailyContributionsMap":{"Parrycys":[],"GCheeYang":[{"date":"2025-04-07T00:00:00","commitResults":[{"hash":"5a6ee37286f4ac4ad8ad94a2be0e005993b7caa7","isMergeCommit":false,"messageTitle":"Update UserGuide.md","messageBody":"","fileTypesAndContributionMap":{"docs":{"insertions":1,"deletions":1}}}]}],"Inquisitivrx":[],"kea-S":[],"sherwinee":[]},"authorFileTypeContributionMap":{"Parrycys":{"docs":0,"functional-code":0,"test-code":0},"GCheeYang":{"docs":1,"functional-code":0,"test-code":0},"Inquisitivrx":{"docs":0,"functional-code":0,"test-code":0},"kea-S":{"docs":0,"functional-code":0,"test-code":0},"sherwinee":{"docs":0,"functional-code":0,"test-code":0}},"authorContributionVariance":{"Parrycys":0.0,"GCheeYang":0.88888884,"Inquisitivrx":0.0,"kea-S":0.0,"sherwinee":0.0},"authorDisplayNameMap":{"Parrycys":"CS2103-F09-3 PARR..HENG","GCheeYang":"CS2103-F09-3 GOH ..YANG","Inquisitivrx":"CS2103-F09-3 GALV..IANG","kea-S":"CS2103-F09-3 KEA ..ANTO","sherwinee":"CS2103-F09-3 SHER..N EE"}}
