{"authorDailyContributionsMap":{"lauhengyi":[],"yuqiannemo":[{"date":"2025-04-06T00:00:00","commitResults":[{"hash":"6f17b41d51cac01f42fd4c6632a46ea28252868a","isMergeCommit":true,"messageTitle":"Merge pull request #232 from wswddl/branch-ApplicantSorting","messageBody":"Light mode for help menu window","fileTypesAndContributionMap":{}},{"hash":"bf5000cb9080df5e1b57afb89059f76e39b6f6ee","isMergeCommit":false,"messageTitle":"Fix delete command help message","messageBody":"","fileTypesAndContributionMap":{"functional-code":{"insertions":2,"deletions":2}}},{"hash":"6d954a28ced3e800fbe88f13a856d486df81754c","isMergeCommit":false,"messageTitle":"Fix help message for update","messageBody":"","fileTypesAndContributionMap":{"functional-code":{"insertions":1,"deletions":1}}},{"hash":"8af9dfe6abf24c47fe6d56b481960f2b3592300a","isMergeCommit":false,"messageTitle":"Fix glossary in DG","messageBody":"","fileTypesAndContributionMap":{"docs":{"insertions":1,"deletions":1}}},{"hash":"4e05ea103b5524fd9feb791dbdeb003fd5bfd420","isMergeCommit":false,"messageTitle":"Add before and after date to UG","messageBody":"","fileTypesAndContributionMap":{"docs":{"insertions":2,"deletions":0}}},{"hash":"cd9240fe2fc84e94aa0928dbecb00c37d6825fe3","isMergeCommit":false,"messageTitle":"Add before and after date to UG as a table","messageBody":"","fileTypesAndContributionMap":{"docs":{"insertions":7,"deletions":2}}}]},{"date":"2025-04-07T00:00:00","commitResults":[{"hash":"dbde1d2b5e7eadc63e9151f10aa6a38f54e22934","isMergeCommit":true,"messageTitle":"Merge pull request #238 from GabriellaGloria/branch-exportFormat","messageBody":"Add invalid file format for export","fileTypesAndContributionMap":{}}]}],"GabriellaGloria":[{"date":"2025-04-07T00:00:00","commitResults":[{"hash":"33fb8bd061062e241a2ba38f00fb97dba4da3ba7","isMergeCommit":false,"messageTitle":"Add invalid file format for export","messageBody":"","fileTypesAndContributionMap":{"functional-code":{"insertions":3,"deletions":1}}},{"hash":"d3c052c218c1635f1856d2f8371b1626186a6fb7","isMergeCommit":false,"messageTitle":"Change export command comment","messageBody":"","fileTypesAndContributionMap":{"functional-code":{"insertions":1,"deletions":1}}}]}],"ernestlsy":[{"date":"2025-04-07T00:00:00","commitResults":[{"hash":"9954f6ec948f011532d77ed006579a4f566e27bc","isMergeCommit":true,"messageTitle":"Merge pull request #234 from wswddl/branch-ApplicantSorting","messageBody":"Block interactions with the main app window until the file chooser dialog is closed","fileTypesAndContributionMap":{}},{"hash":"49f1b168302fb4762b4cc6d33c6e3a52a4b12ebb","isMergeCommit":true,"messageTitle":"Merge pull request #237 from wswddl/branch-UserGuide","messageBody":"Clarify sorting case sensitivity in UG","fileTypesAndContributionMap":{}}]}],"wswddl":[{"date":"2025-04-06T00:00:00","commitResults":[{"hash":"0fb06a94b69ab0c20b2ef6d2fff44e247904c895","isMergeCommit":false,"messageTitle":"Switch help menu window to light mode","messageBody":"","fileTypesAndContributionMap":{"functional-code":{"insertions":5,"deletions":6}}},{"hash":"24c7c094614ba592a765ab70b11a1fa21491410a","isMergeCommit":true,"messageTitle":"Merge branch \u0027master\u0027 into branch-ApplicantSorting","messageBody":"","fileTypesAndContributionMap":{}},{"hash":"646f71cb03ced7074e94885e7f2df322a82d54ef","isMergeCommit":false,"messageTitle":"Don\u0027t allow user to interact with the main app when choosing files","messageBody":"Use main window primary stage for the pop up instead of a new stage.\n","fileTypesAndContributionMap":{"functional-code":{"insertions":7,"deletions":15}}},{"hash":"0a7df80b03a57487c8f1b051b7d314e20953e72a","isMergeCommit":false,"messageTitle":"Small fix","messageBody":"","fileTypesAndContributionMap":{"functional-code":{"insertions":0,"deletions":1}}}]},{"date":"2025-04-07T00:00:00","commitResults":[{"hash":"3efead86d3177a8eb70079764537551f8057193d","isMergeCommit":true,"messageTitle":"Merge branch \u0027master\u0027 into branch-UserGuide","messageBody":"","fileTypesAndContributionMap":{}},{"hash":"cea4991eb8bcb9554c5fa98e48297f1bbf2a375c","isMergeCommit":true,"messageTitle":"Merge pull request #233 from yuqiannemo/yuqian/bug-fix","messageBody":"Fix bugs","fileTypesAndContributionMap":{}},{"hash":"16642fe74eaa434bebe2ac0dffdf920848db12d0","isMergeCommit":false,"messageTitle":"Fix UG examples explanation","messageBody":"","fileTypesAndContributionMap":{"docs":{"insertions":5,"deletions":5}}},{"hash":"2f21931ff92a713c433e3e68a0f2ea14f8959abd","isMergeCommit":false,"messageTitle":"Clarify sorting case sensitivity in UG","messageBody":"","fileTypesAndContributionMap":{"docs":{"insertions":11,"deletions":4}}}]}]},"authorFileTypeContributionMap":{"lauhengyi":{"docs":0,"functional-code":0,"test-code":0},"yuqiannemo":{"docs":8,"functional-code":1,"test-code":0},"GabriellaGloria":{"docs":0,"functional-code":4,"test-code":0},"ernestlsy":{"docs":0,"functional-code":0,"test-code":0},"wswddl":{"docs":12,"functional-code":11,"test-code":0}},"authorContributionVariance":{"lauhengyi":0.0,"yuqiannemo":80.22222,"GabriellaGloria":8.0,"ernestlsy":0.0,"wswddl":206.8889},"authorDisplayNameMap":{"lauhengyi":"CS2103T-W09-1 LAU ..G YI","yuqiannemo":"CS2103T-W09-1 YU Q..QIAN","GabriellaGloria":"CS2103T-W09-1 GABR..ELLA","ernestlsy":"CS2103T-W09-1 ERNE..YING","wswddl":"CS2103T-W09-1 ONG ..HONG"}}
