{"authorDailyContributionsMap":{"bkkuan":[{"date":"2025-04-05T00:00:00","commitResults":[{"hash":"90d165fa9229f9f3c6a16acaee392a9a83596b08","isMergeCommit":false,"messageTitle":"refactor(parser): remove unnecessary ReportCommandParser and simplify logic","messageBody":"","fileTypesAndContributionMap":{"functional-code":{"insertions":1,"deletions":15}}},{"hash":"996a38d4e64af8d33670fa7df2d209c59b6af548","isMergeCommit":true,"messageTitle":"Merge pull request #298 from bkkuan/remove_class","messageBody":"remove unnecessary ReportCommandParser and simplify logic","fileTypesAndContributionMap":{}},{"hash":"4878c4674bf3c3b4fc510a2a18f0fe46ba3621eb","isMergeCommit":false,"messageTitle":"change task status label","messageBody":"","fileTypesAndContributionMap":{"functional-code":{"insertions":1,"deletions":1}}},{"hash":"70c1475d53509b2b2343580c9049bf6a48bd026b","isMergeCommit":true,"messageTitle":"Merge pull request #300 from bkkuan/change_task_status_name","messageBody":"change task status label","fileTypesAndContributionMap":{}},{"hash":"5e32727c5c0970a9929dbbb175f27ce1c68a05df","isMergeCommit":false,"messageTitle":"change default task status label","messageBody":"","fileTypesAndContributionMap":{"functional-code":{"insertions":2,"deletions":2}}},{"hash":"5fa6642a60c5303109bc32eae984998dfae282c5","isMergeCommit":true,"messageTitle":"Merge pull request #302 from bkkuan/change_default_status","messageBody":"change default task status label","fileTypesAndContributionMap":{}}]},{"date":"2025-04-07T00:00:00","commitResults":[{"hash":"a7e0ceeea309bc4604f29709a3079005371037df","isMergeCommit":false,"messageTitle":"feat(report): display no task found message when no tasks exist","messageBody":"","fileTypesAndContributionMap":{"functional-code":{"insertions":6,"deletions":0}}},{"hash":"00b54eb67885691f29b5a1e60c77ec9c355017a8","isMergeCommit":false,"messageTitle":"fix: resolve merge conflict in ReportCommand.java after stash pop","messageBody":"","fileTypesAndContributionMap":{"functional-code":{"insertions":2,"deletions":1}}},{"hash":"e8a27e0eee0376c9231447cf0671472d0cb70637","isMergeCommit":true,"messageTitle":"Merge pull request #308 from bkkuan/report_no_task","messageBody":"display no task found message when no tasks exist for report command","fileTypesAndContributionMap":{}},{"hash":"bb4b4eff3b15dc597ee2278da94bfec9fbdc7be5","isMergeCommit":false,"messageTitle":"docs(developer-guide): standardize naming conventions and update implementation details","messageBody":"","fileTypesAndContributionMap":{"docs":{"insertions":36,"deletions":36}}},{"hash":"5b2840df7709a2f78d16cacba79728671ac02aff","isMergeCommit":true,"messageTitle":"Merge pull request #310 from bkkuan/updating_dg","messageBody":"standardize naming conventions and update implemention details for developer guide","fileTypesAndContributionMap":{}},{"hash":"cf702f414d7c589a890a196e9903143f361ad671","isMergeCommit":true,"messageTitle":"Merge branch \u0027master\u0027 into fix-ped-bugs","messageBody":"","fileTypesAndContributionMap":{}},{"hash":"1f1703aa82b6e147a65f2149d90f1e95db1c19ed","isMergeCommit":true,"messageTitle":"Merge pull request #306 from awc1116/fix-ped-bugs","messageBody":"Resolve PED bugs","fileTypesAndContributionMap":{}},{"hash":"1217174d96bceb8b7236dde4e907fbeb734f4237","isMergeCommit":false,"messageTitle":"update UML diagrams for report command","messageBody":"","fileTypesAndContributionMap":{"docs":{"insertions":25,"deletions":4}}},{"hash":"017ba45cdb6731c3d34c71f894d90ebe37dd99bb","isMergeCommit":true,"messageTitle":"Merge pull request #312 from bkkuan/update_uml_1","messageBody":"update UML diagrams for report command","fileTypesAndContributionMap":{}},{"hash":"2a1145408002ccb3998b46e79de9e85f3413a80e","isMergeCommit":false,"messageTitle":"fix naming conventions and formatting","messageBody":"","fileTypesAndContributionMap":{"docs":{"insertions":1,"deletions":1}}},{"hash":"6c256996edf8951bfacb23dcf7173e2d5821c005","isMergeCommit":false,"messageTitle":"fix naming conventions and formatting","messageBody":"","fileTypesAndContributionMap":{"docs":{"insertions":5,"deletions":14}}},{"hash":"d5c7651e58f04cf350c030cdcd10ba36057dda56","isMergeCommit":true,"messageTitle":"Merge branch \u0027update_dg_2\u0027 of https://github.com/bkkuan/tp into update_dg_2","messageBody":"","fileTypesAndContributionMap":{}},{"hash":"d9f21b67ce234947e77c03e341efe7f09c66b540","isMergeCommit":true,"messageTitle":"Merge pull request #313 from bkkuan/update_dg_2","messageBody":"update naming and formatting information","fileTypesAndContributionMap":{}},{"hash":"4f39b70fcc44b47c1dfd810400631eed6548f55d","isMergeCommit":false,"messageTitle":"update command inputs case-insensitive in User Guide","messageBody":"","fileTypesAndContributionMap":{"docs":{"insertions":2,"deletions":2}}},{"hash":"4aae30da46b0e1a0204b1c76865c10d8801b378e","isMergeCommit":true,"messageTitle":"Merge pull request #314 from bkkuan/update_ug_naming","messageBody":"update all command inputs case-insensitive in User Guide","fileTypesAndContributionMap":{}}]}],"mingshan2705":[],"Jeremiah33-3":[{"date":"2025-04-05T00:00:00","commitResults":[{"hash":"8da8e653205ba097d2dff75e9167b58c8c09e84a","isMergeCommit":true,"messageTitle":"Merge branch \u0027master\u0027 of https://github.com/Jeremiah33-3/tp","messageBody":"","fileTypesAndContributionMap":{}},{"hash":"747dbbcadb8dceebdfc31d1832f853bf76107387","isMergeCommit":false,"messageTitle":"Fix documentation flaws in UG","messageBody":"","fileTypesAndContributionMap":{"docs":{"insertions":3,"deletions":3}}},{"hash":"f76d01356d99e82803259ec9cd11ca338ac2b040","isMergeCommit":false,"messageTitle":"Add method to display task empty user error","messageBody":"","fileTypesAndContributionMap":{"functional-code":{"insertions":12,"deletions":5}}},{"hash":"92feed9f7d4149287c3b70c3d66c46350fd37822","isMergeCommit":false,"messageTitle":"Fix format issue in DG","messageBody":"","fileTypesAndContributionMap":{"docs":{"insertions":2,"deletions":2}}},{"hash":"51ca4080e1767177441b2fb94443301ff29bedf6","isMergeCommit":false,"messageTitle":"Update due date to set in the past for completed tasks","messageBody":"","fileTypesAndContributionMap":{"functional-code":{"insertions":28,"deletions":13}}}]},{"date":"2025-04-06T00:00:00","commitResults":[{"hash":"0a0b621622dd45982683c201bab39f53ad7ea6c9","isMergeCommit":false,"messageTitle":"Update test cases to support past due date","messageBody":"","fileTypesAndContributionMap":{"functional-code":{"insertions":2,"deletions":2},"test-code":{"insertions":31,"deletions":6}}},{"hash":"b421f9f595893c52d45bba86b32f49d9597a01a0","isMergeCommit":false,"messageTitle":"Test class for set due date command","messageBody":"","fileTypesAndContributionMap":{"functional-code":{"insertions":0,"deletions":1},"test-code":{"insertions":8,"deletions":0}}},{"hash":"3d854512be97709a6ec5de14dbe4de4a844ab299","isMergeCommit":false,"messageTitle":"Fix documentation bugs","messageBody":"","fileTypesAndContributionMap":{"docs":{"insertions":2,"deletions":3}}},{"hash":"ad84f6f5b216004ed417e6cb36786111cef7f929","isMergeCommit":false,"messageTitle":"Add glossary terms to DG","messageBody":"","fileTypesAndContributionMap":{"docs":{"insertions":1,"deletions":0}}},{"hash":"2da0af729d1550e01ae0e2bcf7005ecc762beb4f","isMergeCommit":false,"messageTitle":"Fix edit command misleading command format","messageBody":"","fileTypesAndContributionMap":{"functional-code":{"insertions":7,"deletions":7},"docs":{"insertions":1,"deletions":1}}},{"hash":"a4abed49adcf57dfc92b3552493cd2bc04778cc6","isMergeCommit":false,"messageTitle":"Edit UG and DG to avoid ambiguity","messageBody":"","fileTypesAndContributionMap":{"docs":{"insertions":5,"deletions":2}}},{"hash":"a5a1ff7ba5a82b8ae96bc5ee1b31aecb733e5155","isMergeCommit":false,"messageTitle":"Fix formatting issue in the glossary","messageBody":"","fileTypesAndContributionMap":{"docs":{"insertions":12,"deletions":12}}},{"hash":"aa7b168c00567195b826225e92563f830e0521fe","isMergeCommit":true,"messageTitle":"Merge branch \u0027master\u0027 of https://github.com/Jeremiah33-3/tp into fix-ped-bugs","messageBody":"","fileTypesAndContributionMap":{}},{"hash":"c6f8b96a905b9c4e8aa113295f0411a0eec09d0a","isMergeCommit":false,"messageTitle":"Throw error for past due date","messageBody":"","fileTypesAndContributionMap":{"functional-code":{"insertions":1,"deletions":2},"test-code":{"insertions":0,"deletions":30}}}]}],"wilsonsfh":[],"awc1116":[{"date":"2025-04-06T00:00:00","commitResults":[{"hash":"d676843310c87f4a85d90c819e21ae2e503dfc50","isMergeCommit":false,"messageTitle":"Resolve PED bugs","messageBody":"- fix phone number style\n- add command sample error messages\n- check for empty skills and others\n- change skill prefix to skill instead of s/\n- UG known issues missing fields\n- UG and DG naming issues\n- UG and DG inconsistency in using person and member\n- wrong wording in DG UC7\n- add in other class in the uml diagram of person class\n- if more than 1 white space in name, tag, skill, other and task\ndesc, it will be replaced with 1 white space.\n- add in space for DG \"java -jar teamscape.jar(recommended)\"\n- numbering in UC9 and UC10\n- solve user story inconsistencies\n- solve broken links in table of contents\n- for repeated desc for tags, skills, others and tasks for add\ncommand only the first one will be taken\n- tag allow for anything except empty tag same for skill and other\n- added product scope in UG\n","fileTypesAndContributionMap":{"functional-code":{"insertions":58,"deletions":16},"docs":{"insertions":186,"deletions":168},"test-code":{"insertions":20,"deletions":22}}},{"hash":"734297420642e8997d300253a54fdecf277a239a","isMergeCommit":true,"messageTitle":"Merge pull request #303 from Jeremiah33-3/fix-ped-bugs","messageBody":"Fix first batch of PE-D bugs","fileTypesAndContributionMap":{}},{"hash":"e24cfac9b41eab2c57e062473fb4627d47fff9ec","isMergeCommit":true,"messageTitle":"Merge branch \u0027master\u0027 into fix-ped-bugs","messageBody":"","fileTypesAndContributionMap":{}}]}]},"authorFileTypeContributionMap":{"bkkuan":{"docs":36,"functional-code":11,"test-code":0},"mingshan2705":{"docs":0,"functional-code":0,"test-code":0},"Jeremiah33-3":{"docs":9,"functional-code":46,"test-code":9},"wilsonsfh":{"docs":0,"functional-code":0,"test-code":0},"awc1116":{"docs":182,"functional-code":57,"test-code":20}},"authorContributionVariance":{"bkkuan":3497.5557,"mingshan2705":0.0,"Jeremiah33-3":3082.6667,"wilsonsfh":0.0,"awc1116":49088.887},"authorDisplayNameMap":{"bkkuan":"CS2103-F09-4 KUAN..RYAN","mingshan2705":"CS2103-F09-4 TANG..SHAN","Jeremiah33-3":"CS2103-F09-4 WEI ..NYUE","wilsonsfh":"CS2103-F09-4 SOON..LSON","awc1116":"CS2103-F09-4 ANG ..HENG"}}
