{"authorDailyContributionsMap":{"OvOtter":[{"date":"2025-04-05T00:00:00","commitResults":[{"hash":"f3fc6836f5fe659e22cbf61b77783676a7251707","isMergeCommit":false,"messageTitle":"Fix bugs in sort-num after autocorrection","messageBody":"","fileTypesAndContributionMap":{"functional-code":{"insertions":1,"deletions":1}}}]},{"date":"2025-04-07T00:00:00","commitResults":[{"hash":"6db35dfaadbb346ade41a1dc609dabbe4404cc27","isMergeCommit":true,"messageTitle":"Merge pull request #337 from OvOtter/sort-num-bug","messageBody":"Fix bugs in sort-num after autocorrection","fileTypesAndContributionMap":{}}]}],"luna-ortus-cor":[{"date":"2025-04-06T00:00:00","commitResults":[{"hash":"fe7ecbc5b4c4257b48bd15aabcae2ecea2d9a79b","isMergeCommit":false,"messageTitle":"Update valid names and length","messageBody":"","fileTypesAndContributionMap":{"functional-code":{"insertions":3,"deletions":3},"docs":{"insertions":24,"deletions":0},"test-code":{"insertions":10,"deletions":1}}},{"hash":"b8e201fca6d1fe6468be5664404b12cced58f529","isMergeCommit":false,"messageTitle":"Update UserGuide.md","messageBody":"","fileTypesAndContributionMap":{"docs":{"insertions":2,"deletions":2}}},{"hash":"1ef0529f3d10879d72c22e84f82eff4767567514","isMergeCommit":false,"messageTitle":"Update UserGuide.md","messageBody":"","fileTypesAndContributionMap":{"docs":{"insertions":2,"deletions":2}}},{"hash":"8ae6edf6947cc685a0afa368be8bad853ccd11e1","isMergeCommit":true,"messageTitle":"Merge pull request #384 from luna-ortus-cor/branch-update-name-field","messageBody":"Update valid names and length","fileTypesAndContributionMap":{}},{"hash":"7fabd0bf714a7d82a5a863e72dcb83fdaa76f40d","isMergeCommit":false,"messageTitle":"Update edit command for attributes","messageBody":"","fileTypesAndContributionMap":{"functional-code":{"insertions":7,"deletions":10},"docs":{"insertions":5,"deletions":1}}},{"hash":"92ea0c613c67101ab14c58612de199461a90c4d9","isMergeCommit":true,"messageTitle":"Merge pull request #387 from luna-ortus-cor/branch-update-edit-command-error-message","messageBody":"Update edit command for attributes","fileTypesAndContributionMap":{}}]}],"kai824":[{"date":"2025-04-06T00:00:00","commitResults":[{"hash":"7c4d280b9aaf75563be052af8084d613c2e484af","isMergeCommit":false,"messageTitle":"Make command word case insensitive","messageBody":"","fileTypesAndContributionMap":{"functional-code":{"insertions":1,"deletions":1}}},{"hash":"494d469272d730443b103606f5ddc1552ef6ff6f","isMergeCommit":false,"messageTitle":"Rename addressbook.json to talentfolio.json","messageBody":"","fileTypesAndContributionMap":{"functional-code":{"insertions":1,"deletions":1},"docs":{"insertions":3,"deletions":3}}},{"hash":"5b70115d8967cfd40c4fb1fb7cad5e1e174016ef","isMergeCommit":false,"messageTitle":"Fix tests","messageBody":"","fileTypesAndContributionMap":{"test-code":{"insertions":2,"deletions":2}}},{"hash":"f929fe639c92c60de498334b0c90e9321c3c4d49","isMergeCommit":true,"messageTitle":"Merge pull request #383 from kai824/fix-316","messageBody":"Store data in `talentfolio.json` instead","fileTypesAndContributionMap":{}},{"hash":"668147026178a2e6a5fd33b87af4df8984053ddc","isMergeCommit":true,"messageTitle":"Merge pull request #382 from kai824/fix-335","messageBody":"Make command word case insensitive","fileTypesAndContributionMap":{}},{"hash":"1ff6229a73896915c826b752a12749c8bd9e4ca6","isMergeCommit":false,"messageTitle":"Remove mentions of data as \"address book\"","messageBody":"","fileTypesAndContributionMap":{"docs":{"insertions":13,"deletions":10}}},{"hash":"6b066976bd341fa11cf5c44dac20f92c9f2062a4","isMergeCommit":false,"messageTitle":"Add detail that Storage stores site link mapping","messageBody":"","fileTypesAndContributionMap":{"docs":{"insertions":1,"deletions":1}}},{"hash":"5158fa6c4ddb2b1e17f564354525acd70ee57365","isMergeCommit":false,"messageTitle":"Correct grammatical error","messageBody":"","fileTypesAndContributionMap":{"docs":{"insertions":2,"deletions":2}}},{"hash":"343956793046f9b7adece5dcf34a81b7a9c33d9d","isMergeCommit":true,"messageTitle":"Merge pull request #385 from kai824/fix-371","messageBody":"Remove mentions of address book in DG","fileTypesAndContributionMap":{}}]}],"h-b-k-nishi":[{"date":"2025-04-06T00:00:00","commitResults":[{"hash":"0c1199ad8f45cb8debfbee11e50a40630b8f183f","isMergeCommit":false,"messageTitle":"Add an user story about the clear command","messageBody":"","fileTypesAndContributionMap":{"docs":{"insertions":2,"deletions":0}}},{"hash":"8e9352ac793e5eb1aed66d821c0e244d0a32f4aa","isMergeCommit":false,"messageTitle":"Add more missing user stories","messageBody":"","fileTypesAndContributionMap":{"docs":{"insertions":10,"deletions":6}}},{"hash":"b5c0598ce2d93e36aced9b416e9f2b8d400009f2","isMergeCommit":false,"messageTitle":"Rename \u0027address book\u0027","messageBody":"","fileTypesAndContributionMap":{"docs":{"insertions":3,"deletions":3}}},{"hash":"7afa180f9e6c798e7af3c8990c26e4d80fdc79af","isMergeCommit":true,"messageTitle":"Merge pull request #315 from h-b-k-nishi/branch-dg-fix","messageBody":"Fix bugs in DG","fileTypesAndContributionMap":{}}]}],"samuelneo":[{"date":"2025-04-06T00:00:00","commitResults":[{"hash":"43aee15ed08dc0c1c58e85d3c67e00e5d1b0424f","isMergeCommit":false,"messageTitle":"Fix icons","messageBody":"","fileTypesAndContributionMap":{"functional-code":{"insertions":1,"deletions":1}}},{"hash":"29581d7f3b8f8c651d6c0f261b666f31a64e68d2","isMergeCommit":false,"messageTitle":"Fix case aware description and table of contents","messageBody":"","fileTypesAndContributionMap":{"docs":{"insertions":3,"deletions":2}}},{"hash":"ae26dec1034b01834b179e7ed14a65162f866959","isMergeCommit":false,"messageTitle":"Convert UG table of contents to numbered list","messageBody":"","fileTypesAndContributionMap":{"docs":{"insertions":28,"deletions":28}}},{"hash":"4b3bda4841c0af42ebfe2281205125449fccf46d","isMergeCommit":false,"messageTitle":"Add DG table of contents","messageBody":"","fileTypesAndContributionMap":{"docs":{"insertions":26,"deletions":2}}},{"hash":"9ead0de155fad69eb2e6739ec833a883de3dedbc","isMergeCommit":false,"messageTitle":"Make name comparison case-insensitive","messageBody":"","fileTypesAndContributionMap":{"functional-code":{"insertions":2,"deletions":2},"test-code":{"insertions":5,"deletions":2}}},{"hash":"d35cad2465bd05c79f875160080974e43c8186d0","isMergeCommit":true,"messageTitle":"Merge pull request #379 from samuelneo/fix-phone-email-icons","messageBody":"Fix icons","fileTypesAndContributionMap":{}},{"hash":"35b6bb177d7fdc59d96767287200b09e09ff5c74","isMergeCommit":true,"messageTitle":"Merge pull request #381 from samuelneo/make-name-case-insensitive","messageBody":"Make name comparison case-insensitive","fileTypesAndContributionMap":{}},{"hash":"53f7820aaeaa6d30ce43299904003ef686c2c00e","isMergeCommit":true,"messageTitle":"Merge branch \u0027master\u0027 into ug-fix-case-aware-description","messageBody":"","fileTypesAndContributionMap":{}},{"hash":"1b38582036a2fd926692ba894ed2b7a0f9fac08c","isMergeCommit":true,"messageTitle":"Merge pull request #380 from samuelneo/ug-fix-case-aware-description","messageBody":"UG and DG fixes","fileTypesAndContributionMap":{}},{"hash":"19113ba233860538785716840c9b7349a47d5224","isMergeCommit":false,"messageTitle":"Improve formatting","messageBody":"","fileTypesAndContributionMap":{"docs":{"insertions":28,"deletions":21}}},{"hash":"0f53e6e32f248f77a4f79fd93cdea68ca726393a","isMergeCommit":false,"messageTitle":"Fix grammar in user stories","messageBody":"","fileTypesAndContributionMap":{"docs":{"insertions":35,"deletions":35}}},{"hash":"bb6bf0f32c63cf23ed14592257b564b5137b8ebc","isMergeCommit":false,"messageTitle":"Add more line breaks","messageBody":"","fileTypesAndContributionMap":{"docs":{"insertions":32,"deletions":2}}},{"hash":"fe865e94ba9944ca1c29fdbfbb0ec767a56f8705","isMergeCommit":false,"messageTitle":"Add planned enhancements","messageBody":"","fileTypesAndContributionMap":{"docs":{"insertions":21,"deletions":7}}},{"hash":"16fa790aa600368c51913f73272522dbb6d6ee37","isMergeCommit":false,"messageTitle":"Add EOF newline","messageBody":"","fileTypesAndContributionMap":{"docs":{"insertions":1,"deletions":1}}},{"hash":"f96aba75a95dc57454db7c1ffe8ca2775326322d","isMergeCommit":false,"messageTitle":"Add trailing bar to table","messageBody":"","fileTypesAndContributionMap":{"docs":{"insertions":1,"deletions":1}}},{"hash":"b5222c480db4682b4dca99b4dd95f8a61dd352b4","isMergeCommit":false,"messageTitle":"Remove similar user story","messageBody":"","fileTypesAndContributionMap":{"docs":{"insertions":0,"deletions":1}}},{"hash":"aac1ce5cc727096b62cce4421a55f93435d2dbbf","isMergeCommit":false,"messageTitle":"Improve formatting","messageBody":"","fileTypesAndContributionMap":{"docs":{"insertions":1,"deletions":1}}},{"hash":"187bc1ac5970f42ae7f279aa5a7678999505099d","isMergeCommit":true,"messageTitle":"Merge pull request #386 from samuelneo/ug-fix-v1.6","messageBody":"More UG and DG fixes","fileTypesAndContributionMap":{}}]}]},"authorFileTypeContributionMap":{"OvOtter":{"docs":0,"functional-code":1,"test-code":0},"luna-ortus-cor":{"docs":15,"functional-code":10,"test-code":10},"kai824":{"docs":16,"functional-code":2,"test-code":2},"h-b-k-nishi":{"docs":8,"functional-code":0,"test-code":0},"samuelneo":{"docs":142,"functional-code":3,"test-code":5}},"authorContributionVariance":{"OvOtter":0.88888884,"luna-ortus-cor":1152.0,"kai824":410.88892,"h-b-k-nishi":128.0,"samuelneo":18688.89},"authorDisplayNameMap":{"OvOtter":"CS2103T-T10-1 SHEN..IHAN","luna-ortus-cor":"CS2103T-T10-1 RUSS.. HNG","kai824":"CS2103T-T10-1 TAN .. KAI","h-b-k-nishi":"CS2103T-T10-1 NISH..BIKI","samuelneo":"CS2103T-T10-1 NEO ..MUEL"}}
