{"authorDailyContributionsMap":{"hyizhak":[{"date":"2025-04-06T00:00:00","commitResults":[{"hash":"5616520e7d53c2015af6448380f44e4ba2a63cdb","isMergeCommit":false,"messageTitle":"fix: Fix ped bugs related to hide/reveal and order","messageBody":"- Add a model method to check if the person to hide/reveal exists\n- Add a check in hide/reveal parser to ensure keywords only accept letters\n- Align error messages of the order command\n- Add a parsing method to remove leading zeros in order price\n","fileTypesAndContributionMap":{"functional-code":{"insertions":84,"deletions":7},"test-code":{"insertions":51,"deletions":3}}},{"hash":"691da2c7448d2efd331f6e0831822d95ce2bc2e1","isMergeCommit":false,"messageTitle":"test: Add tests for new lines in FinClient, Hide/Reveal Command","messageBody":"","fileTypesAndContributionMap":{"test-code":{"insertions":269,"deletions":1}}},{"hash":"fce22061d1b870e37f9d152e82217c04730605bd","isMergeCommit":false,"messageTitle":"test: Add tests for new lines in ModelManager","messageBody":"","fileTypesAndContributionMap":{"test-code":{"insertions":21,"deletions":0}}},{"hash":"80ac9fb8c929d3fc491a5b440334d22b12e64cb1","isMergeCommit":false,"messageTitle":"test: Add tests for new lines in ParserUtil","messageBody":"","fileTypesAndContributionMap":{"test-code":{"insertions":16,"deletions":0}}},{"hash":"410254fd3d8f7d3f0d0245249190cc4f2c0b940c","isMergeCommit":false,"messageTitle":"fix: Add checks to prevent duplicate parameters in EditCommand","messageBody":"","fileTypesAndContributionMap":{"functional-code":{"insertions":2,"deletions":1}}},{"hash":"20d85e849ae78f06870c251a36503faee6b3873b","isMergeCommit":false,"messageTitle":"test: Add tests for new lines in Hide/Reveal CommandParser","messageBody":"","fileTypesAndContributionMap":{"test-code":{"insertions":30,"deletions":0}}}]}],"ki1r0":[],"RickyHFR":[{"date":"2025-04-06T00:00:00","commitResults":[{"hash":"a9c0462d28381442cc9e5ebe5ab6fd1ec17d63fc","isMergeCommit":true,"messageTitle":"Merge pull request #264 from hyizhak/branch-fix-ped-bug","messageBody":"fix: Fix ped bugs related to hide/reveal and order","fileTypesAndContributionMap":{}}]},{"date":"2025-04-07T00:00:00","commitResults":[{"hash":"b763ae8626be8654a8803353a382f11ce8e03993","isMergeCommit":true,"messageTitle":"Merge pull request #266 from wei-song1/fix-PE-D","messageBody":"Fix PE-D Bugs","fileTypesAndContributionMap":{}}]}],"TanJieHaoAmos":[{"date":"2025-04-05T00:00:00","commitResults":[{"hash":"5178caa4a74da59ee76d9426740ef46758b9f36a","isMergeCommit":false,"messageTitle":"Fix Documentation Bugs","messageBody":"","fileTypesAndContributionMap":{"docs":{"insertions":123,"deletions":116}}},{"hash":"5d38f00c5c1b1967499f20b5719f07ef2435f0d7","isMergeCommit":false,"messageTitle":"Update DeveloperGuide","messageBody":"","fileTypesAndContributionMap":{"docs":{"insertions":12,"deletions":12}}}]}],"wei-song1":[{"date":"2025-04-06T00:00:00","commitResults":[{"hash":"455a337a27908559a40740ce29315c2b6daa1ff1","isMergeCommit":true,"messageTitle":"Merge pull request #263 from TanJieHaoAmos/branch-Fix-PE-D-Bugs","messageBody":"Fix Documentation Bugs from PE-D","fileTypesAndContributionMap":{}}]},{"date":"2025-04-07T00:00:00","commitResults":[{"hash":"00938b3fa6fe50845b6e280f4ac6d304ebcf797f","isMergeCommit":false,"messageTitle":"Fix duplicate contact","messageBody":"","fileTypesAndContributionMap":{"functional-code":{"insertions":2,"deletions":2},"test-code":{"insertions":23,"deletions":6}}},{"hash":"c0ba89ab78f086eb37663419896607be751f76ef","isMergeCommit":false,"messageTitle":"Add rationale why + symbol not allowed in phone number","messageBody":"","fileTypesAndContributionMap":{"docs":{"insertions":17,"deletions":2},"test-code":{"insertions":0,"deletions":4}}},{"hash":"8b45b4cd5debd32864567508bf8808bfe883d35d","isMergeCommit":false,"messageTitle":"Truncate multiple white space in name","messageBody":"","fileTypesAndContributionMap":{"functional-code":{"insertions":3,"deletions":2},"test-code":{"insertions":3,"deletions":0}}},{"hash":"821a32d583cc39ca2d443fa36fd35e1fda832756","isMergeCommit":false,"messageTitle":"Update user guide faq to be more specific for duplicate","messageBody":"","fileTypesAndContributionMap":{"docs":{"insertions":6,"deletions":2}}}]}]},"authorFileTypeContributionMap":{"hyizhak":{"docs":0,"functional-code":86,"test-code":386},"ki1r0":{"docs":0,"functional-code":0,"test-code":0},"RickyHFR":{"docs":0,"functional-code":0,"test-code":0},"TanJieHaoAmos":{"docs":97,"functional-code":0,"test-code":0},"wei-song1":{"docs":21,"functional-code":5,"test-code":25}},"authorContributionVariance":{"hyizhak":52272.22,"ki1r0":0.0,"RickyHFR":0.0,"TanJieHaoAmos":15370.891,"wei-song1":1152.0},"authorDisplayNameMap":{"hyizhak":"CS2103T-T11-4 HAN ..ZHAN","ki1r0":"CS2103T-T11-4 SUN ..IANG","RickyHFR":"CS2103T-T11-4 HUAN..GRUI","TanJieHaoAmos":"CS2103T-T11-4 TAN ..AMOS","wei-song1":"CS2103T-T11-4 LIM ..SONG"}}
